{"textures":{"0":"saigonmc_models:entity/capybara"},"elements":[{"from":[0.9342284,14.333334,9.210733],"to":[1.9342284,18.333334,13.210733],"faces":{"east":{"uv":[6.375,8.125,6.875,8.625],"tintindex":0,"rotation":0,"texture":"#0"},"south":{"uv":[6.5,9.75,6.625,10.25],"tintindex":0,"rotation":0,"texture":"#0"},"north":{"uv":[8.75,9.125,8.875,9.625],"tintindex":0,"rotation":0,"texture":"#0"},"west":{"uv":[9.125,5.5,9.625,6.0],"tintindex":0,"rotation":0,"texture":"#0"},"up":{"uv":[10.0,7.125,9.875,6.625],"tintindex":0,"rotation":0,"texture":"#0"},"down":{"uv":[1.625,10.5,1.5,11.0],"tintindex":0,"rotation":0,"texture":"#0"}},"rotation":{"origin":[8.0,4.76717,12.146822],"angle":-22.5,"axis":"y"}},{"from":[2.0,2.833334,-8.0387535],"to":[14.0,15.833334,8.9612465],"faces":{"east":{"uv":[0.0,2.125,2.125,3.75],"tintindex":0,"rotation":0,"texture":"#0"},"south":{"uv":[7.5,0.0,9.0,1.625],"tintindex":0,"rotation":0,"texture":"#0"},"north":{"uv":[7.0,6.125,8.5,7.75],"tintindex":0,"rotation":0,"texture":"#0"},"west":{"uv":[2.25,2.125,4.375,3.75],"tintindex":0,"rotation":0,"texture":"#0"},"up":{"uv":[6.875,4.125,5.375,2.0],"tintindex":0,"rotation":0,"texture":"#0"},"down":{"uv":[6.875,4.25,5.375,6.375],"tintindex":0,"rotation":0,"texture":"#0"}}},{"from":[14.065771,14.333334,9.210733],"to":[15.065771,18.333334,13.210733],"faces":{"east":{"uv":[11.125,4.5,11.625,5.0],"tintindex":0,"rotation":0,"texture":"#0"},"south":{"uv":[6.25,10.875,6.375,11.375],"tintindex":0,"rotation":0,"texture":"#0"},"north":{"uv":[1.75,10.5,1.875,11.0],"tintindex":0,"rotation":0,"texture":"#0"},"west":{"uv":[3.75,11.25,4.25,11.75],"tintindex":0,"rotation":0,"texture":"#0"},"up":{"uv":[10.375,11.5,10.25,11.0],"tintindex":0,"rotation":0,"texture":"#0"},"down":{"uv":[10.625,11.0,10.5,11.5],"tintindex":0,"rotation":0,"texture":"#0"}},"rotation":{"origin":[8.0,4.76717,12.146822],"angle":22.5,"axis":"y"}}],"display":{"gui":{"rotation":[30,225,0]}}}