{"textures":{"0":"saigonmc_models:entity/capybara"},"elements":[{"from":[4.0,0.5,3.5],"to":[11.0,9.5,12.5],"faces":{"east":{"uv":[10.0,1.75,8.875,2.875],"tintindex":0,"rotation":0,"texture":"#0"},"south":{"uv":[10.0,3.0,9.125,4.125],"tintindex":0,"rotation":0,"texture":"#0"},"north":{"uv":[10.0,3.0,9.125,4.125],"tintindex":0,"rotation":0,"texture":"#0"},"west":{"uv":[10.0,1.75,8.875,2.875],"tintindex":0,"rotation":0,"texture":"#0"},"up":{"uv":[6.75,10.25,7.625,9.125],"tintindex":0,"rotation":0,"texture":"#0"},"down":{"uv":[6.75,10.25,7.625,9.125],"tintindex":0,"rotation":0,"texture":"#0"}}}],"display":{"gui":{"rotation":[30,225,0]}}}