{"textures":{"1":"saigonmc:gui/titles/title_bg","2":"saigonmc:gui/titles/icon_admin_big"},"elements":[{"from":[1.5,0,7.51],"to":[15.5,14,8.5],"rotation":{"angle":0,"axis":"y","origin":[7.5,6.5,0.5]},"faces":{"north":{"uv":[1,1.5,14,14.5],"texture":"#1","tintindex":0},"east":{"uv":[13,1.5,14,14.5],"texture":"#1"},"south":{"uv":[1,1.5,14,14.5],"texture":"#1","tintindex":0},"west":{"uv":[1,1.5,2,14.5],"texture":"#1"},"up":{"uv":[1,1.5,14,2.5],"texture":"#1"},"down":{"uv":[1,13.5,14,14.5],"texture":"#1"}}},{"from":[4,2.5,7.46],"to":[13,11.5,8.51],"rotation":{"angle":0,"axis":"y","origin":[12,10.5,1.51]},"faces":{"north":{"uv":[0,0,16,16],"texture":"#2"},"south":{"uv":[0,0,16,16],"texture":"#2"}}}],"gui_light":"front","display":{"thirdperson_righthand":{"translation":[0,4.5,0.75],"scale":[0.75,0.75,0.75]},"firstperson_righthand":{"rotation":[0,-28.25,0],"translation":[6.75,0,-6.5],"scale":[0.75,0.75,0.75]},"ground":{"translation":[0,4,0],"scale":[0.75,0.75,0.75]},"gui":{"translation":[-0.5,1,0]}}}