{"textures":{"0":"saigonmc_models:entity/cat4"},"elements":[{"from":[6.9500003,4.102094,6.854558],"to":[9.650001,8.802094,9.554558],"faces":{"east":{"uv":[2.0,9.75,2.75,11.0],"tintindex":0,"rotation":0,"texture":"#0"},"south":{"uv":[3.0,9.75,3.75,11.0],"tintindex":0,"rotation":0,"texture":"#0"},"north":{"uv":[1.0,9.75,1.75,11.0],"tintindex":0,"rotation":0,"texture":"#0"},"west":{"uv":[4.0,9.75,4.75,11.0],"tintindex":0,"rotation":0,"texture":"#0"},"up":{"uv":[12.25,8.25,11.5,7.5],"tintindex":0,"rotation":0,"texture":"#0"},"down":{"uv":[12.25,8.5,11.5,9.25],"tintindex":0,"rotation":0,"texture":"#0"}}}],"display":{"gui":{"rotation":[30,225,0]}}}