{"textures":{"0":"saigonmc_models:entity/cat4"},"elements":[{"from":[6.35,4.102094,6.854558],"to":[9.05,8.802094,9.554558],"faces":{"east":{"uv":[4.75,9.75,4.0,11.0],"tintindex":0,"rotation":0,"texture":"#0"},"south":{"uv":[3.75,9.75,3.0,11.0],"tintindex":0,"rotation":0,"texture":"#0"},"north":{"uv":[1.75,9.75,1.0,11.0],"tintindex":0,"rotation":0,"texture":"#0"},"west":{"uv":[2.75,9.75,2.0,11.0],"tintindex":0,"rotation":0,"texture":"#0"},"up":{"uv":[11.5,8.25,12.25,7.5],"tintindex":0,"rotation":0,"texture":"#0"},"down":{"uv":[11.5,8.5,12.25,9.25],"tintindex":0,"rotation":0,"texture":"#0"}}}],"display":{"gui":{"rotation":[30,225,0]}}}