{"textures":{"0":"saigonmc_models:entity/cat4"},"elements":[{"from":[6.5,6.2506,6.2],"to":[9.5,8.2506,9.2],"faces":{"east":{"uv":[10.5,12.5,9.75,13.0],"tintindex":0,"rotation":0,"texture":"#0"},"south":{"uv":[13.25,8.75,12.5,9.25],"tintindex":0,"rotation":0,"texture":"#0"},"north":{"uv":[13.25,8.0,12.5,8.5],"tintindex":0,"rotation":0,"texture":"#0"},"west":{"uv":[9.5,12.5,8.75,13.0],"tintindex":0,"rotation":0,"texture":"#0"},"up":{"uv":[11.5,4.75,12.25,4.0],"tintindex":0,"rotation":0,"texture":"#0"},"down":{"uv":[11.5,5.0,12.25,5.75],"tintindex":0,"rotation":0,"texture":"#0"}}}],"display":{"gui":{"rotation":[30,225,0]}}}