{"textures":{"0":"saigonmc_models:entity/cat4"},"elements":[{"from":[5.5,4.997901,3.582882],"to":[10.5,9.9979,13.582882],"faces":{"east":{"uv":[0.0,0.0,2.5,1.25],"tintindex":0,"rotation":0,"texture":"#0"},"south":{"uv":[1.75,7.25,3.0,8.5],"tintindex":0,"rotation":0,"texture":"#0"},"north":{"uv":[7.0,7.0,8.25,8.25],"tintindex":0,"rotation":0,"texture":"#0"},"west":{"uv":[0.0,1.5,2.5,2.75],"tintindex":0,"rotation":0,"texture":"#0"},"up":{"uv":[4.0,2.5,2.75,0.0],"tintindex":0,"rotation":0,"texture":"#0"},"down":{"uv":[4.0,2.75,2.75,5.25],"tintindex":0,"rotation":0,"texture":"#0"}}}],"display":{"gui":{"rotation":[30,225,0]}}}