{"textures":{"0":"saigonmc_models:entity/cat4"},"elements":[{"from":[5.7457733,7.855626,1.9726596],"to":[11.745773,7.930626,7.972659],"faces":{"east":{"uv":[12.0,3.0,13.5,3.25],"tintindex":0,"rotation":0,"texture":"#0"},"south":{"uv":[12.0,3.5,13.5,3.75],"tintindex":0,"rotation":0,"texture":"#0"},"north":{"uv":[12.0,1.5,13.5,1.75],"tintindex":0,"rotation":0,"texture":"#0"},"west":{"uv":[5.0,12.0,6.5,12.25],"tintindex":0,"rotation":0,"texture":"#0"},"up":{"uv":[7.5,3.25,6.0,1.75],"tintindex":0,"rotation":0,"texture":"#0"},"down":{"uv":[7.5,3.5,6.0,5.0],"tintindex":0,"rotation":0,"texture":"#0"}}},{"from":[5.7457733,4.915347,7.827103],"to":[11.745773,10.915347,7.902103],"faces":{"east":{"uv":[11.25,11.5,11.5,13.0],"tintindex":0,"rotation":0,"texture":"#0"},"south":{"uv":[6.0,0.0,7.5,1.5],"tintindex":0,"rotation":0,"texture":"#0"},"north":{"uv":[1.75,5.5,3.25,7.0],"tintindex":0,"rotation":0,"texture":"#0"},"west":{"uv":[11.75,11.5,12.0,13.0],"tintindex":0,"rotation":0,"texture":"#0"},"up":{"uv":[13.0,6.25,11.5,6.0],"tintindex":0,"rotation":0,"texture":"#0"},"down":{"uv":[13.5,1.0,12.0,1.25],"tintindex":0,"rotation":0,"texture":"#0"}},"rotation":{"origin":[8.0,8.0,8.0],"angle":-22.5,"axis":"x"}}],"display":{"gui":{"rotation":[30,225,0]}}}