{"textures":{"0":"saigonmc_models:entity/cat4"},"elements":[{"from":[4.2542267,7.855626,1.9726596],"to":[10.254227,7.930626,7.972659],"faces":{"east":{"uv":[12.25,0.0,13.75,0.25],"tintindex":0,"rotation":0,"texture":"#0"},"south":{"uv":[12.25,0.5,13.75,0.75],"tintindex":0,"rotation":0,"texture":"#0"},"north":{"uv":[0.0,12.25,1.5,12.5],"tintindex":0,"rotation":0,"texture":"#0"},"west":{"uv":[1.75,12.25,3.25,12.5],"tintindex":0,"rotation":0,"texture":"#0"},"up":{"uv":[5.0,8.5,3.5,7.0],"tintindex":0,"rotation":0,"texture":"#0"},"down":{"uv":[6.75,7.0,5.25,8.5],"tintindex":0,"rotation":0,"texture":"#0"}}},{"from":[4.2542267,4.915347,7.827103],"to":[10.254227,10.915347,7.902103],"faces":{"east":{"uv":[6.75,12.0,7.0,13.5],"tintindex":0,"rotation":0,"texture":"#0"},"south":{"uv":[0.0,6.5,1.5,8.0],"tintindex":0,"rotation":0,"texture":"#0"},"north":{"uv":[6.0,5.25,7.5,6.75],"tintindex":0,"rotation":0,"texture":"#0"},"west":{"uv":[7.25,12.0,7.5,13.5],"tintindex":0,"rotation":0,"texture":"#0"},"up":{"uv":[9.25,12.25,7.75,12.0],"tintindex":0,"rotation":0,"texture":"#0"},"down":{"uv":[11.0,12.0,9.5,12.25],"tintindex":0,"rotation":0,"texture":"#0"}},"rotation":{"origin":[8.0,8.0,8.0],"angle":-22.5,"axis":"x"}}],"display":{"gui":{"rotation":[30,225,0]}}}