{"textures":{"0":"saigonmc_models:entity/cat4"},"elements":[{"from":[6.5,6.3106346,6.6784463],"to":[9.5,8.310635,9.678447],"faces":{"east":{"uv":[12.5,2.0,13.25,2.5],"tintindex":0,"rotation":0,"texture":"#0"},"south":{"uv":[12.5,4.0,13.25,4.5],"tintindex":0,"rotation":0,"texture":"#0"},"north":{"uv":[12.25,11.75,13.0,12.25],"tintindex":0,"rotation":0,"texture":"#0"},"west":{"uv":[4.5,12.5,5.25,13.0],"tintindex":0,"rotation":0,"texture":"#0"},"up":{"uv":[1.75,12.0,1.0,11.25],"tintindex":0,"rotation":0,"texture":"#0"},"down":{"uv":[2.75,11.25,2.0,12.0],"tintindex":0,"rotation":0,"texture":"#0"}}}],"display":{"gui":{"rotation":[30,225,0]}}}