{"textures":{"0":"saigonmc_models:entity/cat4"},"elements":[{"from":[6.9500003,5.5020947,6.945442],"to":[9.650001,9.202095,9.645443],"faces":{"east":{"uv":[10.5,5.25,11.25,6.25],"tintindex":0,"rotation":0,"texture":"#0"},"south":{"uv":[10.5,8.25,11.25,9.25],"tintindex":0,"rotation":0,"texture":"#0"},"north":{"uv":[10.5,4.0,11.25,5.0],"tintindex":0,"rotation":0,"texture":"#0"},"west":{"uv":[10.25,10.75,11.0,11.75],"tintindex":0,"rotation":0,"texture":"#0"},"up":{"uv":[3.75,12.0,3.0,11.25],"tintindex":0,"rotation":0,"texture":"#0"},"down":{"uv":[4.75,11.25,4.0,12.0],"tintindex":0,"rotation":0,"texture":"#0"}}}],"display":{"gui":{"rotation":[30,225,0]}}}