{"textures":{"0":"saigonmc_models:entity/cat4"},"elements":[{"from":[6.35,5.5020947,6.945442],"to":[9.05,9.202095,9.645443],"faces":{"east":{"uv":[0.0,10.0,0.75,11.0],"tintindex":0,"rotation":0,"texture":"#0"},"south":{"uv":[10.25,7.0,11.0,8.0],"tintindex":0,"rotation":0,"texture":"#0"},"north":{"uv":[5.0,9.75,5.75,10.75],"tintindex":0,"rotation":0,"texture":"#0"},"west":{"uv":[10.25,9.5,11.0,10.5],"tintindex":0,"rotation":0,"texture":"#0"},"up":{"uv":[0.75,12.0,0.0,11.25],"tintindex":0,"rotation":0,"texture":"#0"},"down":{"uv":[12.0,0.0,11.25,0.75],"tintindex":0,"rotation":0,"texture":"#0"}}}],"display":{"gui":{"rotation":[30,225,0]}}}