{"textures":{"0":"saigonmc_models:entity/cat4"},"elements":[{"from":[6.5,6.3106346,6.6784463],"to":[9.5,8.310635,9.678447],"faces":{"east":{"uv":[12.25,9.5,13.0,10.0],"tintindex":0,"rotation":0,"texture":"#0"},"south":{"uv":[12.25,10.25,13.0,10.75],"tintindex":0,"rotation":0,"texture":"#0"},"north":{"uv":[12.25,6.5,13.0,7.0],"tintindex":0,"rotation":0,"texture":"#0"},"west":{"uv":[12.25,11.0,13.0,11.5],"tintindex":0,"rotation":0,"texture":"#0"},"up":{"uv":[8.75,11.75,8.0,11.0],"tintindex":0,"rotation":0,"texture":"#0"},"down":{"uv":[9.75,11.0,9.0,11.75],"tintindex":0,"rotation":0,"texture":"#0"}}}],"display":{"gui":{"rotation":[30,225,0]}}}