{"textures":{"0":"saigonmc_models:entity/cat4"},"elements":[{"from":[9.125,8.0288725,3.5142546],"to":[11.075,8.103873,3.5142546],"faces":{"south":{"uv":[13.0,13.0,13.5,13.25],"tintindex":0,"rotation":0,"texture":"#0"},"north":{"uv":[13.0,12.5,13.5,12.75],"tintindex":0,"rotation":0,"texture":"#0"}}},{"from":[9.125999,9.294306,3.512351],"to":[9.125999,10.294306,4.5123515],"faces":{"east":{"uv":[7.75,13.25,8.0,13.5],"tintindex":0,"rotation":0,"texture":"#0"},"west":{"uv":[8.25,13.25,8.5,13.5],"tintindex":0,"rotation":0,"texture":"#0"}},"rotation":{"origin":[10.0505,9.594306,3.9623518],"angle":22.5,"axis":"x"}},{"from":[4.925,8.094306,3.5113516],"to":[4.925,9.094306,4.5613513],"faces":{"east":{"uv":[13.25,12.0,13.5,12.25],"tintindex":0,"rotation":0,"texture":"#0"},"west":{"uv":[12.25,13.25,12.5,13.5],"tintindex":0,"rotation":0,"texture":"#0"}}},{"from":[11.075,8.094306,3.5113516],"to":[11.075,9.094306,4.5613513],"faces":{"east":{"uv":[0.0,13.5,0.25,13.75],"tintindex":0,"rotation":0,"texture":"#0"},"west":{"uv":[0.5,13.5,0.75,13.75],"tintindex":0,"rotation":0,"texture":"#0"}}},{"from":[5.0,5.75,3.75],"to":[11.0,11.75,9.75],"faces":{"east":{"uv":[4.25,0.0,5.75,1.5],"tintindex":0,"rotation":0,"texture":"#0"},"south":{"uv":[4.25,1.75,5.75,3.25],"tintindex":0,"rotation":0,"texture":"#0"},"north":{"uv":[0.0,3.0,1.5,4.5],"tintindex":0,"rotation":0,"texture":"#0"},"west":{"uv":[4.25,3.5,5.75,5.0],"tintindex":0,"rotation":0,"texture":"#0"},"up":{"uv":[1.5,6.25,0.0,4.75],"tintindex":0,"rotation":0,"texture":"#0"},"down":{"uv":[5.75,5.25,4.25,6.75],"tintindex":0,"rotation":0,"texture":"#0"}}},{"from":[8.62723,5.5650196,3.3500004],"to":[14.62723,8.56502,3.3500004],"faces":{"south":{"uv":[10.0,7.5,8.5,8.25],"tintindex":0,"rotation":0,"texture":"#0"},"north":{"uv":[8.5,8.5,7.0,9.25],"tintindex":0,"rotation":0,"texture":"#0"}}},{"from":[4.925,8.0288725,3.5142546],"to":[6.875,8.103873,3.5142546],"faces":{"south":{"uv":[4.0,13.25,4.5,13.5],"tintindex":0,"rotation":0,"texture":"#0"},"north":{"uv":[1.5,13.25,2.0,13.5],"tintindex":0,"rotation":0,"texture":"#0"}}},{"from":[8.298947,4.6673822,3.5500002],"to":[14.298946,7.2673817,3.5500002],"faces":{"south":{"uv":[10.25,2.0,8.75,2.75],"tintindex":0,"rotation":0,"texture":"#0"},"north":{"uv":[2.5,8.75,1.0,9.5],"tintindex":0,"rotation":0,"texture":"#0"}},"rotation":{"origin":[11.248948,6.743742,3.4499998],"angle":-22.5,"axis":"z"}},{"from":[4.9259996,8.020826,3.5027084],"to":[4.9259996,8.120826,4.502708],"faces":{"east":{"uv":[2.75,13.5,3.0,13.75],"tintindex":0,"rotation":0,"texture":"#0"},"west":{"uv":[13.5,4.0,13.75,4.25],"tintindex":0,"rotation":0,"texture":"#0"}}},{"from":[9.125,8.025015,3.4836502],"to":[9.125,8.100015,4.48365],"faces":{"east":{"uv":[8.75,13.25,9.0,13.5],"tintindex":0,"rotation":0,"texture":"#0"},"west":{"uv":[9.25,13.25,9.5,13.5],"tintindex":0,"rotation":0,"texture":"#0"}}},{"from":[6.874,8.094306,3.512351],"to":[6.874,9.094306,4.5123515],"faces":{"east":{"uv":[13.25,11.5,13.5,11.75],"tintindex":0,"rotation":0,"texture":"#0"},"west":{"uv":[11.75,13.25,12.0,13.5],"tintindex":0,"rotation":0,"texture":"#0"}}},{"from":[11.074,8.020826,3.5027084],"to":[11.074,8.120826,4.502708],"faces":{"east":{"uv":[1.0,13.5,1.25,13.75],"tintindex":0,"rotation":0,"texture":"#0"},"west":{"uv":[13.5,2.0,13.75,2.25],"tintindex":0,"rotation":0,"texture":"#0"}}},{"from":[6.875,8.025015,3.4836502],"to":[6.875,8.100015,4.48365],"faces":{"east":{"uv":[2.25,13.5,2.5,13.75],"tintindex":0,"rotation":0,"texture":"#0"},"west":{"uv":[13.5,2.5,13.75,2.75],"tintindex":0,"rotation":0,"texture":"#0"}}},{"from":[6.5,6.25,2.75],"to":[9.5,8.25,3.75],"faces":{"east":{"uv":[4.75,13.25,5.0,13.75],"tintindex":0,"rotation":0,"texture":"#0"},"south":{"uv":[3.5,12.25,4.25,12.75],"tintindex":0,"rotation":0,"texture":"#0"},"north":{"uv":[1.75,4.75,2.5,5.25],"tintindex":0,"rotation":0,"texture":"#0"},"west":{"uv":[5.25,13.25,5.5,13.75],"tintindex":0,"rotation":0,"texture":"#0"},"up":{"uv":[13.25,5.75,12.5,5.5],"tintindex":0,"rotation":0,"texture":"#0"},"down":{"uv":[2.25,12.75,1.5,13.0],"tintindex":0,"rotation":0,"texture":"#0"}}},{"from":[4.925,8.094306,3.512351],"to":[6.875,9.094306,3.512351],"faces":{"south":{"uv":[10.5,6.5,11.0,6.75],"tintindex":0,"rotation":0,"texture":"#0"},"north":{"uv":[9.5,7.0,10.0,7.25],"tintindex":0,"rotation":0,"texture":"#0"}}},{"from":[7.5,8.350041,2.6750002],"to":[8.5,8.350041,3.1750002],"faces":{"up":{"uv":[13.75,5.75,13.5,5.5],"tintindex":0,"rotation":0,"texture":"#0"},"down":{"uv":[13.75,7.0,13.5,7.25],"tintindex":0,"rotation":0,"texture":"#0"}}},{"from":[1.3727708,5.5650196,3.3500004],"to":[7.372771,8.56502,3.3500004],"faces":{"south":{"uv":[8.5,7.5,10.0,8.25],"tintindex":0,"rotation":0,"texture":"#0"},"north":{"uv":[7.0,8.5,8.5,9.25],"tintindex":0,"rotation":0,"texture":"#0"}}},{"from":[9.125,8.094306,3.512351],"to":[11.075,9.094306,3.512351],"faces":{"south":{"uv":[1.0,8.25,1.5,8.5],"tintindex":0,"rotation":0,"texture":"#0"},"north":{"uv":[7.75,6.5,8.25,6.75],"tintindex":0,"rotation":0,"texture":"#0"}}},{"from":[1.7010531,4.6673822,3.5500002],"to":[7.701053,7.2673817,3.5500002],"faces":{"south":{"uv":[8.75,2.0,10.25,2.75],"tintindex":0,"rotation":0,"texture":"#0"},"north":{"uv":[1.0,8.75,2.5,9.5],"tintindex":0,"rotation":0,"texture":"#0"}},"rotation":{"origin":[4.751052,6.743742,3.4499998],"angle":22.5,"axis":"z"}},{"from":[7.5,7.451041,2.6750002],"to":[8.5,8.351041,2.6750002],"faces":{"south":{"uv":[13.5,5.0,13.75,5.25],"tintindex":0,"rotation":0,"texture":"#0"},"north":{"uv":[13.5,5.0,13.75,5.25],"tintindex":0,"rotation":0,"texture":"#0"}}}],"display":{"gui":{"rotation":[30,225,0]}}}