{"textures":{"0":"saigonmc_models:entity/cat4"},"elements":[{"from":[6.65,6.513519,6.6749144],"to":[9.35,9.213519,12.374914],"faces":{"east":{"uv":[7.75,0.0,9.25,0.75],"tintindex":0,"rotation":0,"texture":"#0"},"south":{"uv":[11.0,1.0,11.75,1.75],"tintindex":0,"rotation":0,"texture":"#0"},"north":{"uv":[10.5,2.0,11.25,2.75],"tintindex":0,"rotation":0,"texture":"#0"},"west":{"uv":[7.75,1.0,9.25,1.75],"tintindex":0,"rotation":0,"texture":"#0"},"up":{"uv":[2.5,4.5,1.75,3.0],"tintindex":0,"rotation":0,"texture":"#0"},"down":{"uv":[8.5,2.0,7.75,3.5],"tintindex":0,"rotation":0,"texture":"#0"}}}],"display":{"gui":{"rotation":[30,225,0]}}}