{"textures":{"0":"saigonmc_models:entity/cat4"},"elements":[{"from":[6.5,6.5,7.0000005],"to":[9.5,9.5,13.0],"faces":{"east":{"uv":[7.75,3.75,9.25,4.5],"tintindex":0,"rotation":0,"texture":"#0"},"south":{"uv":[5.0,11.0,5.75,11.75],"tintindex":0,"rotation":0,"texture":"#0"},"north":{"uv":[11.0,3.0,11.75,3.75],"tintindex":0,"rotation":0,"texture":"#0"},"west":{"uv":[7.75,4.75,9.25,5.5],"tintindex":0,"rotation":0,"texture":"#0"},"up":{"uv":[0.75,9.75,0.0,8.25],"tintindex":0,"rotation":0,"texture":"#0"},"down":{"uv":[9.25,5.75,8.5,7.25],"tintindex":0,"rotation":0,"texture":"#0"}}}],"display":{"gui":{"rotation":[30,225,0]}}}