{"textures":{"0":"saigonmc_models:entity/cat4"},"elements":[{"from":[6.5,6.5,7.0],"to":[9.5,9.5,12.000001],"faces":{"east":{"uv":[9.5,1.0,10.75,1.75],"tintindex":0,"rotation":0,"texture":"#0"},"south":{"uv":[7.0,11.0,7.75,11.75],"tintindex":0,"rotation":0,"texture":"#0"},"north":{"uv":[6.0,11.0,6.75,11.75],"tintindex":0,"rotation":0,"texture":"#0"},"west":{"uv":[9.5,3.0,10.75,3.75],"tintindex":0,"rotation":0,"texture":"#0"},"up":{"uv":[10.25,5.25,9.5,4.0],"tintindex":0,"rotation":0,"texture":"#0"},"down":{"uv":[10.25,5.5,9.5,6.75],"tintindex":0,"rotation":0,"texture":"#0"}}}],"display":{"gui":{"rotation":[30,225,0]}}}