{"parent":"minecraft:item/generated","textures":{"layer0":"minecraft:item/bread"},"overrides":[{"predicate":{"custom_model_data":10000},"model":"saigonmc:ia_auto_gen/item_food_banana"},{"predicate":{"custom_model_data":10001},"model":"saigonmc:ia_auto_gen/item_food_banana_gold"},{"predicate":{"custom_model_data":10002},"model":"saigonmc:ia_auto_gen/item_food_beetroot_gold"},{"predicate":{"custom_model_data":10003},"model":"saigonmc:ia_auto_gen/item_food_chilli"},{"predicate":{"custom_model_data":10004},"model":"saigonmc:ia_auto_gen/item_food_chilli_gold"},{"predicate":{"custom_model_data":10005},"model":"saigonmc:ia_auto_gen/item_food_corn"},{"predicate":{"custom_model_data":10006},"model":"saigonmc:ia_auto_gen/item_food_corn_gold"},{"predicate":{"custom_model_data":10007},"model":"saigonmc:ia_auto_gen/item_food_egg_plant"},{"predicate":{"custom_model_data":10008},"model":"saigonmc:ia_auto_gen/item_food_egg_plant_gold"},{"predicate":{"custom_model_data":10009},"model":"saigonmc:ia_auto_gen/item_food_lettuce"},{"predicate":{"custom_model_data":10010},"model":"saigonmc:ia_auto_gen/item_food_lettuce_gold"},{"predicate":{"custom_model_data":10011},"model":"saigonmc:ia_auto_gen/item_food_mango"},{"predicate":{"custom_model_data":10012},"model":"saigonmc:ia_auto_gen/item_food_mango_gold"},{"predicate":{"custom_model_data":10013},"model":"saigonmc:ia_auto_gen/item_food_pineapple"},{"predicate":{"custom_model_data":10014},"model":"saigonmc:ia_auto_gen/item_food_pineapple_gold"},{"predicate":{"custom_model_data":10015},"model":"saigonmc:ia_auto_gen/item_food_potato_gold"},{"predicate":{"custom_model_data":10016},"model":"saigonmc:ia_auto_gen/item_food_wheat_gold"},{"predicate":{"custom_model_data":10017},"model":"saigonmc:ia_auto_gen/item_food_tomato"},{"predicate":{"custom_model_data":10018},"model":"saigonmc:ia_auto_gen/item_food_mace"},{"predicate":{"custom_model_data":10019},"model":"item/bread"}]}