{"overrides":[{"predicate":{"custom_model_data":1},"model":"saigonmc_models:cat3/tail"},{"predicate":{"custom_model_data":2},"model":"saigonmc_models:cat1/back_leg_left"},{"predicate":{"custom_model_data":3},"model":"saigonmc_models:cat4/body"},{"predicate":{"custom_model_data":4},"model":"saigonmc_models:cat4/front_foot_right"},{"predicate":{"custom_model_data":5},"model":"saigonmc_models:cat6/head_eyes_closed"},{"predicate":{"custom_model_data":6},"model":"saigonmc_models:cat3/front_leg_left"},{"predicate":{"custom_model_data":7},"model":"saigonmc_models:cat_fallen/head_eyes_closed"},{"predicate":{"custom_model_data":8},"model":"saigonmc_models:cat1/front_leg_right"},{"predicate":{"custom_model_data":9},"model":"saigonmc_models:cat_fallen/ears"},{"predicate":{"custom_model_data":10},"model":"saigonmc_models:cat2/front_leg_left"},{"predicate":{"custom_model_data":11},"model":"saigonmc_models:cat6/back_foot_right"},{"predicate":{"custom_model_data":12},"model":"saigonmc_models:cat4/back_leg_right"},{"predicate":{"custom_model_data":13},"model":"saigonmc_models:otter/tail"},{"predicate":{"custom_model_data":14},"model":"saigonmc_models:cat3/tail_half"},{"predicate":{"custom_model_data":15},"model":"saigonmc_models:cat5/front_leg_left"},{"predicate":{"custom_model_data":16},"model":"saigonmc_models:cat6/front_foot_right"},{"predicate":{"custom_model_data":17},"model":"saigonmc_models:cat2/body"},{"predicate":{"custom_model_data":18},"model":"saigonmc_models:cat4/front_leg_right"},{"predicate":{"custom_model_data":19},"model":"saigonmc_models:cat1/body"},{"predicate":{"custom_model_data":20},"model":"saigonmc_models:cat1/front_leg_left"},{"predicate":{"custom_model_data":21},"model":"saigonmc_models:cat_fallen/front_foot_right"},{"predicate":{"custom_model_data":22},"model":"saigonmc_models:cat5/tail_half"},{"predicate":{"custom_model_data":23},"model":"saigonmc_models:cat6/front_leg_right"},{"predicate":{"custom_model_data":24},"model":"saigonmc_models:cat4/head_eyes_closed"},{"predicate":{"custom_model_data":25},"model":"saigonmc_models:cat_fallen/head"},{"predicate":{"custom_model_data":26},"model":"saigonmc_models:cat4/tail_end"},{"predicate":{"custom_model_data":27},"model":"saigonmc_models:cat1/tail_half"},{"predicate":{"custom_model_data":28},"model":"saigonmc_models:cat1/tail"},{"predicate":{"custom_model_data":29},"model":"saigonmc_models:cat3/back_leg_left"},{"predicate":{"custom_model_data":30},"model":"saigonmc_models:cat1/ears"},{"predicate":{"custom_model_data":31},"model":"saigonmc_models:cat1/front_foot_right"},{"predicate":{"custom_model_data":32},"model":"saigonmc_models:cat6/ears2"},{"predicate":{"custom_model_data":33},"model":"saigonmc_models:cat5/back_leg_right"},{"predicate":{"custom_model_data":34},"model":"saigonmc_models:cat3/front_leg_right"},{"predicate":{"custom_model_data":35},"model":"saigonmc_models:cat5/body"},{"predicate":{"custom_model_data":36},"model":"saigonmc_models:cat1/back_foot_right"},{"predicate":{"custom_model_data":37},"model":"saigonmc_models:cat3/front_foot_left"},{"predicate":{"custom_model_data":38},"model":"saigonmc_models:cat1/ears2"},{"predicate":{"custom_model_data":39},"model":"saigonmc_models:cat_fallen/back_foot_right"},{"predicate":{"custom_model_data":40},"model":"saigonmc_models:cat2/front_foot_left"},{"predicate":{"custom_model_data":41},"model":"saigonmc_models:cat2/head"},{"predicate":{"custom_model_data":42},"model":"saigonmc_models:cat3/tail_end"},{"predicate":{"custom_model_data":43},"model":"saigonmc_models:cat6/head"},{"predicate":{"custom_model_data":44},"model":"saigonmc_models:cat3/back_foot_left"},{"predicate":{"custom_model_data":45},"model":"saigonmc_models:cat5/front_foot_left"},{"predicate":{"custom_model_data":46},"model":"saigonmc_models:cat2/back_leg_right"},{"predicate":{"custom_model_data":47},"model":"saigonmc_models:cat6/tail_half"},{"predicate":{"custom_model_data":48},"model":"saigonmc_models:cat5/front_leg_right"},{"predicate":{"custom_model_data":49},"model":"saigonmc_models:cat5/front_foot_right"},{"predicate":{"custom_model_data":50},"model":"saigonmc_models:cat3/front_foot_right"},{"predicate":{"custom_model_data":51},"model":"saigonmc_models:cat3/ears2"},{"predicate":{"custom_model_data":52},"model":"saigonmc_models:cat2/back_foot_right"},{"predicate":{"custom_model_data":53},"model":"saigonmc_models:cat6/back_leg_left"},{"predicate":{"custom_model_data":54},"model":"saigonmc_models:cat2/ears2"},{"predicate":{"custom_model_data":55},"model":"saigonmc_models:cat1/front_foot_left"},{"predicate":{"custom_model_data":56},"model":"saigonmc_models:cat5/tail"},{"predicate":{"custom_model_data":57},"model":"saigonmc_models:cat2/front_leg_right"},{"predicate":{"custom_model_data":58},"model":"saigonmc_models:cat_fallen/back_leg_left"},{"predicate":{"custom_model_data":59},"model":"saigonmc_models:cat_fallen/body"},{"predicate":{"custom_model_data":60},"model":"saigonmc_models:otter/back_leg_left"},{"predicate":{"custom_model_data":61},"model":"saigonmc_models:cat_fallen/front_leg_left"},{"predicate":{"custom_model_data":62},"model":"saigonmc_models:cat5/tail_end"},{"predicate":{"custom_model_data":63},"model":"saigonmc_models:cat_fallen/back_foot_left"},{"predicate":{"custom_model_data":64},"model":"saigonmc_models:cat6/back_leg_right"},{"predicate":{"custom_model_data":65},"model":"saigonmc_models:cat1/back_foot_left"},{"predicate":{"custom_model_data":66},"model":"saigonmc_models:cat4/back_foot_right"},{"predicate":{"custom_model_data":67},"model":"saigonmc_models:cat1/tail_end"},{"predicate":{"custom_model_data":68},"model":"saigonmc_models:cat4/tail"},{"predicate":{"custom_model_data":69},"model":"saigonmc_models:cat6/front_leg_left"},{"predicate":{"custom_model_data":70},"model":"saigonmc_models:otter/body"},{"predicate":{"custom_model_data":71},"model":"saigonmc_models:otter/front_leg_right"},{"predicate":{"custom_model_data":72},"model":"saigonmc_models:cat1/head_eyes_closed"},{"predicate":{"custom_model_data":73},"model":"saigonmc_models:cat5/back_foot_left"},{"predicate":{"custom_model_data":74},"model":"saigonmc_models:cat4/back_leg_left"},{"predicate":{"custom_model_data":75},"model":"saigonmc_models:cat4/ear_left2"},{"predicate":{"custom_model_data":76},"model":"saigonmc_models:cat5/back_leg_left"},{"predicate":{"custom_model_data":77},"model":"saigonmc_models:cat4/front_foot_left"},{"predicate":{"custom_model_data":78},"model":"saigonmc_models:cat2/tail_half"},{"predicate":{"custom_model_data":79},"model":"saigonmc_models:cat3/head"},{"predicate":{"custom_model_data":80},"model":"saigonmc_models:cat5/ears"},{"predicate":{"custom_model_data":81},"model":"saigonmc_models:cat2/tail"},{"predicate":{"custom_model_data":82},"model":"saigonmc_models:cat2/front_foot_right"},{"predicate":{"custom_model_data":83},"model":"saigonmc_models:cat6/front_foot_left"},{"predicate":{"custom_model_data":84},"model":"saigonmc_models:cat4/ear_right"},{"predicate":{"custom_model_data":85},"model":"saigonmc_models:cat2/head_eyes_closed"},{"predicate":{"custom_model_data":86},"model":"saigonmc_models:cat5/head"},{"predicate":{"custom_model_data":87},"model":"saigonmc_models:cat2/back_foot_left"},{"predicate":{"custom_model_data":88},"model":"saigonmc_models:otter/head"},{"predicate":{"custom_model_data":89},"model":"saigonmc_models:cat4/ear_right2"},{"predicate":{"custom_model_data":90},"model":"saigonmc_models:cat4/tail_half"},{"predicate":{"custom_model_data":91},"model":"saigonmc_models:cat2/ears"},{"predicate":{"custom_model_data":92},"model":"saigonmc_models:cat5/back_foot_right"},{"predicate":{"custom_model_data":93},"model":"saigonmc_models:cat4/back_foot_left"},{"predicate":{"custom_model_data":94},"model":"saigonmc_models:otter/front_leg_left"},{"predicate":{"custom_model_data":95},"model":"saigonmc_models:cat6/body"},{"predicate":{"custom_model_data":96},"model":"saigonmc_models:cat6/back_foot_left"},{"predicate":{"custom_model_data":97},"model":"saigonmc_models:cat3/back_foot_right"},{"predicate":{"custom_model_data":98},"model":"saigonmc_models:cat6/ears"},{"predicate":{"custom_model_data":99},"model":"saigonmc_models:cat5/ears2"},{"predicate":{"custom_model_data":100},"model":"saigonmc_models:cat_fallen/tail"},{"predicate":{"custom_model_data":101},"model":"saigonmc_models:cat3/body"},{"predicate":{"custom_model_data":102},"model":"saigonmc_models:cat_fallen/back_leg_right"},{"predicate":{"custom_model_data":103},"model":"saigonmc_models:cat4/front_leg_left"},{"predicate":{"custom_model_data":104},"model":"saigonmc_models:cat3/ears"},{"predicate":{"custom_model_data":105},"model":"saigonmc_models:cat6/tail_end"},{"predicate":{"custom_model_data":106},"model":"saigonmc_models:cat_fallen/front_leg_right"},{"predicate":{"custom_model_data":107},"model":"saigonmc_models:cat2/tail_end"},{"predicate":{"custom_model_data":108},"model":"saigonmc_models:cat1/head"},{"predicate":{"custom_model_data":109},"model":"saigonmc_models:cat2/back_leg_left"},{"predicate":{"custom_model_data":110},"model":"saigonmc_models:cat4/ear_left"},{"predicate":{"custom_model_data":111},"model":"saigonmc_models:cat6/tail"},{"predicate":{"custom_model_data":112},"model":"saigonmc_models:cat3/back_leg_right"},{"predicate":{"custom_model_data":113},"model":"saigonmc_models:cat4/head"},{"predicate":{"custom_model_data":114},"model":"saigonmc_models:cat3/head_eyes_closed"},{"predicate":{"custom_model_data":115},"model":"saigonmc_models:otter/back_leg_right"},{"predicate":{"custom_model_data":116},"model":"saigonmc_models:cat1/back_leg_right"},{"predicate":{"custom_model_data":117},"model":"saigonmc_models:cat5/head_eyes_closed"},{"predicate":{"custom_model_data":118},"model":"saigonmc_models:cat_fallen/front_foot_left"},{"predicate":{"custom_model_data":119},"model":"saigonmc_models:cat_fallen/ears2"},{"predicate":{"custom_model_data":120},"model":"saigonmc_models:cat_fallen/tail_half"},{"predicate":{"custom_model_data":121},"model":"saigonmc_models:cat_fallen/tail_end"},{"predicate":{"custom_model_data":122},"model":"saigonmc_models:cat_ball/body"},{"predicate":{"custom_model_data":123},"model":"saigonmc_models:cat_ball/thread"},{"predicate":{"custom_model_data":124},"model":"saigonmc_models:cat_ball/thread_end"},{"predicate":{"custom_model_data":125},"model":"saigonmc_models:capybara/upper_body"},{"predicate":{"custom_model_data":126},"model":"saigonmc_models:capybara/left_leg"},{"predicate":{"custom_model_data":127},"model":"saigonmc_models:capybara/right_leg"},{"predicate":{"custom_model_data":128},"model":"saigonmc_models:capybara/head"},{"predicate":{"custom_model_data":129},"model":"saigonmc_models:capybara/right_arm"},{"predicate":{"custom_model_data":130},"model":"saigonmc_models:capybara/left_arm"},{"predicate":{"custom_model_data":131},"model":"saigonmc_models:capybara/left_ankle"},{"predicate":{"custom_model_data":132},"model":"saigonmc_models:capybara/right_ankle"},{"predicate":{"custom_model_data":133},"model":"saigonmc_models:capybara/right_wrist"},{"predicate":{"custom_model_data":134},"model":"saigonmc_models:capybara/left_wrist"},{"predicate":{"custom_model_data":135},"model":"saigonmc_models:phantom_ender/upper_body"},{"predicate":{"custom_model_data":136},"model":"saigonmc_models:phantom_ender/tail"},{"predicate":{"custom_model_data":137},"model":"saigonmc_models:phantom_ender/head"},{"predicate":{"custom_model_data":138},"model":"saigonmc_models:phantom_ender/right_wing"},{"predicate":{"custom_model_data":139},"model":"saigonmc_models:phantom_ender/left_wing"},{"predicate":{"custom_model_data":140},"model":"saigonmc_models:phantom_ender/tail_mid"},{"predicate":{"custom_model_data":141},"model":"saigonmc_models:phantom_ender/right_wing_end"},{"predicate":{"custom_model_data":142},"model":"saigonmc_models:phantom_ender/left_wing_end"},{"predicate":{"custom_model_data":143},"model":"saigonmc_models:phantom_ender/tail_end"},{"predicate":{"custom_model_data":144},"model":"saigonmc_models:phantom_ghost/upper_body"},{"predicate":{"custom_model_data":145},"model":"saigonmc_models:phantom_ghost/tail"},{"predicate":{"custom_model_data":146},"model":"saigonmc_models:phantom_ghost/head"},{"predicate":{"custom_model_data":147},"model":"saigonmc_models:phantom_ghost/right_wing"},{"predicate":{"custom_model_data":148},"model":"saigonmc_models:phantom_ghost/left_wing"},{"predicate":{"custom_model_data":149},"model":"saigonmc_models:phantom_ghost/tail_mid"},{"predicate":{"custom_model_data":150},"model":"saigonmc_models:phantom_ghost/right_wing_end"},{"predicate":{"custom_model_data":151},"model":"saigonmc_models:phantom_ghost/left_wing_end"},{"predicate":{"custom_model_data":152},"model":"saigonmc_models:phantom_ghost/tail_end"},{"predicate":{"custom_model_data":153},"model":"saigonmc_models:kitsune_demonic/upper_body"},{"predicate":{"custom_model_data":154},"model":"saigonmc_models:kitsune_demonic/left_thigh"},{"predicate":{"custom_model_data":155},"model":"saigonmc_models:kitsune_demonic/right_thigh"},{"predicate":{"custom_model_data":156},"model":"saigonmc_models:kitsune_demonic/chest"},{"predicate":{"custom_model_data":157},"model":"saigonmc_models:kitsune_demonic/tail_right"},{"predicate":{"custom_model_data":158},"model":"saigonmc_models:kitsune_demonic/tail_mid"},{"predicate":{"custom_model_data":159},"model":"saigonmc_models:kitsune_demonic/tail_last_right"},{"predicate":{"custom_model_data":160},"model":"saigonmc_models:kitsune_demonic/tail_last_left"},{"predicate":{"custom_model_data":161},"model":"saigonmc_models:kitsune_demonic/tail_left"},{"predicate":{"custom_model_data":162},"model":"saigonmc_models:kitsune_demonic/left_leg"},{"predicate":{"custom_model_data":163},"model":"saigonmc_models:kitsune_demonic/right_leg"},{"predicate":{"custom_model_data":164},"model":"saigonmc_models:kitsune_demonic/right_arm"},{"predicate":{"custom_model_data":165},"model":"saigonmc_models:kitsune_demonic/left_arm"},{"predicate":{"custom_model_data":166},"model":"saigonmc_models:kitsune_demonic/neck"},{"predicate":{"custom_model_data":167},"model":"saigonmc_models:kitsune_demonic/tail_right_mid"},{"predicate":{"custom_model_data":168},"model":"saigonmc_models:kitsune_demonic/tail_mid_mid"},{"predicate":{"custom_model_data":169},"model":"saigonmc_models:kitsune_demonic/tail_last_right_mid"},{"predicate":{"custom_model_data":170},"model":"saigonmc_models:kitsune_demonic/tail_last_left_mid"},{"predicate":{"custom_model_data":171},"model":"saigonmc_models:kitsune_demonic/tail_left_mid"},{"predicate":{"custom_model_data":172},"model":"saigonmc_models:kitsune_demonic/left_ankle"},{"predicate":{"custom_model_data":173},"model":"saigonmc_models:kitsune_demonic/right_ankle"},{"predicate":{"custom_model_data":174},"model":"saigonmc_models:kitsune_demonic/right_wrist"},{"predicate":{"custom_model_data":175},"model":"saigonmc_models:kitsune_demonic/left_wrist"},{"predicate":{"custom_model_data":176},"model":"saigonmc_models:kitsune_demonic/head"},{"predicate":{"custom_model_data":177},"model":"saigonmc_models:kitsune_demonic/tail_right_end"},{"predicate":{"custom_model_data":178},"model":"saigonmc_models:kitsune_demonic/tail_mid_end"},{"predicate":{"custom_model_data":179},"model":"saigonmc_models:kitsune_demonic/tail_last_right_end"},{"predicate":{"custom_model_data":180},"model":"saigonmc_models:kitsune_demonic/tail_last_left_end"},{"predicate":{"custom_model_data":181},"model":"saigonmc_models:kitsune_demonic/tail_left_end"},{"predicate":{"custom_model_data":182},"model":"saigonmc_models:kitsune_demonic/left_foot"},{"predicate":{"custom_model_data":183},"model":"saigonmc_models:kitsune_demonic/right_foot"},{"predicate":{"custom_model_data":184},"model":"saigonmc_models:kitsune_demonic/right_hand"},{"predicate":{"custom_model_data":185},"model":"saigonmc_models:kitsune_demonic/left_hand"},{"predicate":{"custom_model_data":186},"model":"saigonmc_models:kitsune_inferno/upper_body"},{"predicate":{"custom_model_data":187},"model":"saigonmc_models:kitsune_inferno/left_thigh"},{"predicate":{"custom_model_data":188},"model":"saigonmc_models:kitsune_inferno/right_thigh"},{"predicate":{"custom_model_data":189},"model":"saigonmc_models:kitsune_inferno/chest"},{"predicate":{"custom_model_data":190},"model":"saigonmc_models:kitsune_inferno/tail_right"},{"predicate":{"custom_model_data":191},"model":"saigonmc_models:kitsune_inferno/tail_mid"},{"predicate":{"custom_model_data":192},"model":"saigonmc_models:kitsune_inferno/tail_last_right"},{"predicate":{"custom_model_data":193},"model":"saigonmc_models:kitsune_inferno/tail_last_left"},{"predicate":{"custom_model_data":194},"model":"saigonmc_models:kitsune_inferno/tail_left"},{"predicate":{"custom_model_data":195},"model":"saigonmc_models:kitsune_inferno/left_leg"},{"predicate":{"custom_model_data":196},"model":"saigonmc_models:kitsune_inferno/right_leg"},{"predicate":{"custom_model_data":197},"model":"saigonmc_models:kitsune_inferno/right_arm"},{"predicate":{"custom_model_data":198},"model":"saigonmc_models:kitsune_inferno/left_arm"},{"predicate":{"custom_model_data":199},"model":"saigonmc_models:kitsune_inferno/neck"},{"predicate":{"custom_model_data":200},"model":"saigonmc_models:kitsune_inferno/tail_right_mid"},{"predicate":{"custom_model_data":201},"model":"saigonmc_models:kitsune_inferno/tail_mid_mid"},{"predicate":{"custom_model_data":202},"model":"saigonmc_models:kitsune_inferno/tail_last_right_mid"},{"predicate":{"custom_model_data":203},"model":"saigonmc_models:kitsune_inferno/tail_last_left_mid"},{"predicate":{"custom_model_data":204},"model":"saigonmc_models:kitsune_inferno/tail_left_mid"},{"predicate":{"custom_model_data":205},"model":"saigonmc_models:kitsune_inferno/left_ankle"},{"predicate":{"custom_model_data":206},"model":"saigonmc_models:kitsune_inferno/right_ankle"},{"predicate":{"custom_model_data":207},"model":"saigonmc_models:kitsune_inferno/right_wrist"},{"predicate":{"custom_model_data":208},"model":"saigonmc_models:kitsune_inferno/left_wrist"},{"predicate":{"custom_model_data":209},"model":"saigonmc_models:kitsune_inferno/head"},{"predicate":{"custom_model_data":210},"model":"saigonmc_models:kitsune_inferno/tail_right_end"},{"predicate":{"custom_model_data":211},"model":"saigonmc_models:kitsune_inferno/tail_mid_end"},{"predicate":{"custom_model_data":212},"model":"saigonmc_models:kitsune_inferno/tail_last_right_end"},{"predicate":{"custom_model_data":213},"model":"saigonmc_models:kitsune_inferno/tail_last_left_end"},{"predicate":{"custom_model_data":214},"model":"saigonmc_models:kitsune_inferno/tail_left_end"},{"predicate":{"custom_model_data":215},"model":"saigonmc_models:kitsune_inferno/left_foot"},{"predicate":{"custom_model_data":216},"model":"saigonmc_models:kitsune_inferno/right_foot"},{"predicate":{"custom_model_data":217},"model":"saigonmc_models:kitsune_inferno/right_hand"},{"predicate":{"custom_model_data":218},"model":"saigonmc_models:kitsune_inferno/left_hand"},{"predicate":{"custom_model_data":219},"model":"saigonmc_models:kitsune_normal/upper_body"},{"predicate":{"custom_model_data":220},"model":"saigonmc_models:kitsune_normal/left_thigh"},{"predicate":{"custom_model_data":221},"model":"saigonmc_models:kitsune_normal/right_thigh"},{"predicate":{"custom_model_data":222},"model":"saigonmc_models:kitsune_normal/chest"},{"predicate":{"custom_model_data":223},"model":"saigonmc_models:kitsune_normal/tail_right"},{"predicate":{"custom_model_data":224},"model":"saigonmc_models:kitsune_normal/tail_mid"},{"predicate":{"custom_model_data":225},"model":"saigonmc_models:kitsune_normal/tail_last_right"},{"predicate":{"custom_model_data":226},"model":"saigonmc_models:kitsune_normal/tail_last_left"},{"predicate":{"custom_model_data":227},"model":"saigonmc_models:kitsune_normal/tail_left"},{"predicate":{"custom_model_data":228},"model":"saigonmc_models:kitsune_normal/left_leg"},{"predicate":{"custom_model_data":229},"model":"saigonmc_models:kitsune_normal/right_leg"},{"predicate":{"custom_model_data":230},"model":"saigonmc_models:kitsune_normal/right_arm"},{"predicate":{"custom_model_data":231},"model":"saigonmc_models:kitsune_normal/left_arm"},{"predicate":{"custom_model_data":232},"model":"saigonmc_models:kitsune_normal/neck"},{"predicate":{"custom_model_data":233},"model":"saigonmc_models:kitsune_normal/tail_right_mid"},{"predicate":{"custom_model_data":234},"model":"saigonmc_models:kitsune_normal/tail_mid_mid"},{"predicate":{"custom_model_data":235},"model":"saigonmc_models:kitsune_normal/tail_last_right_mid"},{"predicate":{"custom_model_data":236},"model":"saigonmc_models:kitsune_normal/tail_last_left_mid"},{"predicate":{"custom_model_data":237},"model":"saigonmc_models:kitsune_normal/tail_left_mid"},{"predicate":{"custom_model_data":238},"model":"saigonmc_models:kitsune_normal/left_ankle"},{"predicate":{"custom_model_data":239},"model":"saigonmc_models:kitsune_normal/right_ankle"},{"predicate":{"custom_model_data":240},"model":"saigonmc_models:kitsune_normal/right_wrist"},{"predicate":{"custom_model_data":241},"model":"saigonmc_models:kitsune_normal/left_wrist"},{"predicate":{"custom_model_data":242},"model":"saigonmc_models:kitsune_normal/head"},{"predicate":{"custom_model_data":243},"model":"saigonmc_models:kitsune_normal/tail_right_end"},{"predicate":{"custom_model_data":244},"model":"saigonmc_models:kitsune_normal/tail_mid_end"},{"predicate":{"custom_model_data":245},"model":"saigonmc_models:kitsune_normal/tail_last_right_end"},{"predicate":{"custom_model_data":246},"model":"saigonmc_models:kitsune_normal/tail_last_left_end"},{"predicate":{"custom_model_data":247},"model":"saigonmc_models:kitsune_normal/tail_left_end"},{"predicate":{"custom_model_data":248},"model":"saigonmc_models:kitsune_normal/left_foot"},{"predicate":{"custom_model_data":249},"model":"saigonmc_models:kitsune_normal/right_foot"},{"predicate":{"custom_model_data":250},"model":"saigonmc_models:kitsune_normal/right_hand"},{"predicate":{"custom_model_data":251},"model":"saigonmc_models:kitsune_normal/left_hand"},{"predicate":{"custom_model_data":252},"model":"saigonmc_models:panda/upper_body"},{"predicate":{"custom_model_data":253},"model":"saigonmc_models:panda/left_thigh"},{"predicate":{"custom_model_data":254},"model":"saigonmc_models:panda/right_thigh"},{"predicate":{"custom_model_data":255},"model":"saigonmc_models:panda/stomach"},{"predicate":{"custom_model_data":256},"model":"saigonmc_models:panda/left_leg"},{"predicate":{"custom_model_data":257},"model":"saigonmc_models:panda/right_leg"},{"predicate":{"custom_model_data":258},"model":"saigonmc_models:panda/chest"},{"predicate":{"custom_model_data":259},"model":"saigonmc_models:panda/left_ankle"},{"predicate":{"custom_model_data":260},"model":"saigonmc_models:panda/right_ankle"},{"predicate":{"custom_model_data":261},"model":"saigonmc_models:panda/head"},{"predicate":{"custom_model_data":262},"model":"saigonmc_models:panda/right_arm"},{"predicate":{"custom_model_data":263},"model":"saigonmc_models:panda/left_arm"},{"predicate":{"custom_model_data":264},"model":"saigonmc_models:panda/left_foot"},{"predicate":{"custom_model_data":265},"model":"saigonmc_models:panda/right_foot"},{"predicate":{"custom_model_data":266},"model":"saigonmc_models:panda/bamboo"},{"predicate":{"custom_model_data":267},"model":"saigonmc_models:panda/right_wrist"},{"predicate":{"custom_model_data":268},"model":"saigonmc_models:panda/left_wrist"},{"predicate":{"custom_model_data":269},"model":"saigonmc_models:panda/right_hand"},{"predicate":{"custom_model_data":270},"model":"saigonmc_models:panda/left_hand"},{"predicate":{"custom_model_data":271},"model":"saigonmc_models:basilisk_obsidian/upper_body"},{"predicate":{"custom_model_data":272},"model":"saigonmc_models:basilisk_obsidian/head"},{"predicate":{"custom_model_data":273},"model":"saigonmc_models:basilisk_obsidian/right_front_leg"},{"predicate":{"custom_model_data":274},"model":"saigonmc_models:basilisk_obsidian/tail"},{"predicate":{"custom_model_data":275},"model":"saigonmc_models:basilisk_obsidian/right_mid_leg"},{"predicate":{"custom_model_data":276},"model":"saigonmc_models:basilisk_obsidian/left_mid_leg"},{"predicate":{"custom_model_data":277},"model":"saigonmc_models:basilisk_obsidian/left_front_leg"},{"predicate":{"custom_model_data":278},"model":"saigonmc_models:basilisk_obsidian/jaw"},{"predicate":{"custom_model_data":279},"model":"saigonmc_models:basilisk_obsidian/right_front_ankle"},{"predicate":{"custom_model_data":280},"model":"saigonmc_models:basilisk_obsidian/left_back_leg"},{"predicate":{"custom_model_data":281},"model":"saigonmc_models:basilisk_obsidian/tail_mid"},{"predicate":{"custom_model_data":282},"model":"saigonmc_models:basilisk_obsidian/right_back_leg"},{"predicate":{"custom_model_data":283},"model":"saigonmc_models:basilisk_obsidian/right_mid_ankle"},{"predicate":{"custom_model_data":284},"model":"saigonmc_models:basilisk_obsidian/left_mid_ankle"},{"predicate":{"custom_model_data":285},"model":"saigonmc_models:basilisk_obsidian/left_front_ankle"},{"predicate":{"custom_model_data":286},"model":"saigonmc_models:basilisk_obsidian/right_font_foot"},{"predicate":{"custom_model_data":287},"model":"saigonmc_models:basilisk_obsidian/left_back_ankle"},{"predicate":{"custom_model_data":288},"model":"saigonmc_models:basilisk_obsidian/tail_end"},{"predicate":{"custom_model_data":289},"model":"saigonmc_models:basilisk_obsidian/right_back_ankle"},{"predicate":{"custom_model_data":290},"model":"saigonmc_models:basilisk_obsidian/right_mid_foot"},{"predicate":{"custom_model_data":291},"model":"saigonmc_models:basilisk_obsidian/left_mid_foot"},{"predicate":{"custom_model_data":292},"model":"saigonmc_models:basilisk_obsidian/left_font_foot"},{"predicate":{"custom_model_data":293},"model":"saigonmc_models:basilisk_obsidian/left_back_foot"},{"predicate":{"custom_model_data":294},"model":"saigonmc_models:basilisk_obsidian/right_back_foot"},{"predicate":{"custom_model_data":295},"model":"saigonmc_models:basilisk_snowstorm/upper_body"},{"predicate":{"custom_model_data":296},"model":"saigonmc_models:basilisk_snowstorm/head"},{"predicate":{"custom_model_data":297},"model":"saigonmc_models:basilisk_snowstorm/right_front_leg"},{"predicate":{"custom_model_data":298},"model":"saigonmc_models:basilisk_snowstorm/tail"},{"predicate":{"custom_model_data":299},"model":"saigonmc_models:basilisk_snowstorm/right_mid_leg"},{"predicate":{"custom_model_data":300},"model":"saigonmc_models:basilisk_snowstorm/left_mid_leg"},{"predicate":{"custom_model_data":301},"model":"saigonmc_models:basilisk_snowstorm/left_front_leg"},{"predicate":{"custom_model_data":302},"model":"saigonmc_models:basilisk_snowstorm/jaw"},{"predicate":{"custom_model_data":303},"model":"saigonmc_models:basilisk_snowstorm/right_front_ankle"},{"predicate":{"custom_model_data":304},"model":"saigonmc_models:basilisk_snowstorm/left_back_leg"},{"predicate":{"custom_model_data":305},"model":"saigonmc_models:basilisk_snowstorm/tail_mid"},{"predicate":{"custom_model_data":306},"model":"saigonmc_models:basilisk_snowstorm/right_back_leg"},{"predicate":{"custom_model_data":307},"model":"saigonmc_models:basilisk_snowstorm/right_mid_ankle"},{"predicate":{"custom_model_data":308},"model":"saigonmc_models:basilisk_snowstorm/left_mid_ankle"},{"predicate":{"custom_model_data":309},"model":"saigonmc_models:basilisk_snowstorm/left_front_ankle"},{"predicate":{"custom_model_data":310},"model":"saigonmc_models:basilisk_snowstorm/right_font_foot"},{"predicate":{"custom_model_data":311},"model":"saigonmc_models:basilisk_snowstorm/left_back_ankle"},{"predicate":{"custom_model_data":312},"model":"saigonmc_models:basilisk_snowstorm/tail_end"},{"predicate":{"custom_model_data":313},"model":"saigonmc_models:basilisk_snowstorm/right_back_ankle"},{"predicate":{"custom_model_data":314},"model":"saigonmc_models:basilisk_snowstorm/right_mid_foot"},{"predicate":{"custom_model_data":315},"model":"saigonmc_models:basilisk_snowstorm/left_mid_foot"},{"predicate":{"custom_model_data":316},"model":"saigonmc_models:basilisk_snowstorm/left_font_foot"},{"predicate":{"custom_model_data":317},"model":"saigonmc_models:basilisk_snowstorm/left_back_foot"},{"predicate":{"custom_model_data":318},"model":"saigonmc_models:basilisk_snowstorm/right_back_foot"},{"predicate":{"custom_model_data":319},"model":"saigonmc_models:basilisk_wild/upper_body"},{"predicate":{"custom_model_data":320},"model":"saigonmc_models:basilisk_wild/head"},{"predicate":{"custom_model_data":321},"model":"saigonmc_models:basilisk_wild/right_front_leg"},{"predicate":{"custom_model_data":322},"model":"saigonmc_models:basilisk_wild/tail"},{"predicate":{"custom_model_data":323},"model":"saigonmc_models:basilisk_wild/right_mid_leg"},{"predicate":{"custom_model_data":324},"model":"saigonmc_models:basilisk_wild/left_mid_leg"},{"predicate":{"custom_model_data":325},"model":"saigonmc_models:basilisk_wild/left_front_leg"},{"predicate":{"custom_model_data":326},"model":"saigonmc_models:basilisk_wild/jaw"},{"predicate":{"custom_model_data":327},"model":"saigonmc_models:basilisk_wild/right_front_ankle"},{"predicate":{"custom_model_data":328},"model":"saigonmc_models:basilisk_wild/left_back_leg"},{"predicate":{"custom_model_data":329},"model":"saigonmc_models:basilisk_wild/tail_mid"},{"predicate":{"custom_model_data":330},"model":"saigonmc_models:basilisk_wild/right_back_leg"},{"predicate":{"custom_model_data":331},"model":"saigonmc_models:basilisk_wild/right_mid_ankle"},{"predicate":{"custom_model_data":332},"model":"saigonmc_models:basilisk_wild/left_mid_ankle"},{"predicate":{"custom_model_data":333},"model":"saigonmc_models:basilisk_wild/left_front_ankle"},{"predicate":{"custom_model_data":334},"model":"saigonmc_models:basilisk_wild/right_font_foot"},{"predicate":{"custom_model_data":335},"model":"saigonmc_models:basilisk_wild/left_back_ankle"},{"predicate":{"custom_model_data":336},"model":"saigonmc_models:basilisk_wild/tail_end"},{"predicate":{"custom_model_data":337},"model":"saigonmc_models:basilisk_wild/right_back_ankle"},{"predicate":{"custom_model_data":338},"model":"saigonmc_models:basilisk_wild/right_mid_foot"},{"predicate":{"custom_model_data":339},"model":"saigonmc_models:basilisk_wild/left_mid_foot"},{"predicate":{"custom_model_data":340},"model":"saigonmc_models:basilisk_wild/left_font_foot"},{"predicate":{"custom_model_data":341},"model":"saigonmc_models:basilisk_wild/left_back_foot"},{"predicate":{"custom_model_data":342},"model":"saigonmc_models:basilisk_wild/right_back_foot"},{"predicate":{"custom_model_data":343},"model":"saigonmc_models:corgi/head"},{"predicate":{"custom_model_data":344},"model":"saigonmc_models:corgi/mouth"},{"predicate":{"custom_model_data":345},"model":"saigonmc_models:corgi/right_ear"},{"predicate":{"custom_model_data":346},"model":"saigonmc_models:corgi/left_ear"},{"predicate":{"custom_model_data":347},"model":"saigonmc_models:corgi/left_leg"},{"predicate":{"custom_model_data":348},"model":"saigonmc_models:corgi/right_arm"},{"predicate":{"custom_model_data":349},"model":"saigonmc_models:corgi/right_leg"},{"predicate":{"custom_model_data":350},"model":"saigonmc_models:corgi/left_arm"},{"predicate":{"custom_model_data":351},"model":"saigonmc_models:corgi/body_fur"},{"predicate":{"custom_model_data":352},"model":"saigonmc_models:corgi/tongue"},{"predicate":{"custom_model_data":353},"model":"saigonmc_models:corgi/bone"},{"predicate":{"custom_model_data":354},"model":"saigonmc_models:corgi_bone/bone"},{"predicate":{"custom_model_data":355},"model":"saigonmc_models:capybara_small/torso"},{"predicate":{"custom_model_data":356},"model":"saigonmc_models:capybara_small/head"},{"predicate":{"custom_model_data":357},"model":"saigonmc_models:capybara_small/leg_front_right"},{"predicate":{"custom_model_data":358},"model":"saigonmc_models:capybara_small/leg_front_left"},{"predicate":{"custom_model_data":359},"model":"saigonmc_models:capybara_small/leg_back_right"},{"predicate":{"custom_model_data":360},"model":"saigonmc_models:capybara_small/leg_back_left"},{"predicate":{"custom_model_data":361},"model":"saigonmc_models:walle/wheel_right"},{"predicate":{"custom_model_data":362},"model":"saigonmc_models:walle/wheel_left"},{"predicate":{"custom_model_data":363},"model":"saigonmc_models:walle/arm_left"},{"predicate":{"custom_model_data":364},"model":"saigonmc_models:walle/eye_right"},{"predicate":{"custom_model_data":365},"model":"saigonmc_models:walle/eye_left"},{"predicate":{"custom_model_data":366},"model":"saigonmc_models:walle/grabby_right"},{"predicate":{"custom_model_data":367},"model":"saigonmc_models:walle/grabby_left"},{"predicate":{"custom_model_data":368},"model":"saigonmc_models:fairy_seed/head"},{"predicate":{"custom_model_data":369},"model":"saigonmc_models:fairy_seed/lower_front"},{"predicate":{"custom_model_data":370},"model":"saigonmc_models:fairy_seed/tail"},{"predicate":{"custom_model_data":371},"model":"saigonmc_models:walle/body"},{"predicate":{"custom_model_data":372},"model":"saigonmc_models:walle/hinge"},{"predicate":{"custom_model_data":373},"model":"saigonmc_models:walle/arm_right"},{"predicate":{"custom_model_data":374},"model":"saigonmc_models:fairy_seed/lower_right"},{"predicate":{"custom_model_data":375},"model":"saigonmc_models:fairy_seed/lower_left"},{"predicate":{"custom_model_data":376},"model":"saigonmc_models:fairy_seed/leaf"},{"predicate":{"custom_model_data":377},"model":"saigonmc_models:fairy_seed/lower_back"},{"predicate":{"custom_model_data":378},"model":"saigonmc_models:fairy_seed/tail_lower"},{"predicate":{"custom_model_data":379},"model":"saigonmc_models:chibi_fox/body"},{"predicate":{"custom_model_data":380},"model":"saigonmc_models:chibi_fox/head"},{"predicate":{"custom_model_data":381},"model":"saigonmc_models:chibi_fox/back_leg_right"},{"predicate":{"custom_model_data":382},"model":"saigonmc_models:chibi_fox/back_leg_left"},{"predicate":{"custom_model_data":383},"model":"saigonmc_models:chibi_fox/front_leg_right"},{"predicate":{"custom_model_data":384},"model":"saigonmc_models:chibi_fox/front_leg_left"},{"predicate":{"custom_model_data":385},"model":"saigonmc_models:chibi_fox/ears"},{"predicate":{"custom_model_data":386},"model":"saigonmc_models:chibi_fox/tail"},{"predicate":{"custom_model_data":387},"model":"saigonmc_models:chibi_fox/back_foot_right"},{"predicate":{"custom_model_data":388},"model":"saigonmc_models:chibi_fox/back_foot_left"},{"predicate":{"custom_model_data":389},"model":"saigonmc_models:chibi_fox/front_foot_right"},{"predicate":{"custom_model_data":390},"model":"saigonmc_models:chibi_fox/front_foot_left"},{"predicate":{"custom_model_data":391},"model":"saigonmc_models:chibi_fox/tail_half"},{"predicate":{"custom_model_data":392},"model":"saigonmc_models:chibi_fox/tail_end"},{"predicate":{"custom_model_data":393},"model":"saigonmc_models:phoenix_baby/leg_right"},{"predicate":{"custom_model_data":394},"model":"saigonmc_models:phoenix_baby/torso"},{"predicate":{"custom_model_data":395},"model":"saigonmc_models:phoenix_baby/leg_left"},{"predicate":{"custom_model_data":396},"model":"saigonmc_models:phoenix_baby/head"},{"predicate":{"custom_model_data":397},"model":"saigonmc_models:phoenix_baby/wing_left"},{"predicate":{"custom_model_data":398},"model":"saigonmc_models:phoenix_baby/wing_right"},{"predicate":{"custom_model_data":399},"model":"saigonmc_models:phoenix_baby/tail"},{"predicate":{"custom_model_data":400},"model":"saigonmc_models:phoenix_baby/tail_end"},{"predicate":{"custom_model_data":401},"model":"saigonmc_models:utahraptor/torso"},{"predicate":{"custom_model_data":402},"model":"saigonmc_models:utahraptor/leg_right"},{"predicate":{"custom_model_data":403},"model":"saigonmc_models:utahraptor/tail"},{"predicate":{"custom_model_data":404},"model":"saigonmc_models:utahraptor/arm_right"},{"predicate":{"custom_model_data":405},"model":"saigonmc_models:utahraptor/neck"},{"predicate":{"custom_model_data":406},"model":"saigonmc_models:utahraptor/leg_left"},{"predicate":{"custom_model_data":407},"model":"saigonmc_models:utahraptor/arm_left"},{"predicate":{"custom_model_data":408},"model":"saigonmc_models:utahraptor/foot_right"},{"predicate":{"custom_model_data":409},"model":"saigonmc_models:utahraptor/forearm_right"},{"predicate":{"custom_model_data":410},"model":"saigonmc_models:utahraptor/head"},{"predicate":{"custom_model_data":411},"model":"saigonmc_models:utahraptor/foot_left"},{"predicate":{"custom_model_data":412},"model":"saigonmc_models:utahraptor/forearm_left"},{"predicate":{"custom_model_data":413},"model":"saigonmc_models:chibi_salamender/left_backleg"},{"predicate":{"custom_model_data":414},"model":"saigonmc_models:chibi_salamender/chest"},{"predicate":{"custom_model_data":415},"model":"saigonmc_models:chibi_salamender/right_backleg"},{"predicate":{"custom_model_data":416},"model":"saigonmc_models:chibi_salamender/left_fronttibia"},{"predicate":{"custom_model_data":417},"model":"saigonmc_models:chibi_salamender/tail"},{"predicate":{"custom_model_data":418},"model":"saigonmc_models:chibi_salamender/right_backarm"},{"predicate":{"custom_model_data":419},"model":"saigonmc_models:chibi_salamender/left_backarm"},{"predicate":{"custom_model_data":420},"model":"saigonmc_models:chibi_salamender/right_fronttibia"},{"predicate":{"custom_model_data":421},"model":"saigonmc_models:chibi_salamender/left_frontfoot"},{"predicate":{"custom_model_data":422},"model":"saigonmc_models:chibi_salamender/tail_mid"},{"predicate":{"custom_model_data":423},"model":"saigonmc_models:chibi_salamender/head"},{"predicate":{"custom_model_data":424},"model":"saigonmc_models:chibi_salamender/right_hand"},{"predicate":{"custom_model_data":425},"model":"saigonmc_models:chibi_salamender/left_hand"},{"predicate":{"custom_model_data":426},"model":"saigonmc_models:chibi_salamender/right_frontfoot"},{"predicate":{"custom_model_data":427},"model":"saigonmc_models:chibi_salamender/left_toes"},{"predicate":{"custom_model_data":428},"model":"saigonmc_models:chibi_salamender/tail_end"},{"predicate":{"custom_model_data":429},"model":"saigonmc_models:chibi_salamender/nose"},{"predicate":{"custom_model_data":430},"model":"saigonmc_models:chibi_salamender/right_toes"},{"predicate":{"custom_model_data":431},"model":"saigonmc_models:chibi_djinn_dragon/chest"},{"predicate":{"custom_model_data":432},"model":"saigonmc_models:chibi_djinn_dragon/left_backleg"},{"predicate":{"custom_model_data":433},"model":"saigonmc_models:chibi_djinn_dragon/head"},{"predicate":{"custom_model_data":434},"model":"saigonmc_models:chibi_djinn_dragon/right_frontleg"},{"predicate":{"custom_model_data":435},"model":"saigonmc_models:chibi_djinn_dragon/right_wing"},{"predicate":{"custom_model_data":436},"model":"saigonmc_models:chibi_djinn_dragon/left_wing"},{"predicate":{"custom_model_data":437},"model":"saigonmc_models:chibi_djinn_dragon/tail"},{"predicate":{"custom_model_data":438},"model":"saigonmc_models:chibi_djinn_dragon/left_frontleg"},{"predicate":{"custom_model_data":439},"model":"saigonmc_models:chibi_djinn_dragon/right_backleg"},{"predicate":{"custom_model_data":440},"model":"saigonmc_models:chibi_djinn_dragon/left_foot"},{"predicate":{"custom_model_data":441},"model":"saigonmc_models:chibi_djinn_dragon/mouth"},{"predicate":{"custom_model_data":442},"model":"saigonmc_models:chibi_djinn_dragon/right_eyebrow"},{"predicate":{"custom_model_data":443},"model":"saigonmc_models:chibi_djinn_dragon/horn_right"},{"predicate":{"custom_model_data":444},"model":"saigonmc_models:chibi_djinn_dragon/horn_left"},{"predicate":{"custom_model_data":445},"model":"saigonmc_models:chibi_djinn_dragon/right_ear"},{"predicate":{"custom_model_data":446},"model":"saigonmc_models:chibi_djinn_dragon/left_eyebrow"},{"predicate":{"custom_model_data":447},"model":"saigonmc_models:chibi_djinn_dragon/left_ear"},{"predicate":{"custom_model_data":448},"model":"saigonmc_models:chibi_djinn_dragon/right_hand"},{"predicate":{"custom_model_data":449},"model":"saigonmc_models:chibi_djinn_dragon/tail_mid"},{"predicate":{"custom_model_data":450},"model":"saigonmc_models:chibi_djinn_dragon/left_hand"},{"predicate":{"custom_model_data":451},"model":"saigonmc_models:chibi_djinn_dragon/right_foot"},{"predicate":{"custom_model_data":452},"model":"saigonmc_models:chibi_djinn_dragon/tail_end"},{"predicate":{"custom_model_data":453},"model":"saigonmc_models:chibi_djinn_dragon/tail_tip"},{"predicate":{"custom_model_data":454},"model":"saigonmc_models:fluffy_ram/right_front_leg"},{"predicate":{"custom_model_data":455},"model":"saigonmc_models:fluffy_ram/chest"},{"predicate":{"custom_model_data":456},"model":"saigonmc_models:fluffy_ram/left_back_leg"},{"predicate":{"custom_model_data":457},"model":"saigonmc_models:fluffy_ram/right_back_leg"},{"predicate":{"custom_model_data":458},"model":"saigonmc_models:fluffy_ram/left_front_leg"},{"predicate":{"custom_model_data":459},"model":"saigonmc_models:fluffy_ram/head"},{"predicate":{"custom_model_data":460},"model":"saigonmc_models:fluffy_ram/tail"},{"predicate":{"custom_model_data":461},"model":"saigonmc_models:fluffy_ram/horn_right"},{"predicate":{"custom_model_data":462},"model":"saigonmc_models:fluffy_ram/horn_left"},{"predicate":{"custom_model_data":463},"model":"saigonmc_models:fluffy_ram/tail_mid"},{"predicate":{"custom_model_data":464},"model":"saigonmc_models:fluffy_ram/tail_end"},{"predicate":{"custom_model_data":465},"model":"saigonmc_models:dragon_desert/upper_body"},{"predicate":{"custom_model_data":466},"model":"saigonmc_models:dragon_desert/left_thigh"},{"predicate":{"custom_model_data":467},"model":"saigonmc_models:dragon_desert/right_thigh"},{"predicate":{"custom_model_data":468},"model":"saigonmc_models:dragon_desert/tail"},{"predicate":{"custom_model_data":469},"model":"saigonmc_models:dragon_desert/stomach"},{"predicate":{"custom_model_data":470},"model":"saigonmc_models:dragon_desert/left_leg"},{"predicate":{"custom_model_data":471},"model":"saigonmc_models:dragon_desert/right_leg"},{"predicate":{"custom_model_data":472},"model":"saigonmc_models:dragon_desert/tail_2"},{"predicate":{"custom_model_data":473},"model":"saigonmc_models:dragon_desert/chest"},{"predicate":{"custom_model_data":474},"model":"saigonmc_models:dragon_desert/right_arm"},{"predicate":{"custom_model_data":475},"model":"saigonmc_models:dragon_desert/right_wing"},{"predicate":{"custom_model_data":476},"model":"saigonmc_models:dragon_desert/left_arm"},{"predicate":{"custom_model_data":477},"model":"saigonmc_models:dragon_desert/left_wing"},{"predicate":{"custom_model_data":478},"model":"saigonmc_models:dragon_desert/left_ankle"},{"predicate":{"custom_model_data":479},"model":"saigonmc_models:dragon_desert/right_ankle"},{"predicate":{"custom_model_data":480},"model":"saigonmc_models:dragon_desert/tail_3"},{"predicate":{"custom_model_data":481},"model":"saigonmc_models:dragon_desert/neck"},{"predicate":{"custom_model_data":482},"model":"saigonmc_models:dragon_desert/right_wrist"},{"predicate":{"custom_model_data":483},"model":"saigonmc_models:dragon_desert/right_wing_mid"},{"predicate":{"custom_model_data":484},"model":"saigonmc_models:dragon_desert/left_wrist"},{"predicate":{"custom_model_data":485},"model":"saigonmc_models:dragon_desert/left_wing_mid"},{"predicate":{"custom_model_data":486},"model":"saigonmc_models:dragon_desert/left_foot"},{"predicate":{"custom_model_data":487},"model":"saigonmc_models:dragon_desert/right_foot"},{"predicate":{"custom_model_data":488},"model":"saigonmc_models:dragon_desert/tail_end"},{"predicate":{"custom_model_data":489},"model":"saigonmc_models:dragon_desert/upper_neck"},{"predicate":{"custom_model_data":490},"model":"saigonmc_models:dragon_desert/right_hand"},{"predicate":{"custom_model_data":491},"model":"saigonmc_models:dragon_desert/right_wing_end"},{"predicate":{"custom_model_data":492},"model":"saigonmc_models:dragon_desert/left_hand"},{"predicate":{"custom_model_data":493},"model":"saigonmc_models:dragon_desert/left_wing_end"},{"predicate":{"custom_model_data":494},"model":"saigonmc_models:dragon_desert/head"},{"predicate":{"custom_model_data":495},"model":"saigonmc_models:dragon_desert/jaw"},{"predicate":{"custom_model_data":496},"model":"saigonmc_models:dragon_glacial/upper_body"},{"predicate":{"custom_model_data":497},"model":"saigonmc_models:dragon_glacial/left_thigh"},{"predicate":{"custom_model_data":498},"model":"saigonmc_models:dragon_glacial/right_thigh"},{"predicate":{"custom_model_data":499},"model":"saigonmc_models:dragon_glacial/tail"},{"predicate":{"custom_model_data":500},"model":"saigonmc_models:dragon_glacial/stomach"},{"predicate":{"custom_model_data":501},"model":"saigonmc_models:dragon_glacial/left_leg"},{"predicate":{"custom_model_data":502},"model":"saigonmc_models:dragon_glacial/right_leg"},{"predicate":{"custom_model_data":503},"model":"saigonmc_models:dragon_glacial/tail_2"},{"predicate":{"custom_model_data":504},"model":"saigonmc_models:dragon_glacial/chest"},{"predicate":{"custom_model_data":505},"model":"saigonmc_models:dragon_glacial/right_arm"},{"predicate":{"custom_model_data":506},"model":"saigonmc_models:dragon_glacial/right_wing"},{"predicate":{"custom_model_data":507},"model":"saigonmc_models:dragon_glacial/left_arm"},{"predicate":{"custom_model_data":508},"model":"saigonmc_models:dragon_glacial/left_wing"},{"predicate":{"custom_model_data":509},"model":"saigonmc_models:dragon_glacial/left_ankle"},{"predicate":{"custom_model_data":510},"model":"saigonmc_models:dragon_glacial/right_ankle"},{"predicate":{"custom_model_data":511},"model":"saigonmc_models:dragon_glacial/tail_3"},{"predicate":{"custom_model_data":512},"model":"saigonmc_models:dragon_glacial/neck"},{"predicate":{"custom_model_data":513},"model":"saigonmc_models:dragon_glacial/right_wrist"},{"predicate":{"custom_model_data":514},"model":"saigonmc_models:dragon_glacial/right_wing_mid"},{"predicate":{"custom_model_data":515},"model":"saigonmc_models:dragon_glacial/left_wrist"},{"predicate":{"custom_model_data":516},"model":"saigonmc_models:dragon_glacial/left_wing_mid"},{"predicate":{"custom_model_data":517},"model":"saigonmc_models:dragon_glacial/left_foot"},{"predicate":{"custom_model_data":518},"model":"saigonmc_models:dragon_glacial/right_foot"},{"predicate":{"custom_model_data":519},"model":"saigonmc_models:dragon_glacial/tail_end"},{"predicate":{"custom_model_data":520},"model":"saigonmc_models:dragon_glacial/upper_neck"},{"predicate":{"custom_model_data":521},"model":"saigonmc_models:dragon_glacial/right_hand"},{"predicate":{"custom_model_data":522},"model":"saigonmc_models:dragon_glacial/right_wing_end"},{"predicate":{"custom_model_data":523},"model":"saigonmc_models:dragon_glacial/left_hand"},{"predicate":{"custom_model_data":524},"model":"saigonmc_models:dragon_glacial/left_wing_end"},{"predicate":{"custom_model_data":525},"model":"saigonmc_models:dragon_glacial/head"},{"predicate":{"custom_model_data":526},"model":"saigonmc_models:dragon_glacial/jaw"},{"predicate":{"custom_model_data":527},"model":"saigonmc_models:dragon_nether/upper_body"},{"predicate":{"custom_model_data":528},"model":"saigonmc_models:dragon_nether/left_thigh"},{"predicate":{"custom_model_data":529},"model":"saigonmc_models:dragon_nether/right_thigh"},{"predicate":{"custom_model_data":530},"model":"saigonmc_models:dragon_nether/tail"},{"predicate":{"custom_model_data":531},"model":"saigonmc_models:dragon_nether/stomach"},{"predicate":{"custom_model_data":532},"model":"saigonmc_models:dragon_nether/left_leg"},{"predicate":{"custom_model_data":533},"model":"saigonmc_models:dragon_nether/right_leg"},{"predicate":{"custom_model_data":534},"model":"saigonmc_models:dragon_nether/tail_2"},{"predicate":{"custom_model_data":535},"model":"saigonmc_models:dragon_nether/chest"},{"predicate":{"custom_model_data":536},"model":"saigonmc_models:dragon_nether/right_arm"},{"predicate":{"custom_model_data":537},"model":"saigonmc_models:dragon_nether/right_wing"},{"predicate":{"custom_model_data":538},"model":"saigonmc_models:dragon_nether/left_arm"},{"predicate":{"custom_model_data":539},"model":"saigonmc_models:dragon_nether/left_wing"},{"predicate":{"custom_model_data":540},"model":"saigonmc_models:dragon_nether/left_ankle"},{"predicate":{"custom_model_data":541},"model":"saigonmc_models:dragon_nether/right_ankle"},{"predicate":{"custom_model_data":542},"model":"saigonmc_models:dragon_nether/tail_3"},{"predicate":{"custom_model_data":543},"model":"saigonmc_models:dragon_nether/neck"},{"predicate":{"custom_model_data":544},"model":"saigonmc_models:dragon_nether/right_wrist"},{"predicate":{"custom_model_data":545},"model":"saigonmc_models:dragon_nether/right_wing_mid"},{"predicate":{"custom_model_data":546},"model":"saigonmc_models:dragon_nether/left_wrist"},{"predicate":{"custom_model_data":547},"model":"saigonmc_models:dragon_nether/left_wing_mid"},{"predicate":{"custom_model_data":548},"model":"saigonmc_models:dragon_nether/left_foot"},{"predicate":{"custom_model_data":549},"model":"saigonmc_models:dragon_nether/right_foot"},{"predicate":{"custom_model_data":550},"model":"saigonmc_models:dragon_nether/tail_end"},{"predicate":{"custom_model_data":551},"model":"saigonmc_models:dragon_nether/upper_neck"},{"predicate":{"custom_model_data":552},"model":"saigonmc_models:dragon_nether/right_hand"},{"predicate":{"custom_model_data":553},"model":"saigonmc_models:dragon_nether/right_wing_end"},{"predicate":{"custom_model_data":554},"model":"saigonmc_models:dragon_nether/left_hand"},{"predicate":{"custom_model_data":555},"model":"saigonmc_models:dragon_nether/left_wing_end"},{"predicate":{"custom_model_data":556},"model":"saigonmc_models:dragon_nether/head"},{"predicate":{"custom_model_data":557},"model":"saigonmc_models:dragon_nether/jaw"},{"predicate":{"custom_model_data":558},"model":"saigonmc_models:dragon_sculk/upper_body"},{"predicate":{"custom_model_data":559},"model":"saigonmc_models:dragon_sculk/left_thigh"},{"predicate":{"custom_model_data":560},"model":"saigonmc_models:dragon_sculk/right_thigh"},{"predicate":{"custom_model_data":561},"model":"saigonmc_models:dragon_sculk/tail"},{"predicate":{"custom_model_data":562},"model":"saigonmc_models:dragon_sculk/stomach"},{"predicate":{"custom_model_data":563},"model":"saigonmc_models:dragon_sculk/left_leg"},{"predicate":{"custom_model_data":564},"model":"saigonmc_models:dragon_sculk/right_leg"},{"predicate":{"custom_model_data":565},"model":"saigonmc_models:dragon_sculk/tail_2"},{"predicate":{"custom_model_data":566},"model":"saigonmc_models:dragon_sculk/chest"},{"predicate":{"custom_model_data":567},"model":"saigonmc_models:dragon_sculk/right_arm"},{"predicate":{"custom_model_data":568},"model":"saigonmc_models:dragon_sculk/right_wing"},{"predicate":{"custom_model_data":569},"model":"saigonmc_models:dragon_sculk/left_arm"},{"predicate":{"custom_model_data":570},"model":"saigonmc_models:dragon_sculk/left_wing"},{"predicate":{"custom_model_data":571},"model":"saigonmc_models:dragon_sculk/left_ankle"},{"predicate":{"custom_model_data":572},"model":"saigonmc_models:dragon_sculk/right_ankle"},{"predicate":{"custom_model_data":573},"model":"saigonmc_models:dragon_sculk/tail_3"},{"predicate":{"custom_model_data":574},"model":"saigonmc_models:dragon_sculk/neck"},{"predicate":{"custom_model_data":575},"model":"saigonmc_models:dragon_sculk/right_wrist"},{"predicate":{"custom_model_data":576},"model":"saigonmc_models:dragon_sculk/right_wing_mid"},{"predicate":{"custom_model_data":577},"model":"saigonmc_models:dragon_sculk/left_wrist"},{"predicate":{"custom_model_data":578},"model":"saigonmc_models:dragon_sculk/left_wing_mid"},{"predicate":{"custom_model_data":579},"model":"saigonmc_models:dragon_sculk/left_foot"},{"predicate":{"custom_model_data":580},"model":"saigonmc_models:dragon_sculk/right_foot"},{"predicate":{"custom_model_data":581},"model":"saigonmc_models:dragon_sculk/tail_end"},{"predicate":{"custom_model_data":582},"model":"saigonmc_models:dragon_sculk/upper_neck"},{"predicate":{"custom_model_data":583},"model":"saigonmc_models:dragon_sculk/right_hand"},{"predicate":{"custom_model_data":584},"model":"saigonmc_models:dragon_sculk/right_wing_end"},{"predicate":{"custom_model_data":585},"model":"saigonmc_models:dragon_sculk/left_hand"},{"predicate":{"custom_model_data":586},"model":"saigonmc_models:dragon_sculk/left_wing_end"},{"predicate":{"custom_model_data":587},"model":"saigonmc_models:dragon_sculk/head"},{"predicate":{"custom_model_data":588},"model":"saigonmc_models:dragon_sculk/jaw"},{"predicate":{"custom_model_data":589},"model":"saigonmc_models:sabertooth_arctic/upper_body"},{"predicate":{"custom_model_data":590},"model":"saigonmc_models:sabertooth_arctic/left_thigh"},{"predicate":{"custom_model_data":591},"model":"saigonmc_models:sabertooth_arctic/right_thigh"},{"predicate":{"custom_model_data":592},"model":"saigonmc_models:sabertooth_arctic/tail"},{"predicate":{"custom_model_data":593},"model":"saigonmc_models:sabertooth_arctic/stomach"},{"predicate":{"custom_model_data":594},"model":"saigonmc_models:sabertooth_arctic/left_leg"},{"predicate":{"custom_model_data":595},"model":"saigonmc_models:sabertooth_arctic/right_leg"},{"predicate":{"custom_model_data":596},"model":"saigonmc_models:sabertooth_arctic/tail_mid"},{"predicate":{"custom_model_data":597},"model":"saigonmc_models:sabertooth_arctic/chest"},{"predicate":{"custom_model_data":598},"model":"saigonmc_models:sabertooth_arctic/left_ankle"},{"predicate":{"custom_model_data":599},"model":"saigonmc_models:sabertooth_arctic/right_ankle"},{"predicate":{"custom_model_data":600},"model":"saigonmc_models:sabertooth_arctic/tail_end"},{"predicate":{"custom_model_data":601},"model":"saigonmc_models:sabertooth_arctic/right_arm"},{"predicate":{"custom_model_data":602},"model":"saigonmc_models:sabertooth_arctic/left_arm"},{"predicate":{"custom_model_data":603},"model":"saigonmc_models:sabertooth_arctic/neck"},{"predicate":{"custom_model_data":604},"model":"saigonmc_models:sabertooth_arctic/left_foot"},{"predicate":{"custom_model_data":605},"model":"saigonmc_models:sabertooth_arctic/right_foot"},{"predicate":{"custom_model_data":606},"model":"saigonmc_models:sabertooth_arctic/right_wrist"},{"predicate":{"custom_model_data":607},"model":"saigonmc_models:sabertooth_arctic/left_wrist"},{"predicate":{"custom_model_data":608},"model":"saigonmc_models:sabertooth_arctic/head"},{"predicate":{"custom_model_data":609},"model":"saigonmc_models:sabertooth_arctic/right_hand"},{"predicate":{"custom_model_data":610},"model":"saigonmc_models:sabertooth_arctic/left_hand"},{"predicate":{"custom_model_data":611},"model":"saigonmc_models:sabertooth_arctic/jaw"},{"predicate":{"custom_model_data":612},"model":"saigonmc_models:sabertooth_midnight/upper_body"},{"predicate":{"custom_model_data":613},"model":"saigonmc_models:sabertooth_midnight/left_thigh"},{"predicate":{"custom_model_data":614},"model":"saigonmc_models:sabertooth_midnight/right_thigh"},{"predicate":{"custom_model_data":615},"model":"saigonmc_models:sabertooth_midnight/tail"},{"predicate":{"custom_model_data":616},"model":"saigonmc_models:sabertooth_midnight/stomach"},{"predicate":{"custom_model_data":617},"model":"saigonmc_models:sabertooth_midnight/left_leg"},{"predicate":{"custom_model_data":618},"model":"saigonmc_models:sabertooth_midnight/right_leg"},{"predicate":{"custom_model_data":619},"model":"saigonmc_models:sabertooth_midnight/tail_mid"},{"predicate":{"custom_model_data":620},"model":"saigonmc_models:sabertooth_midnight/chest"},{"predicate":{"custom_model_data":621},"model":"saigonmc_models:sabertooth_midnight/left_ankle"},{"predicate":{"custom_model_data":622},"model":"saigonmc_models:sabertooth_midnight/right_ankle"},{"predicate":{"custom_model_data":623},"model":"saigonmc_models:sabertooth_midnight/tail_end"},{"predicate":{"custom_model_data":624},"model":"saigonmc_models:sabertooth_midnight/right_arm"},{"predicate":{"custom_model_data":625},"model":"saigonmc_models:sabertooth_midnight/left_arm"},{"predicate":{"custom_model_data":626},"model":"saigonmc_models:sabertooth_midnight/neck"},{"predicate":{"custom_model_data":627},"model":"saigonmc_models:sabertooth_midnight/left_foot"},{"predicate":{"custom_model_data":628},"model":"saigonmc_models:sabertooth_midnight/right_foot"},{"predicate":{"custom_model_data":629},"model":"saigonmc_models:sabertooth_midnight/right_wrist"},{"predicate":{"custom_model_data":630},"model":"saigonmc_models:sabertooth_midnight/left_wrist"},{"predicate":{"custom_model_data":631},"model":"saigonmc_models:sabertooth_midnight/head"},{"predicate":{"custom_model_data":632},"model":"saigonmc_models:sabertooth_midnight/right_hand"},{"predicate":{"custom_model_data":633},"model":"saigonmc_models:sabertooth_midnight/left_hand"},{"predicate":{"custom_model_data":634},"model":"saigonmc_models:sabertooth_midnight/jaw"},{"predicate":{"custom_model_data":635},"model":"saigonmc_models:sabertooth_savanna/upper_body"},{"predicate":{"custom_model_data":636},"model":"saigonmc_models:sabertooth_savanna/left_thigh"},{"predicate":{"custom_model_data":637},"model":"saigonmc_models:sabertooth_savanna/right_thigh"},{"predicate":{"custom_model_data":638},"model":"saigonmc_models:sabertooth_savanna/tail"},{"predicate":{"custom_model_data":639},"model":"saigonmc_models:sabertooth_savanna/stomach"},{"predicate":{"custom_model_data":640},"model":"saigonmc_models:sabertooth_savanna/left_leg"},{"predicate":{"custom_model_data":641},"model":"saigonmc_models:sabertooth_savanna/right_leg"},{"predicate":{"custom_model_data":642},"model":"saigonmc_models:sabertooth_savanna/tail_mid"},{"predicate":{"custom_model_data":643},"model":"saigonmc_models:sabertooth_savanna/chest"},{"predicate":{"custom_model_data":644},"model":"saigonmc_models:sabertooth_savanna/left_ankle"},{"predicate":{"custom_model_data":645},"model":"saigonmc_models:sabertooth_savanna/right_ankle"},{"predicate":{"custom_model_data":646},"model":"saigonmc_models:sabertooth_savanna/tail_end"},{"predicate":{"custom_model_data":647},"model":"saigonmc_models:sabertooth_savanna/right_arm"},{"predicate":{"custom_model_data":648},"model":"saigonmc_models:sabertooth_savanna/left_arm"},{"predicate":{"custom_model_data":649},"model":"saigonmc_models:sabertooth_savanna/neck"},{"predicate":{"custom_model_data":650},"model":"saigonmc_models:sabertooth_savanna/left_foot"},{"predicate":{"custom_model_data":651},"model":"saigonmc_models:sabertooth_savanna/right_foot"},{"predicate":{"custom_model_data":652},"model":"saigonmc_models:sabertooth_savanna/right_wrist"},{"predicate":{"custom_model_data":653},"model":"saigonmc_models:sabertooth_savanna/left_wrist"},{"predicate":{"custom_model_data":654},"model":"saigonmc_models:sabertooth_savanna/head"},{"predicate":{"custom_model_data":655},"model":"saigonmc_models:sabertooth_savanna/right_hand"},{"predicate":{"custom_model_data":656},"model":"saigonmc_models:sabertooth_savanna/left_hand"},{"predicate":{"custom_model_data":657},"model":"saigonmc_models:sabertooth_savanna/jaw"},{"predicate":{"custom_model_data":658},"model":"saigonmc_models:stag_demonic/upper_body"},{"predicate":{"custom_model_data":659},"model":"saigonmc_models:stag_demonic/left_thigh"},{"predicate":{"custom_model_data":660},"model":"saigonmc_models:stag_demonic/right_thigh"},{"predicate":{"custom_model_data":661},"model":"saigonmc_models:stag_demonic/chest"},{"predicate":{"custom_model_data":662},"model":"saigonmc_models:stag_demonic/right_arm"},{"predicate":{"custom_model_data":663},"model":"saigonmc_models:stag_demonic/left_arm"},{"predicate":{"custom_model_data":664},"model":"saigonmc_models:stag_demonic/tail"},{"predicate":{"custom_model_data":665},"model":"saigonmc_models:stag_demonic/left_leg"},{"predicate":{"custom_model_data":666},"model":"saigonmc_models:stag_demonic/right_leg"},{"predicate":{"custom_model_data":667},"model":"saigonmc_models:stag_demonic/neck"},{"predicate":{"custom_model_data":668},"model":"saigonmc_models:stag_demonic/right_wrist"},{"predicate":{"custom_model_data":669},"model":"saigonmc_models:stag_demonic/left_wrist"},{"predicate":{"custom_model_data":670},"model":"saigonmc_models:stag_demonic/tail_end"},{"predicate":{"custom_model_data":671},"model":"saigonmc_models:stag_demonic/left_ankle"},{"predicate":{"custom_model_data":672},"model":"saigonmc_models:stag_demonic/right_ankle"},{"predicate":{"custom_model_data":673},"model":"saigonmc_models:stag_demonic/head"},{"predicate":{"custom_model_data":674},"model":"saigonmc_models:stag_demonic/right_hand"},{"predicate":{"custom_model_data":675},"model":"saigonmc_models:stag_demonic/left_hand"},{"predicate":{"custom_model_data":676},"model":"saigonmc_models:stag_demonic/left_foot"},{"predicate":{"custom_model_data":677},"model":"saigonmc_models:stag_demonic/right_foot"},{"predicate":{"custom_model_data":678},"model":"saigonmc_models:stag_heavenly/upper_body"},{"predicate":{"custom_model_data":679},"model":"saigonmc_models:stag_heavenly/left_thigh"},{"predicate":{"custom_model_data":680},"model":"saigonmc_models:stag_heavenly/right_thigh"},{"predicate":{"custom_model_data":681},"model":"saigonmc_models:stag_heavenly/chest"},{"predicate":{"custom_model_data":682},"model":"saigonmc_models:stag_heavenly/right_arm"},{"predicate":{"custom_model_data":683},"model":"saigonmc_models:stag_heavenly/left_arm"},{"predicate":{"custom_model_data":684},"model":"saigonmc_models:stag_heavenly/tail"},{"predicate":{"custom_model_data":685},"model":"saigonmc_models:stag_heavenly/left_leg"},{"predicate":{"custom_model_data":686},"model":"saigonmc_models:stag_heavenly/right_leg"},{"predicate":{"custom_model_data":687},"model":"saigonmc_models:stag_heavenly/neck"},{"predicate":{"custom_model_data":688},"model":"saigonmc_models:stag_heavenly/right_wrist"},{"predicate":{"custom_model_data":689},"model":"saigonmc_models:stag_heavenly/left_wrist"},{"predicate":{"custom_model_data":690},"model":"saigonmc_models:stag_heavenly/tail_end"},{"predicate":{"custom_model_data":691},"model":"saigonmc_models:stag_heavenly/left_ankle"},{"predicate":{"custom_model_data":692},"model":"saigonmc_models:stag_heavenly/right_ankle"},{"predicate":{"custom_model_data":693},"model":"saigonmc_models:stag_heavenly/head"},{"predicate":{"custom_model_data":694},"model":"saigonmc_models:stag_heavenly/right_hand"},{"predicate":{"custom_model_data":695},"model":"saigonmc_models:stag_heavenly/left_hand"},{"predicate":{"custom_model_data":696},"model":"saigonmc_models:stag_heavenly/left_foot"},{"predicate":{"custom_model_data":697},"model":"saigonmc_models:stag_heavenly/right_foot"},{"predicate":{"custom_model_data":698},"model":"saigonmc_models:stag_rune/upper_body"},{"predicate":{"custom_model_data":699},"model":"saigonmc_models:stag_rune/left_thigh"},{"predicate":{"custom_model_data":700},"model":"saigonmc_models:stag_rune/right_thigh"},{"predicate":{"custom_model_data":701},"model":"saigonmc_models:stag_rune/chest"},{"predicate":{"custom_model_data":702},"model":"saigonmc_models:stag_rune/right_arm"},{"predicate":{"custom_model_data":703},"model":"saigonmc_models:stag_rune/left_arm"},{"predicate":{"custom_model_data":704},"model":"saigonmc_models:stag_rune/tail"},{"predicate":{"custom_model_data":705},"model":"saigonmc_models:stag_rune/left_leg"},{"predicate":{"custom_model_data":706},"model":"saigonmc_models:stag_rune/right_leg"},{"predicate":{"custom_model_data":707},"model":"saigonmc_models:stag_rune/neck"},{"predicate":{"custom_model_data":708},"model":"saigonmc_models:stag_rune/right_wrist"},{"predicate":{"custom_model_data":709},"model":"saigonmc_models:stag_rune/left_wrist"},{"predicate":{"custom_model_data":710},"model":"saigonmc_models:stag_rune/tail_end"},{"predicate":{"custom_model_data":711},"model":"saigonmc_models:stag_rune/left_ankle"},{"predicate":{"custom_model_data":712},"model":"saigonmc_models:stag_rune/right_ankle"},{"predicate":{"custom_model_data":713},"model":"saigonmc_models:stag_rune/head"},{"predicate":{"custom_model_data":714},"model":"saigonmc_models:stag_rune/right_hand"},{"predicate":{"custom_model_data":715},"model":"saigonmc_models:stag_rune/left_hand"},{"predicate":{"custom_model_data":716},"model":"saigonmc_models:stag_rune/left_foot"},{"predicate":{"custom_model_data":717},"model":"saigonmc_models:stag_rune/right_foot"},{"predicate":{"custom_model_data":718},"model":"saigonmc_models:stag_void/upper_body"},{"predicate":{"custom_model_data":719},"model":"saigonmc_models:stag_void/left_thigh"},{"predicate":{"custom_model_data":720},"model":"saigonmc_models:stag_void/right_thigh"},{"predicate":{"custom_model_data":721},"model":"saigonmc_models:stag_void/chest"},{"predicate":{"custom_model_data":722},"model":"saigonmc_models:stag_void/right_arm"},{"predicate":{"custom_model_data":723},"model":"saigonmc_models:stag_void/left_arm"},{"predicate":{"custom_model_data":724},"model":"saigonmc_models:stag_void/tail"},{"predicate":{"custom_model_data":725},"model":"saigonmc_models:stag_void/left_leg"},{"predicate":{"custom_model_data":726},"model":"saigonmc_models:stag_void/right_leg"},{"predicate":{"custom_model_data":727},"model":"saigonmc_models:stag_void/neck"},{"predicate":{"custom_model_data":728},"model":"saigonmc_models:stag_void/right_wrist"},{"predicate":{"custom_model_data":729},"model":"saigonmc_models:stag_void/left_wrist"},{"predicate":{"custom_model_data":730},"model":"saigonmc_models:stag_void/tail_end"},{"predicate":{"custom_model_data":731},"model":"saigonmc_models:stag_void/left_ankle"},{"predicate":{"custom_model_data":732},"model":"saigonmc_models:stag_void/right_ankle"},{"predicate":{"custom_model_data":733},"model":"saigonmc_models:stag_void/head"},{"predicate":{"custom_model_data":734},"model":"saigonmc_models:stag_void/right_hand"},{"predicate":{"custom_model_data":735},"model":"saigonmc_models:stag_void/left_hand"},{"predicate":{"custom_model_data":736},"model":"saigonmc_models:stag_void/left_foot"},{"predicate":{"custom_model_data":737},"model":"saigonmc_models:stag_void/right_foot"},{"predicate":{"custom_model_data":738},"model":"saigonmc_models:chibi_pegasus/right_front_leg"},{"predicate":{"custom_model_data":739},"model":"saigonmc_models:chibi_pegasus/chest"},{"predicate":{"custom_model_data":740},"model":"saigonmc_models:chibi_pegasus/left_back_leg"},{"predicate":{"custom_model_data":741},"model":"saigonmc_models:chibi_pegasus/right_back_leg"},{"predicate":{"custom_model_data":742},"model":"saigonmc_models:chibi_pegasus/left_front_leg"},{"predicate":{"custom_model_data":743},"model":"saigonmc_models:chibi_pegasus/right_front_foreleg"},{"predicate":{"custom_model_data":744},"model":"saigonmc_models:chibi_pegasus/right_wing"},{"predicate":{"custom_model_data":745},"model":"saigonmc_models:chibi_pegasus/left_wing"},{"predicate":{"custom_model_data":746},"model":"saigonmc_models:chibi_pegasus/tail"},{"predicate":{"custom_model_data":747},"model":"saigonmc_models:chibi_pegasus/neck"},{"predicate":{"custom_model_data":748},"model":"saigonmc_models:chibi_pegasus/left_back_foreleg"},{"predicate":{"custom_model_data":749},"model":"saigonmc_models:chibi_pegasus/right_back_foreleg"},{"predicate":{"custom_model_data":750},"model":"saigonmc_models:chibi_pegasus/left_front_foreleg"},{"predicate":{"custom_model_data":751},"model":"saigonmc_models:chibi_pegasus/tail_end"},{"predicate":{"custom_model_data":752},"model":"saigonmc_models:chibi_pegasus/head"},{"predicate":{"custom_model_data":753},"model":"saigonmc_models:chibi_pegasus/ear_left"},{"predicate":{"custom_model_data":754},"model":"saigonmc_models:chibi_pegasus/ear_right"},{"predicate":{"custom_model_data":755},"model":"saigonmc_models:zc_corrupted_spike_1/bone"},{"predicate":{"custom_model_data":756},"model":"saigonmc_models:zc_corrupted_spike_2/bone"},{"predicate":{"custom_model_data":757},"model":"saigonmc_models:zc_corrupted_spire/bone5"},{"predicate":{"custom_model_data":758},"model":"saigonmc_models:zc_corrupted_spire/bone4"},{"predicate":{"custom_model_data":759},"model":"saigonmc_models:zc_corrupted_spire/bone"},{"predicate":{"custom_model_data":760},"model":"saigonmc_models:zc_corrupted_spire/bone3"},{"predicate":{"custom_model_data":761},"model":"saigonmc_models:zc_corrupted_spire/bone2"},{"predicate":{"custom_model_data":762},"model":"saigonmc_models:zc_crusher/r_leg"},{"predicate":{"custom_model_data":763},"model":"saigonmc_models:zc_crusher/l_leg"},{"predicate":{"custom_model_data":764},"model":"saigonmc_models:zc_crusher/lower_body"},{"predicate":{"custom_model_data":765},"model":"saigonmc_models:zc_crusher/r_leg_lower"},{"predicate":{"custom_model_data":766},"model":"saigonmc_models:zc_crusher/l_leg_lower"},{"predicate":{"custom_model_data":767},"model":"saigonmc_models:zc_crusher/upper_body"},{"predicate":{"custom_model_data":768},"model":"saigonmc_models:zc_crusher/r_foot"},{"predicate":{"custom_model_data":769},"model":"saigonmc_models:zc_crusher/l_foot"},{"predicate":{"custom_model_data":770},"model":"saigonmc_models:zc_crusher/head"},{"predicate":{"custom_model_data":771},"model":"saigonmc_models:zc_crusher/l_arm"},{"predicate":{"custom_model_data":772},"model":"saigonmc_models:zc_crusher/r_arm"},{"predicate":{"custom_model_data":773},"model":"saigonmc_models:zc_crusher/l_arm_lower"},{"predicate":{"custom_model_data":774},"model":"saigonmc_models:zc_crusher/r_arm_lower"},{"predicate":{"custom_model_data":775},"model":"saigonmc_models:zc_impaler/r_leg"},{"predicate":{"custom_model_data":776},"model":"saigonmc_models:zc_impaler/l_leg"},{"predicate":{"custom_model_data":777},"model":"saigonmc_models:zc_impaler/lower_body"},{"predicate":{"custom_model_data":778},"model":"saigonmc_models:zc_impaler/r_leg_lower"},{"predicate":{"custom_model_data":779},"model":"saigonmc_models:zc_impaler/l_leg_lower"},{"predicate":{"custom_model_data":780},"model":"saigonmc_models:zc_impaler/upper_body"},{"predicate":{"custom_model_data":781},"model":"saigonmc_models:zc_impaler/r_foot"},{"predicate":{"custom_model_data":782},"model":"saigonmc_models:zc_impaler/l_foot"},{"predicate":{"custom_model_data":783},"model":"saigonmc_models:zc_impaler/head"},{"predicate":{"custom_model_data":784},"model":"saigonmc_models:zc_impaler/l_arm"},{"predicate":{"custom_model_data":785},"model":"saigonmc_models:zc_impaler/r_arm"},{"predicate":{"custom_model_data":786},"model":"saigonmc_models:zc_impaler/l_arm_lower"},{"predicate":{"custom_model_data":787},"model":"saigonmc_models:zc_impaler/r_arm_lower"},{"predicate":{"custom_model_data":788},"model":"saigonmc_models:zc_runner/r_leg"},{"predicate":{"custom_model_data":789},"model":"saigonmc_models:zc_runner/l_leg"},{"predicate":{"custom_model_data":790},"model":"saigonmc_models:zc_runner/lower_body"},{"predicate":{"custom_model_data":791},"model":"saigonmc_models:zc_runner/r_leg_lower"},{"predicate":{"custom_model_data":792},"model":"saigonmc_models:zc_runner/l_leg_lower"},{"predicate":{"custom_model_data":793},"model":"saigonmc_models:zc_runner/upper_body"},{"predicate":{"custom_model_data":794},"model":"saigonmc_models:zc_runner/r_foot"},{"predicate":{"custom_model_data":795},"model":"saigonmc_models:zc_runner/l_foot"},{"predicate":{"custom_model_data":796},"model":"saigonmc_models:zc_runner/head"},{"predicate":{"custom_model_data":797},"model":"saigonmc_models:zc_runner/l_arm"},{"predicate":{"custom_model_data":798},"model":"saigonmc_models:zc_runner/r_arm"},{"predicate":{"custom_model_data":799},"model":"saigonmc_models:zc_runner/l_arm_lower"},{"predicate":{"custom_model_data":800},"model":"saigonmc_models:zc_runner/r_arm_lower"},{"predicate":{"custom_model_data":801},"model":"saigonmc_models:zc_scavenger/r_leg"},{"predicate":{"custom_model_data":802},"model":"saigonmc_models:zc_scavenger/l_leg"},{"predicate":{"custom_model_data":803},"model":"saigonmc_models:zc_scavenger/lower_body"},{"predicate":{"custom_model_data":804},"model":"saigonmc_models:zc_scavenger/r_leg_lower"},{"predicate":{"custom_model_data":805},"model":"saigonmc_models:zc_scavenger/l_leg_lower"},{"predicate":{"custom_model_data":806},"model":"saigonmc_models:zc_scavenger/upper_body"},{"predicate":{"custom_model_data":807},"model":"saigonmc_models:zc_scavenger/r_foot"},{"predicate":{"custom_model_data":808},"model":"saigonmc_models:zc_scavenger/l_foot"},{"predicate":{"custom_model_data":809},"model":"saigonmc_models:zc_scavenger/head"},{"predicate":{"custom_model_data":810},"model":"saigonmc_models:zc_scavenger/l_arm"},{"predicate":{"custom_model_data":811},"model":"saigonmc_models:zc_scavenger/r_arm"},{"predicate":{"custom_model_data":812},"model":"saigonmc_models:zc_scavenger/l_arm_lower"},{"predicate":{"custom_model_data":813},"model":"saigonmc_models:zc_scavenger/r_arm_lower"},{"predicate":{"custom_model_data":814},"model":"saigonmc_models:zc_spitter/r_leg"},{"predicate":{"custom_model_data":815},"model":"saigonmc_models:zc_spitter/l_leg"},{"predicate":{"custom_model_data":816},"model":"saigonmc_models:zc_spitter/lower_body"},{"predicate":{"custom_model_data":817},"model":"saigonmc_models:zc_spitter/r_leg_lower"},{"predicate":{"custom_model_data":818},"model":"saigonmc_models:zc_spitter/l_leg_lower"},{"predicate":{"custom_model_data":819},"model":"saigonmc_models:zc_spitter/upper_body"},{"predicate":{"custom_model_data":820},"model":"saigonmc_models:zc_spitter/r_foot"},{"predicate":{"custom_model_data":821},"model":"saigonmc_models:zc_spitter/l_foot"},{"predicate":{"custom_model_data":822},"model":"saigonmc_models:zc_spitter/head"},{"predicate":{"custom_model_data":823},"model":"saigonmc_models:zc_spitter/l_arm"},{"predicate":{"custom_model_data":824},"model":"saigonmc_models:zc_spitter/r_arm"},{"predicate":{"custom_model_data":825},"model":"saigonmc_models:zc_spitter/jaw"},{"predicate":{"custom_model_data":826},"model":"saigonmc_models:zc_spitter/l_arm_lower"},{"predicate":{"custom_model_data":827},"model":"saigonmc_models:zc_spitter/r_arm_lower"},{"predicate":{"custom_model_data":828},"model":"saigonmc_models:zc_walker/r_leg"},{"predicate":{"custom_model_data":829},"model":"saigonmc_models:zc_walker/l_leg"},{"predicate":{"custom_model_data":830},"model":"saigonmc_models:zc_walker/lower_body"},{"predicate":{"custom_model_data":831},"model":"saigonmc_models:zc_walker/r_leg_lower"},{"predicate":{"custom_model_data":832},"model":"saigonmc_models:zc_walker/l_leg_lower"},{"predicate":{"custom_model_data":833},"model":"saigonmc_models:zc_walker/upper_body"},{"predicate":{"custom_model_data":834},"model":"saigonmc_models:zc_walker/r_foot"},{"predicate":{"custom_model_data":835},"model":"saigonmc_models:zc_walker/l_foot"},{"predicate":{"custom_model_data":836},"model":"saigonmc_models:zc_walker/head"},{"predicate":{"custom_model_data":837},"model":"saigonmc_models:zc_walker/l_arm"},{"predicate":{"custom_model_data":838},"model":"saigonmc_models:zc_walker/r_arm"},{"predicate":{"custom_model_data":839},"model":"saigonmc_models:zc_walker/l_arm_lower"},{"predicate":{"custom_model_data":840},"model":"saigonmc_models:zc_walker/r_arm_lower"}],"parent":"item/generated","textures":{"layer0":"item/filled_map","layer1":"item/filled_map_markings"}}