{"parent":"item/handheld_rod","textures":{"layer0":"item/fishing_rod"},"overrides":[{"predicate":{"cast":1},"model":"item/fishing_rod_cast"},{"predicate":{"custom_model_data":10000},"model":"saigonmc:ia_auto_gen/platinum_fishing_rod"},{"predicate":{"cast":1,"custom_model_data":10000},"model":"saigonmc:ia_auto_gen/platinum_fishing_rod_cast"},{"predicate":{"custom_model_data":10001},"model":"saigonmc:items/gears/lunar_dragon/lunar_dragon_fishing_rod"},{"predicate":{"cast":1,"custom_model_data":10001},"model":"saigonmc:items/gears/lunar_dragon/lunar_dragon_fishing_rod_cast"},{"predicate":{"custom_model_data":10002},"model":"item/fishing_rod"}]}