{"parent":"minecraft:item/generated","textures":{"layer0":"minecraft:item/ink_sac"},"overrides":[{"predicate":{"custom_model_data":10000},"model":"saigonmc:pets/heads/otter"},{"predicate":{"custom_model_data":10001},"model":"saigonmc:pets/heads/cat1"},{"predicate":{"custom_model_data":10002},"model":"saigonmc:pets/heads/cat2"},{"predicate":{"custom_model_data":10003},"model":"saigonmc:pets/heads/cat3"},{"predicate":{"custom_model_data":10004},"model":"saigonmc:pets/heads/cat4"},{"predicate":{"custom_model_data":10005},"model":"saigonmc:pets/heads/cat5"},{"predicate":{"custom_model_data":10006},"model":"saigonmc:pets/heads/cat6"},{"predicate":{"custom_model_data":10007},"model":"saigonmc:pets/heads/cat_fallen"},{"predicate":{"custom_model_data":10008},"model":"saigonmc:pets/heads/capybara"},{"predicate":{"custom_model_data":10009},"model":"saigonmc:pets/heads/phantom_ghost"},{"predicate":{"custom_model_data":10010},"model":"saigonmc:pets/heads/phantom_ender"},{"predicate":{"custom_model_data":10011},"model":"saigonmc:pets/heads/kitsune_normal"},{"predicate":{"custom_model_data":10012},"model":"saigonmc:pets/heads/kitsune_inferno"},{"predicate":{"custom_model_data":10013},"model":"saigonmc:pets/heads/kitsune_demonic"},{"predicate":{"custom_model_data":10014},"model":"saigonmc:pets/heads/panda"},{"predicate":{"custom_model_data":10015},"model":"saigonmc:pets/heads/corgi"},{"predicate":{"custom_model_data":10016},"model":"saigonmc:pets/heads/chibi_pegasus"},{"predicate":{"custom_model_data":10017},"model":"saigonmc:pets/heads/capybara_small"},{"predicate":{"custom_model_data":10018},"model":"saigonmc:pets/heads/walle"},{"predicate":{"custom_model_data":10019},"model":"saigonmc:pets/heads/fairy_seed"},{"predicate":{"custom_model_data":10020},"model":"saigonmc:pets/heads/chibi_fox"},{"predicate":{"custom_model_data":10021},"model":"saigonmc:pets/heads/phoenix_baby"},{"predicate":{"custom_model_data":10022},"model":"saigonmc:pets/heads/utah_raptor"},{"predicate":{"custom_model_data":10023},"model":"saigonmc:pets/heads/chibi_salamander"},{"predicate":{"custom_model_data":10024},"model":"saigonmc:pets/heads/chibi_djinn_dragon"},{"predicate":{"custom_model_data":10025},"model":"saigonmc:pets/heads/chibi_fluffy_ram"},{"predicate":{"custom_model_data":10026},"model":"saigonmc:pets/heads/basilisk_obsidian"},{"predicate":{"custom_model_data":10027},"model":"saigonmc:pets/heads/basilisk_snowstorm"},{"predicate":{"custom_model_data":10028},"model":"saigonmc:pets/heads/basilisk_wild"},{"predicate":{"custom_model_data":10029},"model":"saigonmc:pets/heads/dragon_desert"},{"predicate":{"custom_model_data":10030},"model":"saigonmc:pets/heads/dragon_nether"},{"predicate":{"custom_model_data":10031},"model":"saigonmc:pets/heads/dragon_glacial"},{"predicate":{"custom_model_data":10032},"model":"saigonmc:pets/heads/dragon_sculk"},{"predicate":{"custom_model_data":10033},"model":"saigonmc:pets/heads/sabertooth_arctic"},{"predicate":{"custom_model_data":10034},"model":"saigonmc:pets/heads/sabertooth_midnight"},{"predicate":{"custom_model_data":10035},"model":"saigonmc:pets/heads/sabertooth_savanna"},{"predicate":{"custom_model_data":10036},"model":"saigonmc:pets/heads/stag_demonic"},{"predicate":{"custom_model_data":10037},"model":"saigonmc:pets/heads/stag_heavenly"},{"predicate":{"custom_model_data":10038},"model":"saigonmc:pets/heads/stag_rune"},{"predicate":{"custom_model_data":10039},"model":"saigonmc:pets/heads/stag_void"},{"predicate":{"custom_model_data":10040},"model":"item/ink_sac"}]}