{"parent":"minecraft:item/generated","textures":{"layer0":"minecraft:item/leather_horse_armor"},"overrides":[{"predicate":{"custom_model_data":10000},"model":"saigonmc:items/titles/admin"},{"predicate":{"custom_model_data":10001},"model":"saigonmc:items/titles/mod"},{"predicate":{"custom_model_data":10002},"model":"saigonmc:items/titles/guider"},{"predicate":{"custom_model_data":10003},"model":"saigonmc:items/titles/vip"},{"predicate":{"custom_model_data":10004},"model":"saigonmc:items/titles/player"},{"predicate":{"custom_model_data":10005},"model":"item/leather_horse_armor"}]}