{"parent":"minecraft:item/handheld","textures":{"layer0":"minecraft:item/netherite_axe"},"overrides":[{"predicate":{"custom_model_data":10000},"model":"saigonmc:items/gears/lunar_dragon/lunar_dragon_axe"},{"predicate":{"custom_model_data":10001},"model":"saigonmc:items/gears/lunar_dragon/lunar_dragon_hammer"},{"predicate":{"custom_model_data":10002},"model":"saigonmc:items/gears/cyber/cyber_techblade"},{"predicate":{"custom_model_data":10003},"model":"saigonmc:ia_auto_gen/spirit_axe"},{"predicate":{"custom_model_data":10004},"model":"saigonmc:ia_auto_gen/jade_axe"},{"predicate":{"custom_model_data":10005},"model":"item/netherite_axe"}]}