{"parent":"minecraft:item/handheld","textures":{"layer0":"minecraft:item/netherite_sword"},"overrides":[{"predicate":{"custom_model_data":10000},"model":"saigonmc:items/gears/lunar_dragon/lunar_dragon_scythe"},{"predicate":{"custom_model_data":10001},"model":"saigonmc:items/gears/lunar_dragon/lunar_dragon_spear"},{"predicate":{"custom_model_data":10002},"model":"saigonmc:items/gears/lunar_dragon/lunar_dragon_staff"},{"predicate":{"custom_model_data":10003},"model":"saigonmc:items/gears/lunar_dragon/lunar_dragon_sword"},{"predicate":{"custom_model_data":10004},"model":"saigonmc:items/gears/lunar_dragon/lunar_dragon_trident"},{"predicate":{"custom_model_data":10005},"model":"saigonmc:items/gears/lunar_dragon/lunar_dragon_greatsword"},{"predicate":{"custom_model_data":10006},"model":"saigonmc:ia_auto_gen/spirit_sword"},{"predicate":{"custom_model_data":10007},"model":"saigonmc:ia_auto_gen/jade_sword"},{"predicate":{"custom_model_data":10008},"model":"item/netherite_sword"}]}