{"parent":"minecraft:item/generated","textures":{"layer0":"minecraft:item/paper"},"overrides":[{"predicate":{"custom_model_data":10000},"model":"_iainternal:ia_auto_gen/icon_left_blue"},{"predicate":{"custom_model_data":10001},"model":"_iainternal:ia_auto_gen/icon_right_blue"},{"predicate":{"custom_model_data":10002},"model":"_iainternal:ia_auto_gen/icon_search"},{"predicate":{"custom_model_data":10003},"model":"_iainternal:ia_auto_gen/icon_cancel"},{"predicate":{"custom_model_data":10004},"model":"_iainternal:ia_auto_gen/icon_arrow_chest"},{"predicate":{"custom_model_data":10005},"model":"_iainternal:ia_auto_gen/icon_back_orange"},{"predicate":{"custom_model_data":10006},"model":"_iainternal:ia_auto_gen/icon_next_orange"},{"predicate":{"custom_model_data":10007},"model":"saigonmc:ia_auto_gen/gui_block_vote_on"},{"predicate":{"custom_model_data":10008},"model":"saigonmc:ia_auto_gen/gui_block_vote_off"},{"predicate":{"custom_model_data":10009},"model":"saigonmc:ia_auto_gen/gem_1"},{"predicate":{"custom_model_data":10010},"model":"saigonmc:ia_auto_gen/gui_block_transparent"},{"predicate":{"custom_model_data":10011},"model":"saigonmc:ia_auto_gen/gui_block_deny"},{"predicate":{"custom_model_data":10012},"model":"saigonmc:ia_auto_gen/gui_block_switch_on"},{"predicate":{"custom_model_data":10013},"model":"saigonmc:ia_auto_gen/gui_block_switch_off"},{"predicate":{"custom_model_data":10014},"model":"saigonmc:ia_auto_gen/gem_100"},{"predicate":{"custom_model_data":10015},"model":"saigonmc:ia_auto_gen/gem_1k"},{"predicate":{"custom_model_data":10016},"model":"saigonmc:ia_auto_gen/gem_10k"},{"predicate":{"custom_model_data":10017},"model":"saigonmc:ia_auto_gen/gem_100k"},{"predicate":{"custom_model_data":10018},"model":"saigonmc:ia_auto_gen/gui_block_trade_cancel"},{"predicate":{"custom_model_data":10019},"model":"saigonmc:ia_auto_gen/gui_block_trade_unready"},{"predicate":{"custom_model_data":10020},"model":"saigonmc:ia_auto_gen/gui_block_trade_ready"},{"predicate":{"custom_model_data":10021},"model":"saigonmc:items/staff/bunny_ears2"},{"predicate":{"custom_model_data":10022},"model":"saigonmc:ia_auto_gen/platinum"},{"predicate":{"custom_model_data":10023},"model":"saigonmc:ia_auto_gen/gui_block_trade_status_allow"},{"predicate":{"custom_model_data":10024},"model":"saigonmc:ia_auto_gen/gui_block_trade_status_deny"},{"predicate":{"custom_model_data":10025},"model":"saigonmc:items/addons/remote"},{"predicate":{"custom_model_data":10026},"model":"saigonmc:ia_auto_gen/gui_block_planet_s0"},{"predicate":{"custom_model_data":10027},"model":"saigonmc:ia_auto_gen/gui_block_planet_s4"},{"predicate":{"custom_model_data":10028},"model":"saigonmc:ia_auto_gen/gui_block_planet_s1"},{"predicate":{"custom_model_data":10029},"model":"saigonmc:ia_auto_gen/spirit_relic"},{"predicate":{"custom_model_data":10030},"model":"saigonmc:ia_auto_gen/gui_block_planet_s2"},{"predicate":{"custom_model_data":10031},"model":"saigonmc:ia_auto_gen/item_addson_pokeball"},{"predicate":{"custom_model_data":10032},"model":"saigonmc:ia_auto_gen/item_addson_skull"},{"predicate":{"custom_model_data":10033},"model":"saigonmc:ia_auto_gen/item_addson_swap"},{"predicate":{"custom_model_data":10034},"model":"saigonmc:ia_auto_gen/lunar_red_envelope"},{"predicate":{"custom_model_data":10035},"model":"saigonmc:ia_auto_gen/gui_block_misc_question"},{"predicate":{"custom_model_data":10036},"model":"saigonmc:ia_auto_gen/gui_block_misc_filter"},{"predicate":{"custom_model_data":10037},"model":"saigonmc:ia_auto_gen/gui_block_misc_filter_blacklist"},{"predicate":{"custom_model_data":10038},"model":"saigonmc:ia_auto_gen/gui_block_auction_my_items"},{"predicate":{"custom_model_data":10039},"model":"saigonmc:ia_auto_gen/gui_block_auction_sort"},{"predicate":{"custom_model_data":10040},"model":"saigonmc:ia_auto_gen/gui_block_auction_buying"},{"predicate":{"custom_model_data":10041},"model":"saigonmc:ia_auto_gen/gui_block_auction_expired"},{"predicate":{"custom_model_data":10042},"model":"saigonmc:ia_auto_gen/gui_block_misc_arrow_left"},{"predicate":{"custom_model_data":10043},"model":"saigonmc:ia_auto_gen/gui_block_misc_arrow_right"},{"predicate":{"custom_model_data":10045},"model":"saigonmc:ia_auto_gen/lunar_key_khai"},{"predicate":{"custom_model_data":10046},"model":"saigonmc:ia_auto_gen/lunar_key_xuan"},{"predicate":{"custom_model_data":10047},"model":"saigonmc:ia_auto_gen/lunar_key_nhu"},{"predicate":{"custom_model_data":10048},"model":"saigonmc:ia_auto_gen/lunar_key_y"},{"predicate":{"custom_model_data":10049},"model":"saigonmc:items/gears/lunar_dragon/lunar_dragon_head"},{"predicate":{"custom_model_data":10050},"model":"saigonmc:ia_auto_gen/hungking_trash_bag"},{"predicate":{"custom_model_data":10051},"model":"saigonmc:ia_auto_gen/gui_block_planet_hub"},{"predicate":{"custom_model_data":10052},"model":"saigonmc:ia_auto_gen/hungking_wrapping_paper"},{"predicate":{"custom_model_data":10053},"model":"saigonmc:ia_auto_gen/hungking_wrapping_tie"},{"predicate":{"custom_model_data":10054},"model":"saigonmc:ia_auto_gen/gui_block_misc_clear"},{"predicate":{"custom_model_data":10055},"model":"saigonmc:ia_auto_gen/gui_block_planet_s3"},{"predicate":{"custom_model_data":10056},"model":"saigonmc:items/events/rewards/large_trophy"},{"predicate":{"custom_model_data":10057},"model":"saigonmc:items/addons/paintbucket"},{"predicate":{"custom_model_data":10058},"model":"saigonmc:items/addons/threadball"},{"predicate":{"custom_model_data":10059},"model":"saigonmc:items/addons/toy_bone"},{"predicate":{"custom_model_data":10060},"model":"saigonmc:ia_auto_gen/hungking_wrapped_gift"},{"predicate":{"custom_model_data":10061},"model":"saigonmc:items/staff/mumei_hat"},{"predicate":{"custom_model_data":10062},"model":"item/paper"}]}