{"parent":"builtin/entity","gui_light":"front","display":{"gui":{"rotation":[0,0,0],"translation":[0,7,0],"scale":[1.75,1.75,1.75]},"fixed":{"rotation":[0,180,0],"translation":[0,4,0],"scale":[1,1,1]},"ground":{"rotation":[0,0,0],"translation":[0,3,0],"scale":[0.5,0.5,0.5]},"thirdperson_lefthand":{"rotation":[70,180,0],"translation":[-6,3,29.5],"scale":[2.7,2.7,2.7]},"firstperson_lefthand":{"rotation":[70,180,0],"translation":[-6,3,29.5],"scale":[0,0,0]},"thirdperson_righthand":{"rotation":[45,45,0],"translation":[0,3,0],"scale":[0.5,0.5,0.5]}},"overrides":[{"predicate":{"custom_model_data":1},"model":"custom/entities/player/head"},{"predicate":{"custom_model_data":2},"model":"custom/entities/player/right_arm"},{"predicate":{"custom_model_data":3},"model":"custom/entities/player/left_arm"},{"predicate":{"custom_model_data":4},"model":"custom/entities/player/torso"},{"predicate":{"custom_model_data":5},"model":"custom/entities/player/right_leg"},{"predicate":{"custom_model_data":6},"model":"custom/entities/player/left_leg"},{"predicate":{"custom_model_data":7},"model":"custom/entities/player/slim_right"},{"predicate":{"custom_model_data":8},"model":"custom/entities/player/slim_left"}]}