{"elements":[{"name":"stem_top","from":[1,0,1],"to":[15,16,15],"faces":{"up":{"uv":[1,1,15,15],"texture":"#top","cullface":"up"},"down":{"uv":[1,1,15,15],"texture":"#bottom","cullface":"down"}}},{"name":"stem_side","from":[1,0,2],"to":[15,16,14],"rotation":{"angle":0,"axis":"y","origin":[8,8,7]},"faces":{"north":{"uv":[1,0,15,16],"texture":"#side"},"south":{"uv":[1,0,15,16],"texture":"#side"}}},{"name":"stem_side","from":[2,0,1],"to":[14,16,15],"rotation":{"angle":0,"axis":"y","origin":[7,8,8]},"faces":{"east":{"uv":[1,0,15,16],"texture":"#arm"},"west":{"uv":[1,0,15,16],"texture":"#arm"}}},{"from":[17,5,5],"to":[21,16,11],"rotation":{"angle":0,"axis":"y","origin":[8,9,8]},"faces":{"east":{"uv":[0,0,6,11],"texture":"#arm_side"},"west":{"uv":[0,0,6,11],"texture":"#arm_side"}}},{"from":[14,5,6],"to":[17,9,10],"rotation":{"angle":0,"axis":"y","origin":[8,9,8]},"faces":{"north":{"uv":[4,11,7,15],"texture":"#arm_side"},"south":{"uv":[4,11,7,15],"rotation":180,"texture":"#arm_side"},"up":{"uv":[4,11,7,15],"rotation":180,"texture":"#arm_side"},"down":{"uv":[4,11,7,15],"rotation":180,"texture":"#arm_side"}}},{"from":[16,5,6],"to":[22,16,10],"rotation":{"angle":0,"axis":"y","origin":[8,9,8]},"faces":{"north":{"uv":[6,0,12,11],"texture":"#arm_side"},"south":{"uv":[12,0,6,11],"texture":"#arm_side"},"up":{"uv":[12,10,16,16],"rotation":90,"texture":"#arm_side"},"down":{"uv":[12,10,16,16],"rotation":270,"texture":"#arm_side"}}},{"from":[-5,2,5],"to":[-1,13,11],"rotation":{"angle":0,"axis":"y","origin":[8,6,8]},"faces":{"east":{"uv":[0,0,6,11],"texture":"#arm_side"},"west":{"uv":[0,0,6,11],"texture":"#arm_side"}}},{"from":[-1,2,6],"to":[2,6,10],"rotation":{"angle":0,"axis":"y","origin":[8,6,8]},"faces":{"north":{"uv":[4,11,7,15],"rotation":180,"texture":"#arm_side"},"south":{"uv":[4,11,7,15],"texture":"#arm_side"},"up":{"uv":[4,11,7,15],"texture":"#arm_side"},"down":{"uv":[4,11,7,15],"texture":"#arm_side"}}},{"from":[-6,2,6],"to":[0,13,10],"rotation":{"angle":0,"axis":"y","origin":[8,6,8]},"faces":{"north":{"uv":[12,0,6,11],"texture":"#arm_side"},"south":{"uv":[6,0,12,11],"texture":"#arm_side"},"up":{"uv":[12,10,16,16],"rotation":270,"texture":"#arm_side"},"down":{"uv":[12,10,16,16],"rotation":90,"texture":"#arm_side"}}}],"ambientocclusion":false,"textures":{"bottom":"block/cactus/cactus_bottom","top":"block/cactus/cactus_top","particle":"block/cactus/cactus_side","side":"block/cactus/cactus_side","arm":"block/cactus/cactus_arm_side","arm_side":"block/cactus/cactus_arm"}}