{"elements":[{"name":"stem_top","from":[1,0,1],"to":[15,16,15],"faces":{"up":{"uv":[1,1,15,15],"texture":"#top","cullface":"up"},"down":{"uv":[1,1,15,15],"texture":"#bottom","cullface":"down"}}},{"name":"stem_side","from":[1,0,2],"to":[15,16,14],"rotation":{"angle":0,"axis":"y","origin":[8,8,7]},"faces":{"north":{"uv":[1,0,15,16],"texture":"#side"},"south":{"uv":[1,0,15,16],"texture":"#side"}}},{"name":"stem_side","from":[2,0,1],"to":[14,16,15],"rotation":{"angle":0,"axis":"y","origin":[7,8,8]},"faces":{"east":{"uv":[1,0,15,16],"texture":"#arm"},"west":{"uv":[1,0,15,16],"texture":"#arm"}}},{"from":[14,3,6],"to":[19,7,10],"rotation":{"angle":0,"axis":"y","origin":[8,7,8]},"faces":{"north":{"uv":[7,11,12,15],"texture":"#arm_side"},"east":{"uv":[12,11,16,15],"rotation":180,"texture":"#arm_side"},"south":{"uv":[7,11,12,15],"rotation":180,"texture":"#arm_side"},"up":{"uv":[7,11,12,15],"rotation":180,"texture":"#arm_side"},"down":{"uv":[7,11,12,15],"rotation":180,"texture":"#arm_side"}}},{"from":[-3,6,6],"to":[2,10,10],"rotation":{"angle":0,"axis":"y","origin":[8,10,8]},"faces":{"north":{"uv":[7,11,12,15],"rotation":180,"texture":"#arm_side"},"south":{"uv":[7,11,12,15],"texture":"#arm_side"},"west":{"uv":[12,11,16,15],"rotation":180,"texture":"#arm_side"},"up":{"uv":[7,11,12,15],"texture":"#arm_side"},"down":{"uv":[7,11,12,15],"texture":"#arm_side"}}}],"ambientocclusion":false,"textures":{"bottom":"block/cactus/cactus_bottom","top":"block/cactus/cactus_top","particle":"block/cactus/cactus_side","side":"block/cactus/cactus_side","arm":"block/cactus/cactus_arm_side","arm_side":"block/cactus/cactus_arm"}}