{
  "sfx.coin": {
    "sounds": ["saigonmc:sfx/sfx_coin"]
  },
  "sfx.deny": {
    "sounds": ["saigonmc:sfx/sfx_deny"]
  },
  "sfx.mount.dragon_dash": {
    "sounds": ["saigonmc:sfx/mount/dragon_dash"],
    "subtitle": "Tiếng rồng bị nhột"
  },
  "sfx.mount.dragon_idle": {
    "sounds": ["saigonmc:sfx/mount/dragon_idle"],
    "subtitle": "Tiếng rồng thở"
  },
  "sfx.mount.sabertooth_dash": {
    "sounds": [
      "saigonmc:sfx/mount/sabertooth_dash_1",
      "saigonmc:sfx/mount/sabertooth_dash_2"
    ],
    "subtitle": "Tiếng hổ bị nhột"
  },
  "sfx.mount.sabertooth_idle": {
    "sounds": ["saigonmc:sfx/mount/sabertooth_idle"],
    "subtitle": "Tiếng hổ gầm"
  }
}
