{"texture_size":[48,48],"textures":{"0":"saigonmc:items/gears/lunar_dragon/lunar_dragon_head","particle":"saigonmc:items/gears/lunar_dragon/lunar_dragon_head"},"elements":[{"from":[3,5.18,3],"to":[13,8.18,13],"rotation":{"angle":0,"axis":"y","origin":[0,5.18,0]},"faces":{"north":{"uv":[6.66667,1.66667,10,2.66667],"texture":"#0"},"east":{"uv":[7,6.33333,10.33333,7.33333],"texture":"#0"},"south":{"uv":[6.66667,7.33333,10,8.33333],"texture":"#0"},"west":{"uv":[6.66667,8.33333,10,9.33333],"texture":"#0"},"up":{"uv":[3.33333,3.33333,0,0],"texture":"#0"},"down":{"uv":[3.33333,3.33333,0,6.66667],"texture":"#0"}}},{"from":[3.25,3.18,3.25],"to":[12.75,5.18,3.28],"rotation":{"angle":0,"axis":"y","origin":[0,5.18,0]},"faces":{"north":{"uv":[10,1.66667,13.33333,2.33333],"texture":"#0"},"south":{"uv":[13.33333,1.66667,10,2.33333],"texture":"#0"}}},{"from":[3.251,3.18,3.25],"to":[3.281,5.18,8.75],"rotation":{"angle":0,"axis":"y","origin":[3.251,4.18,8]},"faces":{"east":{"uv":[12.33333,0.66667,10.33333,1.33333],"texture":"#0"},"west":{"uv":[10.33333,0.66667,12.33333,1.33333],"texture":"#0"}}},{"from":[12.719,3.18,3.25],"to":[12.749,5.18,8.75],"rotation":{"angle":0,"axis":"y","origin":[12.749,4.18,8]},"faces":{"east":{"uv":[12.33333,0.66667,10.33333,1.33333],"texture":"#0"},"west":{"uv":[10.33333,0.66667,12.33333,1.33333],"texture":"#0"}}},{"from":[3.5,2.18,3.5],"to":[12.5,4.18,9],"rotation":{"angle":0,"axis":"y","origin":[0,5.18,0]},"faces":{"north":{"uv":[10,7.33333,13,8],"texture":"#0"},"east":{"uv":[10,9,12,9.66667],"texture":"#0"},"west":{"uv":[10,9.66667,12,10.33333],"texture":"#0"},"up":{"uv":[6.66667,9,3.66667,7],"texture":"#0"},"down":{"uv":[10,4.33333,7,6.33333],"texture":"#0"}}},{"from":[3.75,4.18,3.75],"to":[12.25,5.18,3.78],"rotation":{"angle":0,"axis":"y","origin":[0,5.18,0]},"faces":{"north":{"uv":[0,6.66667,3,7],"texture":"#0"},"south":{"uv":[3,6.66667,0,7],"texture":"#0"}}},{"from":[3.751,4.18,3.75],"to":[3.781,5.18,8.75],"rotation":{"angle":0,"axis":"y","origin":[4.001,4.68,4]},"faces":{"east":{"uv":[8.66667,11.66667,7,12],"texture":"#0"},"west":{"uv":[7,11.66667,8.66667,12],"texture":"#0"}}},{"from":[12.219,4.18,3.75],"to":[12.249,5.18,8.75],"rotation":{"angle":0,"axis":"y","origin":[11.999,4.68,4]},"faces":{"east":{"uv":[8.66667,11.66667,7,12],"texture":"#0"},"west":{"uv":[7,11.66667,8.66667,12],"texture":"#0"}}},{"from":[4,4.18,4],"to":[12,5.18,9],"rotation":{"angle":0,"axis":"y","origin":[11,5.18,0]},"faces":{"north":{"uv":[10.33333,1.33333,13,1.66667],"texture":"#0"},"east":{"uv":[11.33333,5,13,5.33333],"texture":"#0"},"west":{"uv":[11.33333,8.66667,13,9],"texture":"#0"}}},{"from":[2.5,2.18,9],"to":[13.5,6.68,13.5],"rotation":{"angle":0,"axis":"y","origin":[0,4.18,0]},"faces":{"north":{"uv":[3.33333,5.33333,7,7],"texture":"#0"},"east":{"uv":[6.66667,9.33333,8.33333,11],"texture":"#0"},"south":{"uv":[6,2.66667,9.66667,4.33333],"texture":"#0"},"west":{"uv":[8.33333,9.33333,10,11],"texture":"#0"},"up":{"uv":[10.33333,1.66667,6.66667,0],"texture":"#0"},"down":{"uv":[3.66667,7,0,8.66667],"texture":"#0"}}},{"from":[3,8.18,5],"to":[13,11.18,13],"rotation":{"angle":0,"axis":"y","origin":[0,5.18,0]},"faces":{"north":{"uv":[0,8.66667,3.33333,9.66667],"texture":"#0"},"east":{"uv":[0,9.66667,2.66667,10.66667],"texture":"#0"},"south":{"uv":[3.33333,9,6.66667,10],"texture":"#0"},"west":{"uv":[9.66667,2.66667,12.33333,3.66667],"texture":"#0"},"up":{"uv":[6.66667,2.66667,3.33333,0],"texture":"#0"}}},{"from":[2.5,9.68,4.75],"to":[6,11.68,9.75],"rotation":{"angle":-22.5,"axis":"x","origin":[2.5,9.68,5.25]},"faces":{"north":{"uv":[7,11,8.33333,11.66667],"texture":"#0"},"east":{"uv":[10.33333,6,12,6.66667],"texture":"#0"},"south":{"uv":[8.33333,11,9.66667,11.66667],"texture":"#0"},"west":{"uv":[10.33333,6.66667,12,7.33333],"texture":"#0"},"up":{"uv":[5,11.66667,3.66667,10],"texture":"#0"},"down":{"uv":[11.33333,3.66667,10,5.33333],"texture":"#0"}}},{"from":[10,9.68,4.75],"to":[13.5,11.68,9.75],"rotation":{"angle":-22.5,"axis":"x","origin":[13.5,9.68,5.25]},"faces":{"north":{"uv":[8.33333,11,7,11.66667],"texture":"#0"},"east":{"uv":[12,6.66667,10.33333,7.33333],"texture":"#0"},"south":{"uv":[9.66667,11,8.33333,11.66667],"texture":"#0"},"west":{"uv":[12,6,10.33333,6.66667],"texture":"#0"},"up":{"uv":[3.66667,11.66667,5,10],"texture":"#0"},"down":{"uv":[10,3.66667,11.33333,5.33333],"texture":"#0"}}},{"from":[6,6.68,2.5],"to":[10,8.68,5],"rotation":{"angle":0,"axis":"y","origin":[6,7.18,2]},"faces":{"north":{"uv":[11,10.33333,12.33333,11],"texture":"#0"},"east":{"uv":[11.33333,4.33333,12.33333,5],"texture":"#0"},"west":{"uv":[11.33333,8,12.33333,8.66667],"texture":"#0"},"up":{"uv":[6.33333,11,5,10],"texture":"#0"},"down":{"uv":[11.33333,8,10,9],"texture":"#0"}}},{"from":[2.75,3.18,12.75],"to":[2.78,11.18,15.75],"rotation":{"angle":-22.5,"axis":"y","origin":[2.765,7.18,14.25]},"faces":{"east":{"uv":[3.66667,10,2.66667,12.66667],"texture":"#0"},"west":{"uv":[2.66667,10,3.66667,12.66667],"texture":"#0"}}},{"from":[13.22,3.18,12.75],"to":[13.25,11.18,15.75],"rotation":{"angle":22.5,"axis":"y","origin":[13.235,7.18,14.25]},"faces":{"east":{"uv":[3.66667,10,2.66667,12.66667],"texture":"#0"},"west":{"uv":[2.66667,10,3.66667,12.66667],"texture":"#0"}}},{"from":[7.985,5.18,7],"to":[8.015,13.18,15],"rotation":{"angle":0,"axis":"y","origin":[7.985,11.18,7]},"faces":{"east":{"uv":[6,2.66667,3.33333,5.33333],"texture":"#0"},"west":{"uv":[3.33333,2.66667,6,5.33333],"texture":"#0"}}},{"from":[3.75,4.5,17],"to":[5.75,6.5,21],"rotation":{"angle":-22.5,"axis":"x","origin":[0,0,0]},"faces":{"east":{"uv":[11,11,12.33333,11.66667],"texture":"#0"},"south":{"uv":[10.33333,11.33333,11,12],"texture":"#0"},"west":{"uv":[11.33333,3.66667,12.66667,4.33333],"texture":"#0"},"up":{"uv":[2.66667,12,2,10.66667],"texture":"#0"},"down":{"uv":[10.33333,11.33333,9.66667,12.66667],"texture":"#0"}}},{"from":[3.5,4.25,14.5],"to":[6,6.75,17],"rotation":{"angle":-22.5,"axis":"x","origin":[0,0,0]},"faces":{"north":{"uv":[6,4.33333,7,5.33333],"texture":"#0"},"east":{"uv":[10,10.33333,11,11.33333],"texture":"#0"},"south":{"uv":[0,10.66667,1,11.66667],"texture":"#0"},"west":{"uv":[1,10.66667,2,11.66667],"texture":"#0"},"up":{"uv":[6,12,5,11],"texture":"#0"},"down":{"uv":[7,11,6,12],"texture":"#0"}}},{"from":[3.75,6.5,19],"to":[5.75,8.5,21],"rotation":{"angle":-22.5,"axis":"x","origin":[0,0,0]},"faces":{"north":{"uv":[3.66667,11.66667,4.33333,12.33333],"texture":"#0"},"east":{"uv":[4.33333,11.66667,5,12.33333],"texture":"#0"},"south":{"uv":[8.66667,11.66667,9.33333,12.33333],"texture":"#0"},"west":{"uv":[11,11.66667,11.66667,12.33333],"texture":"#0"},"up":{"uv":[12.33333,12.33333,11.66667,11.66667],"texture":"#0"}}},{"from":[10.25,4.5,17],"to":[12.25,6.5,21],"rotation":{"angle":-22.5,"axis":"x","origin":[16,0,0]},"faces":{"east":{"uv":[12.66667,3.66667,11.33333,4.33333],"texture":"#0"},"south":{"uv":[11,11.33333,10.33333,12],"texture":"#0"},"west":{"uv":[12.33333,11,11,11.66667],"texture":"#0"},"up":{"uv":[2,12,2.66667,10.66667],"texture":"#0"},"down":{"uv":[9.66667,11.33333,10.33333,12.66667],"texture":"#0"}}},{"from":[10.25,6.5,19],"to":[12.25,8.5,21],"rotation":{"angle":-22.5,"axis":"x","origin":[16,0,0]},"faces":{"north":{"uv":[4.33333,11.66667,3.66667,12.33333],"texture":"#0"},"east":{"uv":[11.66667,11.66667,11,12.33333],"texture":"#0"},"south":{"uv":[9.33333,11.66667,8.66667,12.33333],"texture":"#0"},"west":{"uv":[5,11.66667,4.33333,12.33333],"texture":"#0"},"up":{"uv":[11.66667,12.33333,12.33333,11.66667],"texture":"#0"}}},{"from":[10,4.25,14.5],"to":[12.5,6.75,17],"rotation":{"angle":-22.5,"axis":"x","origin":[16,0,0]},"faces":{"north":{"uv":[7,4.33333,6,5.33333],"texture":"#0"},"east":{"uv":[2,10.66667,1,11.66667],"texture":"#0"},"south":{"uv":[1,10.66667,0,11.66667],"texture":"#0"},"west":{"uv":[11,10.33333,10,11.33333],"texture":"#0"},"up":{"uv":[5,12,6,11],"texture":"#0"},"down":{"uv":[6,11,7,12],"texture":"#0"}}}],"gui_light":"front","display":{"thirdperson_righthand":{"rotation":[55.25,0,0],"translation":[0,3.25,1.5],"scale":[0.5,0.5,0.5]},"thirdperson_lefthand":{"rotation":[55.25,0,0],"translation":[0,3.25,1.5],"scale":[0.5,0.5,0.5]},"firstperson_righthand":{"rotation":[158.75,0,-180],"translation":[0,4.75,0],"scale":[0.74414,0.74414,0.74414]},"firstperson_lefthand":{"rotation":[158.75,0,-180],"translation":[0,4.75,0],"scale":[0.74414,0.74414,0.74414]},"ground":{"rotation":[25,0,0],"translation":[0,5,0]},"gui":{"rotation":[0,180,0],"translation":[0,-0.75,0]},"head":{"translation":[0,3.25,-2.25],"scale":[1.82,1.82,1.82]},"fixed":{"rotation":[-90,0,0],"translation":[0,-0.75,-12.75],"scale":[2,2,2]}}}