{"texture_size":[24,24],"textures":{"1":"saigonmc:items/gears/lunar_dragon/animations/animations_1","3":"saigonmc:items/gears/lunar_dragon/animations/animations_3","5":"saigonmc:items/gears/lunar_dragon/lunar_dragon_sword","particle":"saigonmc:items/gears/lunar_dragon/animations/animations_1"},"elements":[{"from":[7.5,0.25,7.5],"to":[8.5,2,8.5],"rotation":{"angle":45,"axis":"y","origin":[8,2.75,8]},"faces":{"north":{"uv":[9,8,9.66667,9.33333],"texture":"#5"},"east":{"uv":[9.66667,0,10.33333,1.33333],"texture":"#5"},"south":{"uv":[9.66667,1.33333,10.33333,2.66667],"texture":"#5"},"west":{"uv":[9.66667,2.66667,10.33333,4],"texture":"#5"},"up":{"uv":[11.66667,1.33333,11,0.66667],"texture":"#5"},"down":{"uv":[11.66667,1.33333,11,2],"texture":"#5"}}},{"from":[7.6,2,7.6],"to":[8.4,3.5,8.4],"rotation":{"angle":45,"axis":"y","origin":[8,2.75,8]},"faces":{"north":{"uv":[10.33333,5.33333,11,6.33333],"texture":"#5"},"east":{"uv":[10.33333,6.66667,11,7.66667],"texture":"#5"},"south":{"uv":[7.66667,10,8.33333,11],"texture":"#5"},"west":{"uv":[8.33333,10,9,11],"texture":"#5"}}},{"from":[7.4,1.1,7.4],"to":[8.6,1.6,8.6],"rotation":{"angle":45,"axis":"y","origin":[8,2.85,8]},"faces":{"north":{"uv":[11.66667,4.66667,12.33333,5],"texture":"#5"},"east":{"uv":[5.66667,11.33333,6.33333,11.66667],"texture":"#5"},"south":{"uv":[11.66667,5.33333,12.33333,5.66667],"texture":"#5"},"west":{"uv":[6.33333,11.33333,7,11.66667],"texture":"#5"},"up":{"uv":[11.66667,2.66667,11,2],"texture":"#5"},"down":{"uv":[4.33333,10.66667,3.66667,11.33333],"texture":"#5"}}},{"from":[7.5,3.5,7.5],"to":[8.5,5.5,8.5],"rotation":{"angle":45,"axis":"y","origin":[8,2.75,8]},"faces":{"north":{"uv":[9.66667,4,10.33333,5.33333],"texture":"#5"},"east":{"uv":[9.66667,5.33333,10.33333,6.66667],"texture":"#5"},"south":{"uv":[9.66667,8,10.33333,9.33333],"texture":"#5"},"west":{"uv":[9,9.33333,9.66667,10.66667],"texture":"#5"},"up":{"uv":[5,11.33333,4.33333,10.66667],"texture":"#5"},"down":{"uv":[5.66667,10.66667,5,11.33333],"texture":"#5"}}},{"from":[7.4,4,7.4],"to":[8.6,4.5,8.6],"rotation":{"angle":45,"axis":"y","origin":[8,2.75,8]},"faces":{"north":{"uv":[11.66667,6,12.33333,6.33333],"texture":"#5"},"east":{"uv":[7,11.33333,7.66667,11.66667],"texture":"#5"},"south":{"uv":[11.66667,6.66667,12.33333,7],"texture":"#5"},"west":{"uv":[7.66667,11.33333,8.33333,11.66667],"texture":"#5"},"up":{"uv":[6.33333,11.33333,5.66667,10.66667],"texture":"#5"},"down":{"uv":[11.66667,5.33333,11,6],"texture":"#5"}}},{"from":[7.265,-0.62021,8],"to":[8.735,0.54979,9.17],"rotation":{"angle":-45,"axis":"x","origin":[7.415,-0.62021,8]},"faces":{"north":{"uv":[10.33333,8,11.33333,8.66667],"texture":"#5"},"east":{"uv":[6.33333,10.66667,7,11.33333],"texture":"#5"},"south":{"uv":[10.33333,8.66667,11.33333,9.33333],"texture":"#5"},"west":{"uv":[11,6,11.66667,6.66667],"texture":"#5"},"up":{"uv":[10.66667,10.66667,9.66667,10],"texture":"#5"},"down":{"uv":[12,0,11,0.66667],"texture":"#5"}}},{"from":[7,5.15,7],"to":[9,7.15,9],"rotation":{"angle":45,"axis":"x","origin":[8,6.15,8]},"faces":{"north":{"uv":[6.33333,0,7.66667,1.33333],"texture":"#5"},"east":{"uv":[6.33333,1.33333,7.66667,2.66667],"texture":"#5"},"south":{"uv":[6.33333,2.66667,7.66667,4],"texture":"#5"},"west":{"uv":[6.33333,4,7.66667,5.33333],"texture":"#5"},"up":{"uv":[9,1.33333,7.66667,0],"texture":"#5"},"down":{"uv":[9,1.33333,7.66667,2.66667],"texture":"#5"}}},{"from":[6.75,5.4,7.25],"to":[9.25,6.9,8.75],"rotation":{"angle":45,"axis":"x","origin":[8,6.15,8]},"faces":{"north":{"uv":[7.66667,4,9.33333,5],"texture":"#5"},"east":{"uv":[9,6.66667,10,7.66667],"texture":"#5"},"south":{"uv":[5,7.33333,6.66667,8.33333],"texture":"#5"},"west":{"uv":[7.66667,8.66667,8.66667,9.66667],"texture":"#5"},"up":{"uv":[9.33333,6.33333,7.66667,5.33333],"texture":"#5"},"down":{"uv":[8.66667,7.33333,7,8.33333],"texture":"#5"}}},{"from":[8,5.44289,6.33579],"to":[9,6.44289,7.33579],"rotation":{"angle":45,"axis":"z","origin":[8,5.44289,6.33579]},"faces":{"north":{"uv":[7,10.66667,7.66667,11.33333],"texture":"#5"},"east":{"uv":[11,6.66667,11.66667,7.33333],"texture":"#5"},"south":{"uv":[11,7.33333,11.66667,8],"texture":"#5"},"west":{"uv":[9,10.66667,9.66667,11.33333],"texture":"#5"},"up":{"uv":[10.33333,11.33333,9.66667,10.66667],"texture":"#5"},"down":{"uv":[11.66667,9.33333,11,10],"texture":"#5"}}},{"from":[8,5.44289,3.33579],"to":[9,6.44289,4.33579],"rotation":{"angle":45,"axis":"z","origin":[8,5.44289,3.33579]},"faces":{"north":{"uv":[10.33333,10.66667,11,11.33333],"texture":"#5"},"east":{"uv":[11,10,11.66667,10.66667],"texture":"#5"},"south":{"uv":[11,10.66667,11.66667,11.33333],"texture":"#5"},"west":{"uv":[11.66667,0.66667,12.33333,1.33333],"texture":"#5"},"up":{"uv":[12.33333,2,11.66667,1.33333],"texture":"#5"},"down":{"uv":[12.33333,2,11.66667,2.66667],"texture":"#5"}}},{"from":[8.1,5.54289,4.33579],"to":[8.9,6.34289,6.33579],"rotation":{"angle":45,"axis":"z","origin":[8,5.44289,5.33579]},"faces":{"east":{"uv":[7.66667,6.66667,9,7.33333],"texture":"#5"},"west":{"uv":[9.66667,9.33333,11,10],"texture":"#5"},"up":{"uv":[11,1.33333,10.33333,0],"texture":"#5"},"down":{"uv":[11,1.33333,10.33333,2.66667],"texture":"#5"}}},{"from":[7.18934,6.81421,8.25],"to":[8.18934,9.31421,9.25],"rotation":{"angle":45,"axis":"y","origin":[6.93934,6.81421,8]},"faces":{"north":{"uv":[9,0,9.66667,1.66667],"texture":"#5"},"east":{"uv":[9,2,9.66667,3.66667],"texture":"#5"},"south":{"uv":[3.66667,8.66667,4.33333,10.33333],"texture":"#5"},"west":{"uv":[4.33333,8.66667,5,10.33333],"texture":"#5"},"up":{"uv":[12.33333,3.33333,11.66667,2.66667],"texture":"#5"},"down":{"uv":[4.33333,11.33333,3.66667,12],"texture":"#5"}}},{"from":[7.18934,16.81421,8.25],"to":[8.18934,19.31421,9.25],"rotation":{"angle":45,"axis":"y","origin":[6.93934,16.81421,8]},"faces":{"north":{"uv":[5,8.66667,5.66667,10.33333],"texture":"#5"},"east":{"uv":[5.66667,8.66667,6.33333,10.33333],"texture":"#5"},"south":{"uv":[6.33333,8.66667,7,10.33333],"texture":"#5"},"west":{"uv":[7,8.66667,7.66667,10.33333],"texture":"#5"},"up":{"uv":[12.33333,4,11.66667,3.33333],"texture":"#5"},"down":{"uv":[5,11.33333,4.33333,12],"texture":"#5"}}},{"from":[7.6,9.31421,7.6],"to":[8.4,16.81421,8.4],"rotation":{"angle":45,"axis":"y","origin":[8,10.56421,8]},"faces":{"north":{"uv":[3.66667,0,4.33333,5],"texture":"#5"},"east":{"uv":[4.33333,0,5,5],"texture":"#5"},"south":{"uv":[5,0,5.66667,5],"texture":"#5"},"west":{"uv":[5.66667,0,6.33333,5],"texture":"#5"}}},{"from":[7.985,6.80711,5.5],"to":[8.015,25.80711,10.5],"rotation":{"angle":0,"axis":"y","origin":[7.985,6.85711,5.5]},"faces":{"east":{"uv":[3.33333,0,0,12.66667],"texture":"#5"},"west":{"uv":[0,0,3.33333,12.66667],"texture":"#5"}}},{"from":[7,3.025,2.85],"to":[9,4.025,4.85],"rotation":{"angle":45,"axis":"y","origin":[8,3.525,3.85]},"faces":{"north":{"uv":[10.33333,2.66667,11.66667,3.33333],"texture":"#5"},"east":{"uv":[10.33333,3.33333,11.66667,4],"texture":"#5"},"south":{"uv":[10.33333,4,11.66667,4.66667],"texture":"#5"},"west":{"uv":[10.33333,4.66667,11.66667,5.33333],"texture":"#5"},"up":{"uv":[9,4,7.66667,2.66667],"texture":"#5"},"down":{"uv":[5,7.33333,3.66667,8.66667],"texture":"#5"}}},{"from":[7.5,4.025,3.35],"to":[8.5,4.525,4.35],"rotation":{"angle":45,"axis":"y","origin":[8,3.525,3.85]},"faces":{"north":{"uv":[11.66667,7.33333,12.33333,7.66667],"texture":"#5"},"east":{"uv":[8.33333,11.33333,9,11.66667],"texture":"#5"},"south":{"uv":[11.66667,8,12.33333,8.33333],"texture":"#5"},"west":{"uv":[9,11.33333,9.66667,11.66667],"texture":"#5"},"up":{"uv":[12.33333,4.66667,11.66667,4],"texture":"#5"}}},{"from":[7.5,2.525,3.35],"to":[8.5,3.025,4.35],"rotation":{"angle":45,"axis":"y","origin":[8,2.775,3.85]},"faces":{"north":{"uv":[11.66667,8.66667,12.33333,9],"texture":"#5"},"east":{"uv":[9.66667,11.33333,10.33333,11.66667],"texture":"#5"},"south":{"uv":[11.66667,9.33333,12.33333,9.66667],"texture":"#5"},"west":{"uv":[10.33333,11.33333,11,11.66667],"texture":"#5"},"down":{"uv":[5.66667,11.33333,5,12],"texture":"#5"}}},{"from":[8,0.71789,3.0875],"to":[8.03,5.46789,4.5875],"rotation":{"angle":0,"axis":"y","origin":[8.015,3.09289,12.1625]},"faces":{"east":{"uv":[0,0,3,10],"texture":"#1"},"west":{"uv":[3,0,0,10],"texture":"#1"}}},{"from":[8,5.44289,8.66421],"to":[9,6.44289,9.66421],"rotation":{"angle":45,"axis":"z","origin":[8,5.44289,9.66421]},"faces":{"north":{"uv":[11.66667,7.33333,11,8],"texture":"#5"},"east":{"uv":[11.66667,6.66667,11,7.33333],"texture":"#5"},"south":{"uv":[7.66667,10.66667,7,11.33333],"texture":"#5"},"west":{"uv":[9.66667,10.66667,9,11.33333],"texture":"#5"},"up":{"uv":[10.33333,10.66667,9.66667,11.33333],"texture":"#5"},"down":{"uv":[11.66667,10,11,9.33333],"texture":"#5"}}},{"from":[8,5.44289,11.66421],"to":[9,6.44289,12.66421],"rotation":{"angle":45,"axis":"z","origin":[8,5.44289,12.66421]},"faces":{"north":{"uv":[11.66667,10.66667,11,11.33333],"texture":"#5"},"east":{"uv":[11.66667,10,11,10.66667],"texture":"#5"},"south":{"uv":[11,10.66667,10.33333,11.33333],"texture":"#5"},"west":{"uv":[12.33333,0.66667,11.66667,1.33333],"texture":"#5"},"up":{"uv":[12.33333,1.33333,11.66667,2],"texture":"#5"},"down":{"uv":[12.33333,2.66667,11.66667,2],"texture":"#5"}}},{"from":[8.1,5.54289,9.66421],"to":[8.9,6.34289,11.66421],"rotation":{"angle":45,"axis":"z","origin":[8,5.44289,10.66421]},"faces":{"east":{"uv":[9,6.66667,7.66667,7.33333],"texture":"#5"},"west":{"uv":[11,9.33333,9.66667,10],"texture":"#5"},"up":{"uv":[11,0,10.33333,1.33333],"texture":"#5"},"down":{"uv":[11,2.66667,10.33333,1.33333],"texture":"#5"}}},{"from":[7,3.025,11.15],"to":[9,4.025,13.15],"rotation":{"angle":-45,"axis":"y","origin":[8,3.525,12.15]},"faces":{"north":{"uv":[11.66667,4,10.33333,4.66667],"texture":"#5"},"east":{"uv":[11.66667,3.33333,10.33333,4],"texture":"#5"},"south":{"uv":[11.66667,2.66667,10.33333,3.33333],"texture":"#5"},"west":{"uv":[11.66667,4.66667,10.33333,5.33333],"texture":"#5"},"up":{"uv":[9,2.66667,7.66667,4],"texture":"#5"},"down":{"uv":[5,8.66667,3.66667,7.33333],"texture":"#5"}}},{"from":[7.5,4.025,11.65],"to":[8.5,4.525,12.65],"rotation":{"angle":-45,"axis":"y","origin":[8,3.525,12.15]},"faces":{"north":{"uv":[12.33333,8,11.66667,8.33333],"texture":"#5"},"east":{"uv":[9,11.33333,8.33333,11.66667],"texture":"#5"},"south":{"uv":[12.33333,7.33333,11.66667,7.66667],"texture":"#5"},"west":{"uv":[9.66667,11.33333,9,11.66667],"texture":"#5"},"up":{"uv":[12.33333,4,11.66667,4.66667],"texture":"#5"}}},{"from":[7.5,2.525,11.65],"to":[8.5,3.025,12.65],"rotation":{"angle":-45,"axis":"y","origin":[8,2.775,12.15]},"faces":{"north":{"uv":[12.33333,9.33333,11.66667,9.66667],"texture":"#5"},"east":{"uv":[10.33333,11.33333,9.66667,11.66667],"texture":"#5"},"south":{"uv":[12.33333,8.66667,11.66667,9],"texture":"#5"},"west":{"uv":[11,11.33333,10.33333,11.66667],"texture":"#5"},"down":{"uv":[5.66667,12,5,11.33333],"texture":"#5"}}},{"from":[8,0.71789,11.4125],"to":[8.03,5.46789,12.9125],"rotation":{"angle":0,"axis":"y","origin":[8.015,3.09289,3.8375]},"faces":{"east":{"uv":[3,0,0,10],"texture":"#1"},"west":{"uv":[0,0,3,10],"texture":"#1"}}},{"from":[7.985,-2.75,8.75],"to":[8.015,-0.5,11],"rotation":{"angle":-45,"axis":"x","origin":[7.985,-3.5,8]},"faces":{"east":{"uv":[3.66667,5.33333,5.33333,7],"texture":"#5"},"west":{"uv":[5.66667,5.33333,7.33333,7],"texture":"#5"}}},{"from":[7.235,7.35711,5],"to":[7.235,23.35711,11],"rotation":{"angle":0,"axis":"y","origin":[7.985,6.85711,6]},"faces":{"north":{"uv":[0,0,0,16],"texture":"#3"},"south":{"uv":[0,0,0,16],"texture":"#3"},"west":{"uv":[0,0,6,16],"texture":"#3"},"up":{"uv":[0,6,0,0],"texture":"#3"},"down":{"uv":[0,0,0,6],"texture":"#3"}}},{"from":[8.765,7.35711,5],"to":[8.765,23.35711,11],"rotation":{"angle":0,"axis":"y","origin":[8.015,6.85711,6]},"faces":{"north":{"uv":[0,0,0,16],"texture":"#3"},"east":{"uv":[6,0,0,16],"texture":"#3"},"south":{"uv":[0,0,0,16],"texture":"#3"},"up":{"uv":[0,6,0,0],"texture":"#3"},"down":{"uv":[0,0,0,6],"texture":"#3"}}}],"gui_light":"front","display":{"thirdperson_righthand":{"translation":[0,3,1]},"thirdperson_lefthand":{"translation":[0,3,1]},"firstperson_righthand":{"rotation":[-10,0,0],"translation":[0,4.5,0]},"firstperson_lefthand":{"rotation":[-10,0,0],"translation":[0,4.5,0]},"ground":{"rotation":[-45,0,0],"translation":[0,5,0],"scale":[0.7,0.7,0.7]},"gui":{"rotation":[-90,135,90],"translation":[-1.75,-2,0],"scale":[0.7,0.7,0.7]},"head":{"rotation":[0,-90,0]},"fixed":{"rotation":[0,-90,0],"translation":[0,0,-1.75],"scale":[2,2,2]}}}