{"texture_size":[24,24],"textures":{"2":"saigonmc:items/gears/lunar_dragon/animations/animations_1","3":"saigonmc:items/gears/lunar_dragon/lunar_dragon_shovel","4":"saigonmc:items/gears/lunar_dragon/animations/animations_2","particle":"saigonmc:items/gears/lunar_dragon/animations/animations_2"},"elements":[{"from":[7.5,0.25,7.5],"to":[8.5,2,8.5],"rotation":{"angle":45,"axis":"y","origin":[8,2.75,8]},"faces":{"north":{"uv":[8.66667,4,9.33333,5.33333],"texture":"#3"},"east":{"uv":[4.66667,8.66667,5.33333,10],"texture":"#3"},"south":{"uv":[8.66667,5.33333,9.33333,6.66667],"texture":"#3"},"west":{"uv":[8.66667,6.66667,9.33333,8],"texture":"#3"},"up":{"uv":[5.33333,4,4.66667,3.33333],"texture":"#3"},"down":{"uv":[8,4.66667,7.33333,5.33333],"texture":"#3"}}},{"from":[7.6,2,7.6],"to":[8.4,3.5,8.4],"rotation":{"angle":45,"axis":"y","origin":[8,2.75,8]},"faces":{"north":{"uv":[9.33333,4,10,5],"texture":"#3"},"east":{"uv":[9.33333,5.33333,10,6.33333],"texture":"#3"},"south":{"uv":[9.33333,6.66667,10,7.66667],"texture":"#3"},"west":{"uv":[7.33333,9.33333,8,10.33333],"texture":"#3"}}},{"from":[7.4,1.1,7.4],"to":[8.6,1.6,8.6],"rotation":{"angle":45,"axis":"y","origin":[8,2.85,8]},"faces":{"north":{"uv":[6,10.66667,6.66667,11],"texture":"#3"},"east":{"uv":[6.66667,10.66667,7.33333,11],"texture":"#3"},"south":{"uv":[10.66667,6.66667,11.33333,7],"texture":"#3"},"west":{"uv":[7.33333,10.66667,8,11],"texture":"#3"},"up":{"uv":[8.66667,6.66667,8,6],"texture":"#3"},"down":{"uv":[3.33333,10,2.66667,10.66667],"texture":"#3"}}},{"from":[7.5,3.5,7.5],"to":[8.5,5.5,8.5],"rotation":{"angle":45,"axis":"y","origin":[8,2.75,8]},"faces":{"north":{"uv":[8.66667,8,9.33333,9.33333],"texture":"#3"},"east":{"uv":[9.33333,0,10,1.33333],"texture":"#3"},"south":{"uv":[9.33333,1.33333,10,2.66667],"texture":"#3"},"west":{"uv":[2,9.33333,2.66667,10.66667],"texture":"#3"},"up":{"uv":[4,10.66667,3.33333,10],"texture":"#3"},"down":{"uv":[10.66667,4,10,4.66667],"texture":"#3"}}},{"from":[7.4,4,7.4],"to":[8.6,4.5,8.6],"rotation":{"angle":45,"axis":"y","origin":[8,2.75,8]},"faces":{"north":{"uv":[10.66667,7.33333,11.33333,7.66667],"texture":"#3"},"east":{"uv":[8,10.66667,8.66667,11],"texture":"#3"},"south":{"uv":[10.66667,8,11.33333,8.33333],"texture":"#3"},"west":{"uv":[8.66667,10.66667,9.33333,11],"texture":"#3"},"up":{"uv":[5.33333,10.66667,4.66667,10],"texture":"#3"},"down":{"uv":[10.66667,4.66667,10,5.33333],"texture":"#3"}}},{"from":[7.265,-0.62021,8],"to":[8.735,0.54979,9.17],"rotation":{"angle":-45,"axis":"x","origin":[7.415,-0.62021,8]},"faces":{"north":{"uv":[8,9.33333,9,10],"texture":"#3"},"east":{"uv":[5.33333,10,6,10.66667],"texture":"#3"},"south":{"uv":[9.33333,8,10.33333,8.66667],"texture":"#3"},"west":{"uv":[10,5.33333,10.66667,6],"texture":"#3"},"up":{"uv":[10.33333,9.33333,9.33333,8.66667],"texture":"#3"},"down":{"uv":[10.33333,9.33333,9.33333,10],"texture":"#3"}}},{"from":[7,9.15,7],"to":[9,11.15,9],"rotation":{"angle":45,"axis":"x","origin":[8,10.15,8]},"faces":{"north":{"uv":[5.33333,5.33333,6.66667,6.66667],"texture":"#3"},"east":{"uv":[0,6,1.33333,7.33333],"texture":"#3"},"south":{"uv":[6,0,7.33333,1.33333],"texture":"#3"},"west":{"uv":[1.33333,6,2.66667,7.33333],"texture":"#3"},"up":{"uv":[7.33333,2.66667,6,1.33333],"texture":"#3"},"down":{"uv":[4,6,2.66667,7.33333],"texture":"#3"}}},{"from":[6.75,9.4,7.25],"to":[9.25,10.9,8.75],"rotation":{"angle":45,"axis":"x","origin":[8,10.15,8]},"faces":{"north":{"uv":[6.66667,6.66667,8.33333,7.66667],"texture":"#3"},"east":{"uv":[7.33333,8,8.33333,9],"texture":"#3"},"south":{"uv":[0,7.33333,1.66667,8.33333],"texture":"#3"},"west":{"uv":[0,8.66667,1,9.66667],"texture":"#3"},"up":{"uv":[9,1,7.33333,0],"texture":"#3"},"down":{"uv":[9,1.33333,7.33333,2.33333],"texture":"#3"}}},{"from":[7.08934,5.5,8.15],"to":[8.28934,8,9.35],"rotation":{"angle":45,"axis":"y","origin":[6.93934,1.5,8]},"faces":{"north":{"uv":[8,4,8.66667,5.66667],"texture":"#3"},"east":{"uv":[5.33333,8,6,9.66667],"texture":"#3"},"south":{"uv":[6,8,6.66667,9.66667],"texture":"#3"},"west":{"uv":[6.66667,8,7.33333,9.66667],"texture":"#3"},"up":{"uv":[6.66667,10.66667,6,10],"texture":"#3"},"down":{"uv":[10.66667,6,10,6.66667],"texture":"#3"}}},{"from":[7.5,8,7.5],"to":[8.5,9.5,8.5],"rotation":{"angle":45,"axis":"y","origin":[8,5.25,8]},"faces":{"north":{"uv":[0,10,0.66667,11],"texture":"#3"},"east":{"uv":[10,0,10.66667,1],"texture":"#3"},"south":{"uv":[0.66667,10,1.33333,11],"texture":"#3"},"west":{"uv":[10,1.33333,10.66667,2.33333],"texture":"#3"}}},{"from":[7.985,-2.75,8.75],"to":[8.015,-0.5,11],"rotation":{"angle":-45,"axis":"x","origin":[7.985,-3.5,8]},"faces":{"east":{"uv":[7,3.33333,5.33333,5],"texture":"#3"},"west":{"uv":[5.33333,3.33333,7,5],"texture":"#3"}}},{"from":[7.99625,9.44289,2.34315],"to":[8.99625,10.44289,3.34315],"rotation":{"angle":45,"axis":"z","origin":[7.99625,9.44289,2.34315]},"faces":{"north":{"uv":[6.66667,10,7.33333,10.66667],"texture":"#3"},"east":{"uv":[10,6.66667,10.66667,7.33333],"texture":"#3"},"south":{"uv":[10,7.33333,10.66667,8],"texture":"#3"},"west":{"uv":[8,10,8.66667,10.66667],"texture":"#3"},"up":{"uv":[9.33333,10.66667,8.66667,10],"texture":"#3"},"down":{"uv":[10,10,9.33333,10.66667],"texture":"#3"}}},{"from":[8.17125,9.61789,3.34315],"to":[8.82125,10.26789,5.34315],"rotation":{"angle":45,"axis":"z","origin":[7.99625,9.44289,4.34315]},"faces":{"east":{"uv":[10,10,11.33333,10.33333],"texture":"#3"},"west":{"uv":[10.66667,0,12,0.33333],"texture":"#3"},"up":{"uv":[11,2,10.66667,0.66667],"texture":"#3"},"down":{"uv":[2.33333,10.66667,2,12],"texture":"#3"}}},{"from":[6.99625,7.025,1.85736],"to":[8.99625,8.025,3.85736],"rotation":{"angle":45,"axis":"y","origin":[7.99625,7.525,2.85736]},"faces":{"north":{"uv":[6,2.66667,7.33333,3.33333],"texture":"#3"},"east":{"uv":[2.66667,9.33333,4,10],"texture":"#3"},"south":{"uv":[9.33333,2.66667,10.66667,3.33333],"texture":"#3"},"west":{"uv":[9.33333,3.33333,10.66667,4],"texture":"#3"},"up":{"uv":[6.66667,8,5.33333,6.66667],"texture":"#3"},"down":{"uv":[8,5.33333,6.66667,6.66667],"texture":"#3"}}},{"from":[7.49625,8.025,2.35736],"to":[8.49625,8.525,3.35736],"rotation":{"angle":45,"axis":"y","origin":[7.99625,7.525,2.85736]},"faces":{"north":{"uv":[10.66667,8.66667,11.33333,9],"texture":"#3"},"east":{"uv":[9.33333,10.66667,10,11],"texture":"#3"},"south":{"uv":[10.66667,9.33333,11.33333,9.66667],"texture":"#3"},"west":{"uv":[10,10.66667,10.66667,11],"texture":"#3"},"up":{"uv":[11.33333,2.66667,10.66667,2],"texture":"#3"}}},{"from":[7.49625,6.525,2.35736],"to":[8.49625,7.025,3.35736],"rotation":{"angle":45,"axis":"y","origin":[7.99625,6.775,2.85736]},"faces":{"north":{"uv":[10.66667,10.66667,11.33333,11],"texture":"#3"},"east":{"uv":[0,11.33333,0.66667,11.66667],"texture":"#3"},"south":{"uv":[0.66667,11.33333,1.33333,11.66667],"texture":"#3"},"west":{"uv":[11.33333,0.66667,12,1],"texture":"#3"},"down":{"uv":[3.33333,10.66667,2.66667,11.33333],"texture":"#3"}}},{"from":[7.99375,4.71789,2.09486],"to":[8.01375,9.46789,3.59486],"rotation":{"angle":0,"axis":"y","origin":[8.00875,7.09289,11.16986]},"faces":{"east":{"uv":[0,0,3,10],"texture":"#2"},"west":{"uv":[3,0,0,10],"texture":"#2"}}},{"from":[7.5,8.65,4.96447],"to":[8.5,11.65,7.96447],"rotation":{"angle":45,"axis":"x","origin":[8,10.15,6.46447]},"faces":{"north":{"uv":[2,7.33333,2.66667,9.33333],"texture":"#3"},"east":{"uv":[0,4,2,6],"texture":"#3"},"south":{"uv":[2.66667,7.33333,3.33333,9.33333],"texture":"#3"},"west":{"uv":[2,4,4,6],"texture":"#3"},"up":{"uv":[8,4.66667,7.33333,2.66667],"texture":"#3"},"down":{"uv":[4,7.33333,3.33333,9.33333],"texture":"#3"}}},{"from":[7.985,10.89974,4.75],"to":[8.015,16.39974,11.25],"rotation":{"angle":0,"axis":"y","origin":[8,8.81985,7.85003]},"faces":{"east":{"uv":[4.33333,0,0,3.66667],"texture":"#3"},"west":{"uv":[0,0,4.33333,3.66667],"texture":"#3"}}},{"from":[7.7535,13.51114,4.18468],"to":[8.2465,15.51114,5.75968],"rotation":{"angle":45,"axis":"x","origin":[8,13.76427,5.33687]},"faces":{"north":{"uv":[10.66667,2.66667,11,4],"texture":"#3"},"east":{"uv":[4,7.33333,5,8.66667],"texture":"#3"},"south":{"uv":[3.33333,10.66667,3.66667,12],"texture":"#3"},"west":{"uv":[8,2.66667,9,4],"texture":"#3"},"up":{"uv":[11,5,10.66667,4],"texture":"#3"},"down":{"uv":[5,10.66667,4.66667,11.66667],"texture":"#3"}}},{"from":[7.75,10.15,4.34315],"to":[8.25,14.4,5.84315],"rotation":{"angle":0,"axis":"x","origin":[8,12.76428,5.33687]},"faces":{"north":{"uv":[1.33333,8.66667,1.66667,11.66667],"texture":"#3"},"east":{"uv":[4,4,5,7],"texture":"#3"},"south":{"uv":[4,8.66667,4.33333,11.66667],"texture":"#3"},"west":{"uv":[4.66667,0,5.66667,3],"texture":"#3"},"up":{"uv":[5.66667,11.66667,5.33333,10.66667],"texture":"#3"},"down":{"uv":[11,5.33333,10.66667,6.33333],"texture":"#3"}}},{"from":[7.99625,9.44289,12.65685],"to":[8.99625,10.44289,13.65685],"rotation":{"angle":45,"axis":"z","origin":[7.99625,9.44289,13.65685]},"faces":{"north":{"uv":[10.66667,7.33333,10,8],"texture":"#3"},"east":{"uv":[10.66667,6.66667,10,7.33333],"texture":"#3"},"south":{"uv":[7.33333,10,6.66667,10.66667],"texture":"#3"},"west":{"uv":[8.66667,10,8,10.66667],"texture":"#3"},"up":{"uv":[9.33333,10,8.66667,10.66667],"texture":"#3"},"down":{"uv":[10,10.66667,9.33333,10],"texture":"#3"}}},{"from":[8.17125,9.61789,10.65685],"to":[8.82125,10.26789,12.65685],"rotation":{"angle":45,"axis":"z","origin":[7.99625,9.44289,11.65685]},"faces":{"east":{"uv":[11.33333,10,10,10.33333],"texture":"#3"},"west":{"uv":[12,0,10.66667,0.33333],"texture":"#3"},"up":{"uv":[11,0.66667,10.66667,2],"texture":"#3"},"down":{"uv":[2.33333,12,2,10.66667],"texture":"#3"}}},{"from":[6.99625,7.025,12.14264],"to":[8.99625,8.025,14.14264],"rotation":{"angle":-45,"axis":"y","origin":[7.99625,7.525,13.14264]},"faces":{"north":{"uv":[10.66667,2.66667,9.33333,3.33333],"texture":"#3"},"east":{"uv":[4,9.33333,2.66667,10],"texture":"#3"},"south":{"uv":[7.33333,2.66667,6,3.33333],"texture":"#3"},"west":{"uv":[10.66667,3.33333,9.33333,4],"texture":"#3"},"up":{"uv":[6.66667,6.66667,5.33333,8],"texture":"#3"},"down":{"uv":[8,6.66667,6.66667,5.33333],"texture":"#3"}}},{"from":[7.49625,8.025,12.64264],"to":[8.49625,8.525,13.64264],"rotation":{"angle":-45,"axis":"y","origin":[7.99625,7.525,13.14264]},"faces":{"north":{"uv":[11.33333,9.33333,10.66667,9.66667],"texture":"#3"},"east":{"uv":[10,10.66667,9.33333,11],"texture":"#3"},"south":{"uv":[11.33333,8.66667,10.66667,9],"texture":"#3"},"west":{"uv":[10.66667,10.66667,10,11],"texture":"#3"},"up":{"uv":[11.33333,2,10.66667,2.66667],"texture":"#3"}}},{"from":[7.49625,6.525,12.64264],"to":[8.49625,7.025,13.64264],"rotation":{"angle":-45,"axis":"y","origin":[7.99625,6.775,13.14264]},"faces":{"north":{"uv":[1.33333,11.33333,0.66667,11.66667],"texture":"#3"},"east":{"uv":[0.66667,11.33333,0,11.66667],"texture":"#3"},"south":{"uv":[11.33333,10.66667,10.66667,11],"texture":"#3"},"west":{"uv":[12,0.66667,11.33333,1],"texture":"#3"},"down":{"uv":[3.33333,11.33333,2.66667,10.66667],"texture":"#3"}}},{"from":[7.99375,4.71789,12.40514],"to":[8.01375,9.46789,13.90514],"rotation":{"angle":0,"axis":"y","origin":[8.00875,7.09289,4.83014]},"faces":{"east":{"uv":[3,0,0,10],"texture":"#2"},"west":{"uv":[0,0,3,10],"texture":"#2"}}},{"from":[7.5,8.65,8.03553],"to":[8.5,11.65,11.03553],"rotation":{"angle":-45,"axis":"x","origin":[8,10.15,9.53553]},"faces":{"north":{"uv":[3.33333,7.33333,2.66667,9.33333],"texture":"#3"},"east":{"uv":[2,4,0,6],"texture":"#3"},"south":{"uv":[2.66667,7.33333,2,9.33333],"texture":"#3"},"west":{"uv":[4,4,2,6],"texture":"#3"},"up":{"uv":[8,2.66667,7.33333,4.66667],"texture":"#3"},"down":{"uv":[4,9.33333,3.33333,7.33333],"texture":"#3"}}},{"from":[7.7535,13.51114,10.24032],"to":[8.2465,15.51114,11.81532],"rotation":{"angle":-45,"axis":"x","origin":[8,13.76427,10.66313]},"faces":{"north":{"uv":[3.66667,10.66667,3.33333,12],"texture":"#3"},"east":{"uv":[5,7.33333,4,8.66667],"texture":"#3"},"south":{"uv":[11,2.66667,10.66667,4],"texture":"#3"},"west":{"uv":[9,2.66667,8,4],"texture":"#3"},"up":{"uv":[11,4,10.66667,5],"texture":"#3"},"down":{"uv":[5,11.66667,4.66667,10.66667],"texture":"#3"}}},{"from":[7.75,10.15,10.15685],"to":[8.25,14.4,11.65685],"rotation":{"angle":0,"axis":"x","origin":[8,12.76428,10.66313]},"faces":{"north":{"uv":[4.33333,8.66667,4,11.66667],"texture":"#3"},"east":{"uv":[5,4,4,7],"texture":"#3"},"south":{"uv":[1.66667,8.66667,1.33333,11.66667],"texture":"#3"},"west":{"uv":[5.66667,0,4.66667,3],"texture":"#3"},"up":{"uv":[5.66667,10.66667,5.33333,11.66667],"texture":"#3"},"down":{"uv":[11,6.33333,10.66667,5.33333],"texture":"#3"}}},{"from":[6.5,6.15,4],"to":[6.5,14.15,12],"faces":{"west":{"uv":[0,0,16,16],"texture":"#4"}}},{"from":[9.5,6.15,4],"to":[9.5,14.15,12],"rotation":{"angle":0,"axis":"y","origin":[16,0,0]},"faces":{"east":{"uv":[16,0,0,16],"texture":"#4"}}}],"gui_light":"front","display":{"thirdperson_righthand":{"translation":[0,3,1]},"thirdperson_lefthand":{"translation":[0,3,1]},"firstperson_righthand":{"rotation":[-10,0,0],"translation":[0,4.5,0]},"firstperson_lefthand":{"rotation":[-10,0,0],"translation":[0,4.5,0]},"ground":{"rotation":[-45,0,0],"translation":[0,5,0],"scale":[0.7,0.7,0.7]},"gui":{"rotation":[-90,135,90],"scale":[0.9,0.9,0.9]},"head":{"rotation":[0,-90,0]},"fixed":{"rotation":[0,-90,0],"translation":[0,0,-1.75],"scale":[2,2,2]}}}