{"texture_size":[24,24],"textures":{"2":"saigonmc:items/gears/lunar_dragon/animations/animations_1","3":"saigonmc:items/gears/lunar_dragon/animations/animations_2","5":"saigonmc:items/gears/lunar_dragon/lunar_dragon_scythe"},"elements":[{"from":[7.5,0.25,7.5],"to":[8.5,2,8.5],"rotation":{"angle":45,"axis":"y","origin":[8,2.75,8]},"faces":{"north":{"uv":[9.33333,4.66667,10,6],"texture":"#5"},"east":{"uv":[9.33333,6,10,7.33333],"texture":"#5"},"south":{"uv":[9.33333,7.33333,10,8.66667],"texture":"#5"},"west":{"uv":[9.33333,8.66667,10,10],"texture":"#5"},"up":{"uv":[7.33333,3.33333,6.66667,2.66667],"texture":"#5"},"down":{"uv":[8,6.66667,7.33333,7.33333],"texture":"#5"}}},{"from":[7.6,2,7.6],"to":[8.4,3.5,8.4],"rotation":{"angle":45,"axis":"y","origin":[8,2.75,8]},"faces":{"north":{"uv":[10,7.33333,10.66667,8.33333],"texture":"#5"},"east":{"uv":[10,8.66667,10.66667,9.66667],"texture":"#5"},"south":{"uv":[9.33333,10,10,11],"texture":"#5"},"west":{"uv":[10,10,10.66667,11],"texture":"#5"}}},{"from":[7.6,12,7.6],"to":[8.4,16.5,8.4],"rotation":{"angle":45,"axis":"y","origin":[8,12.75,8]},"faces":{"north":{"uv":[2,5.33333,2.66667,8.33333],"texture":"#5"},"east":{"uv":[2.66667,5.33333,3.33333,8.33333],"texture":"#5"},"south":{"uv":[3.33333,5.33333,4,8.33333],"texture":"#5"},"west":{"uv":[4,5.33333,4.66667,8.33333],"texture":"#5"}}},{"from":[7.4,1.1,7.4],"to":[8.6,1.6,8.6],"rotation":{"angle":45,"axis":"y","origin":[8,2.85,8]},"faces":{"north":{"uv":[9.33333,11.33333,10,11.66667],"texture":"#5"},"east":{"uv":[11.33333,9.33333,12,9.66667],"texture":"#5"},"south":{"uv":[10,11.33333,10.66667,11.66667],"texture":"#5"},"west":{"uv":[11.33333,10,12,10.33333],"texture":"#5"},"up":{"uv":[11.33333,8,10.66667,7.33333],"texture":"#5"},"down":{"uv":[8.66667,10.66667,8,11.33333],"texture":"#5"}}},{"from":[7.5,3.5,7.5],"to":[8.5,5.5,8.5],"rotation":{"angle":45,"axis":"y","origin":[8,2.75,8]},"faces":{"north":{"uv":[10,0,10.66667,1.33333],"texture":"#5"},"east":{"uv":[4.66667,10,5.33333,11.33333],"texture":"#5"},"south":{"uv":[10,4.66667,10.66667,6],"texture":"#5"},"west":{"uv":[5.33333,10,6,11.33333],"texture":"#5"},"up":{"uv":[11.33333,8.66667,10.66667,8],"texture":"#5"},"down":{"uv":[9.33333,10.66667,8.66667,11.33333],"texture":"#5"}}},{"from":[7.4,4,7.4],"to":[8.6,4.5,8.6],"rotation":{"angle":45,"axis":"y","origin":[8,2.75,8]},"faces":{"north":{"uv":[10.66667,11.33333,11.33333,11.66667],"texture":"#5"},"east":{"uv":[11.33333,10.66667,12,11],"texture":"#5"},"south":{"uv":[11.33333,11.33333,12,11.66667],"texture":"#5"},"west":{"uv":[0,12,0.66667,12.33333],"texture":"#5"},"up":{"uv":[11.33333,9.33333,10.66667,8.66667],"texture":"#5"},"down":{"uv":[11.33333,9.33333,10.66667,10],"texture":"#5"}}},{"from":[7.265,-0.62021,8],"to":[8.735,0.54979,9.17],"rotation":{"angle":-45,"axis":"x","origin":[7.415,-0.62021,8]},"faces":{"north":{"uv":[0,10.66667,1,11.33333],"texture":"#5"},"east":{"uv":[10.66667,10,11.33333,10.66667],"texture":"#5"},"south":{"uv":[10.66667,0,11.66667,0.66667],"texture":"#5"},"west":{"uv":[10.66667,10.66667,11.33333,11.33333],"texture":"#5"},"up":{"uv":[11.66667,1.33333,10.66667,0.66667],"texture":"#5"},"down":{"uv":[3,10.66667,2,11.33333],"texture":"#5"}}},{"from":[7,22.65,7],"to":[9,24.65,9],"rotation":{"angle":45,"axis":"x","origin":[8,23.65,8]},"faces":{"north":{"uv":[4.66667,5.33333,6,6.66667],"texture":"#5"},"east":{"uv":[6,3.33333,7.33333,4.66667],"texture":"#5"},"south":{"uv":[6,4.66667,7.33333,6],"texture":"#5"},"west":{"uv":[6,6,7.33333,7.33333],"texture":"#5"},"up":{"uv":[8,1.33333,6.66667,0],"texture":"#5"},"down":{"uv":[8,1.33333,6.66667,2.66667],"texture":"#5"}}},{"from":[6.75,22.9,7.25],"to":[9.25,24.4,8.75],"rotation":{"angle":45,"axis":"x","origin":[8,23.65,8]},"faces":{"north":{"uv":[7.33333,2.66667,9,3.66667],"texture":"#5"},"east":{"uv":[9.33333,2,10.33333,3],"texture":"#5"},"south":{"uv":[7.33333,4,9,5],"texture":"#5"},"west":{"uv":[9.33333,3.33333,10.33333,4.33333],"texture":"#5"},"up":{"uv":[9,6.33333,7.33333,5.33333],"texture":"#5"},"down":{"uv":[7.66667,7.33333,6,8.33333],"texture":"#5"}}},{"from":[7.08934,5.5,8.15],"to":[8.28934,8,9.35],"rotation":{"angle":45,"axis":"y","origin":[6.93934,1.5,8]},"faces":{"north":{"uv":[8,6.66667,8.66667,8.33333],"texture":"#5"},"east":{"uv":[0,8.66667,0.66667,10.33333],"texture":"#5"},"south":{"uv":[8.66667,0,9.33333,1.66667],"texture":"#5"},"west":{"uv":[0.66667,8.66667,1.33333,10.33333],"texture":"#5"},"up":{"uv":[0.66667,12,0,11.33333],"texture":"#5"},"down":{"uv":[1.33333,11.33333,0.66667,12],"texture":"#5"}}},{"from":[7.08934,9.5,8.15],"to":[8.28934,12,9.35],"rotation":{"angle":45,"axis":"y","origin":[6.93934,9.5,8]},"faces":{"north":{"uv":[2,8.66667,2.66667,10.33333],"texture":"#5"},"east":{"uv":[2.66667,8.66667,3.33333,10.33333],"texture":"#5"},"south":{"uv":[3.33333,8.66667,4,10.33333],"texture":"#5"},"west":{"uv":[4,8.66667,4.66667,10.33333],"texture":"#5"},"up":{"uv":[2,12,1.33333,11.33333],"texture":"#5"},"down":{"uv":[12,1.33333,11.33333,2],"texture":"#5"}}},{"from":[7.5,8,7.5],"to":[8.5,9.5,8.5],"rotation":{"angle":45,"axis":"y","origin":[8,5.25,8]},"faces":{"north":{"uv":[10.66667,2,11.33333,3],"texture":"#5"},"east":{"uv":[3.33333,10.66667,4,11.66667],"texture":"#5"},"south":{"uv":[10.66667,3.33333,11.33333,4.33333],"texture":"#5"},"west":{"uv":[4,10.66667,4.66667,11.66667],"texture":"#5"}}},{"from":[7.08934,16.5,8.15],"to":[8.28934,19,9.35],"rotation":{"angle":45,"axis":"y","origin":[6.93934,12.5,8]},"faces":{"north":{"uv":[6,8.66667,6.66667,10.33333],"texture":"#5"},"east":{"uv":[6.66667,8.66667,7.33333,10.33333],"texture":"#5"},"south":{"uv":[8.66667,6.66667,9.33333,8.33333],"texture":"#5"},"west":{"uv":[7.33333,8.66667,8,10.33333],"texture":"#5"},"up":{"uv":[2.66667,12,2,11.33333],"texture":"#5"},"down":{"uv":[12,2,11.33333,2.66667],"texture":"#5"}}},{"from":[7.08934,20.5,8.15],"to":[8.28934,23,9.35],"rotation":{"angle":45,"axis":"y","origin":[6.93934,20.5,8]},"faces":{"north":{"uv":[8,8.66667,8.66667,10.33333],"texture":"#5"},"east":{"uv":[8.66667,8.66667,9.33333,10.33333],"texture":"#5"},"south":{"uv":[9.33333,0,10,1.66667],"texture":"#5"},"west":{"uv":[1.33333,9.33333,2,11],"texture":"#5"},"up":{"uv":[3.33333,12,2.66667,11.33333],"texture":"#5"},"down":{"uv":[12,2.66667,11.33333,3.33333],"texture":"#5"}}},{"from":[7.5,19,7.5],"to":[8.5,20.5,8.5],"rotation":{"angle":45,"axis":"y","origin":[8,16.25,8]},"faces":{"north":{"uv":[10.66667,4.66667,11.33333,5.66667],"texture":"#5"},"east":{"uv":[6,10.66667,6.66667,11.66667],"texture":"#5"},"south":{"uv":[6.66667,10.66667,7.33333,11.66667],"texture":"#5"},"west":{"uv":[7.33333,10.66667,8,11.66667],"texture":"#5"}}},{"from":[7.985,-2.75,8.75],"to":[8.015,-0.5,11],"rotation":{"angle":-45,"axis":"x","origin":[7.985,-3.5,8]},"faces":{"east":{"uv":[4,3.33333,5.66667,5],"texture":"#5"},"west":{"uv":[0,5.33333,1.66667,7],"texture":"#5"}}},{"from":[7.99625,22.94289,10.66421],"to":[8.99625,23.94289,11.66421],"rotation":{"angle":45,"axis":"z","origin":[7.99625,22.94289,11.66421]},"faces":{"north":{"uv":[11.33333,3.33333,12,4],"texture":"#5"},"east":{"uv":[11.33333,4,12,4.66667],"texture":"#5"},"south":{"uv":[4.66667,11.33333,5.33333,12],"texture":"#5"},"west":{"uv":[11.33333,4.66667,12,5.33333],"texture":"#5"},"up":{"uv":[6,12,5.33333,11.33333],"texture":"#5"},"down":{"uv":[12,5.33333,11.33333,6],"texture":"#5"}}},{"from":[8.17125,23.11789,8.66421],"to":[8.82125,23.76789,10.66421],"rotation":{"angle":45,"axis":"z","origin":[7.99625,22.94289,9.66421]},"faces":{"east":{"uv":[11.33333,6,12.66667,6.33333],"texture":"#5"},"west":{"uv":[11.33333,6.66667,12.66667,7],"texture":"#5"},"up":{"uv":[11.66667,8.66667,11.33333,7.33333],"texture":"#5"},"down":{"uv":[8.33333,11.33333,8,12.66667],"texture":"#5"}}},{"from":[6.99625,20.525,10.15],"to":[8.99625,21.525,12.15],"rotation":{"angle":-45,"axis":"y","origin":[7.99625,21.025,11.15]},"faces":{"north":{"uv":[8,2,9.33333,2.66667],"texture":"#5"},"east":{"uv":[10,1.33333,11.33333,2],"texture":"#5"},"south":{"uv":[10,6,11.33333,6.66667],"texture":"#5"},"west":{"uv":[10,6.66667,11.33333,7.33333],"texture":"#5"},"up":{"uv":[6,8,4.66667,6.66667],"texture":"#5"},"down":{"uv":[1.33333,7.33333,0,8.66667],"texture":"#5"}}},{"from":[7.49625,21.525,10.65],"to":[8.49625,22.025,11.65],"rotation":{"angle":-45,"axis":"y","origin":[7.99625,21.025,11.15]},"faces":{"north":{"uv":[12,0,12.66667,0.33333],"texture":"#5"},"east":{"uv":[0.66667,12,1.33333,12.33333],"texture":"#5"},"south":{"uv":[12,0.66667,12.66667,1],"texture":"#5"},"west":{"uv":[1.33333,12,2,12.33333],"texture":"#5"},"up":{"uv":[9.33333,12,8.66667,11.33333],"texture":"#5"}}},{"from":[7.49625,20.025,10.65],"to":[8.49625,20.525,11.65],"rotation":{"angle":-45,"axis":"y","origin":[7.99625,20.275,11.15]},"faces":{"north":{"uv":[12,1.33333,12.66667,1.66667],"texture":"#5"},"east":{"uv":[2,12,2.66667,12.33333],"texture":"#5"},"south":{"uv":[12,2,12.66667,2.33333],"texture":"#5"},"west":{"uv":[2.66667,12,3.33333,12.33333],"texture":"#5"},"down":{"uv":[12,8.66667,11.33333,9.33333],"texture":"#5"}}},{"from":[7.99375,18.21789,10.4125],"to":[8.01375,22.96789,11.9125],"rotation":{"angle":0,"axis":"y","origin":[8.00875,20.59289,2.8375]},"faces":{"east":{"uv":[3,0,0,10],"texture":"#2"},"west":{"uv":[0,0,3,10],"texture":"#2"}}},{"from":[7.5,22.15,4.96447],"to":[8.5,25.15,7.96447],"rotation":{"angle":-45,"axis":"x","origin":[8,23.65,6.46447]},"faces":{"north":{"uv":[1.33333,7.33333,2,9.33333],"texture":"#5"},"east":{"uv":[0,3.33333,2,5.33333],"texture":"#5"},"south":{"uv":[8,0,8.66667,2],"texture":"#5"},"west":{"uv":[2,3.33333,4,5.33333],"texture":"#5"},"up":{"uv":[5.33333,10,4.66667,8],"texture":"#5"},"down":{"uv":[6,8,5.33333,10],"texture":"#5"}}},{"from":[6.5,19.65,4],"to":[6.5,27.65,12],"rotation":{"angle":0,"axis":"y","origin":[0,11,0]},"faces":{"west":{"uv":[0,0,16,16],"texture":"#3"}}},{"from":[9.5,19.65,4],"to":[9.5,27.65,12],"rotation":{"angle":0,"axis":"y","origin":[16,11,0]},"faces":{"east":{"uv":[16,0,0,16],"texture":"#3"}}},{"from":[7.985,17.78597,-2.54389],"to":[8.015,22.78597,7.45611],"rotation":{"angle":-22.5,"axis":"x","origin":[6.985,21.78597,-0.54389]},"faces":{"east":{"uv":[6.66667,0,0,3.33333],"texture":"#5"},"west":{"uv":[0,0,6.66667,3.33333],"texture":"#5"}}}],"gui_light":"front","display":{"thirdperson_righthand":{"translation":[0,-5.25,1]},"thirdperson_lefthand":{"translation":[0,-5.25,1]},"firstperson_righthand":{"rotation":[-10,0,0],"translation":[2,-4.75,0.75]},"firstperson_lefthand":{"rotation":[-10,0,0],"translation":[2,-4.75,0.75]},"ground":{"rotation":[-45,0,0],"translation":[0,5,0],"scale":[0.7,0.7,0.7]},"gui":{"rotation":[-90,135,90],"translation":[-1.5,-2.25,0],"scale":[0.6,0.6,0.6]},"head":{"rotation":[0,-90,0]},"fixed":{"rotation":[0,-90,0],"translation":[0,-5.75,-1.75],"scale":[2,2,2]}}}