{"textures":{"0":"saigonmc_models:entity/basilisk_obsidian"},"elements":[{"from":[-0.93370914,12.186634,19.233807],"to":[1.0662904,16.186634,21.233807],"faces":{"east":{"uv":[8.1875,8.3125,8.0625,8.5625],"tintindex":0,"rotation":0,"texture":"#0"},"south":{"uv":[8.0,8.3125,7.875,8.5625],"tintindex":0,"rotation":0,"texture":"#0"},"north":{"uv":[8.4375,6.25,8.3125,6.5],"tintindex":0,"rotation":0,"texture":"#0"},"west":{"uv":[7.25,8.3125,7.125,8.5625],"tintindex":0,"rotation":0,"texture":"#0"},"up":{"uv":[8.125,1.9375,8.25,1.8125],"tintindex":0,"rotation":0,"texture":"#0"},"down":{"uv":[8.125,5.0,8.25,5.125],"tintindex":0,"rotation":0,"texture":"#0"}},"rotation":{"origin":[0.2626996,12.675294,20.233807],"angle":45.0,"axis":"z"}},{"from":[6.894486,13.994853,15.100288],"to":[10.894485,21.994854,20.100288],"faces":{"east":{"uv":[5.5625,6.5,5.875,7.0],"tintindex":0,"rotation":0,"texture":"#0"},"south":{"uv":[3.875,7.0,4.125,7.5],"tintindex":0,"rotation":0,"texture":"#0"},"north":{"uv":[2.5,7.0,2.75,7.5],"tintindex":0,"rotation":0,"texture":"#0"},"west":{"uv":[1.75,6.5625,2.0625,7.0625],"tintindex":0,"rotation":0,"texture":"#0"},"up":{"uv":[0.625,7.75,0.375,7.4375],"tintindex":0,"rotation":0,"texture":"#0"},"down":{"uv":[7.6875,2.0,7.4375,2.3125],"tintindex":0,"rotation":0,"texture":"#0"}},"rotation":{"origin":[9.870781,11.595407,9.983807],"angle":22.5,"axis":"x"}},{"from":[-0.26584148,10.778388,18.733807],"to":[3.734158,13.778388,21.733807],"faces":{"east":{"uv":[0.4375,8.375,0.25,8.1875],"tintindex":0,"rotation":90,"texture":"#0"},"south":{"uv":[7.875,7.375,8.0625,7.125],"tintindex":0,"rotation":90,"texture":"#0"},"north":{"uv":[3.8125,8.125,4.0,7.875],"tintindex":0,"rotation":270,"texture":"#0"},"west":{"uv":[0.1875,8.1875,0.0,8.375],"tintindex":0,"rotation":90,"texture":"#0"},"up":{"uv":[3.125,8.1875,3.3125,7.9375],"tintindex":0,"rotation":90,"texture":"#0"},"down":{"uv":[7.875,7.0625,8.0625,6.8125],"tintindex":0,"rotation":90,"texture":"#0"}},"rotation":{"origin":[0.2626996,12.675294,20.233807],"angle":-22.5,"axis":"z"}},{"from":[2.394486,3.4355516,7.7338066],"to":[15.394485,12.435552,23.733807],"faces":{"east":{"uv":[3.0,1.375,4.0,1.9375],"tintindex":0,"rotation":0,"texture":"#0"},"south":{"uv":[0.0,4.375,0.8125,4.9375],"tintindex":0,"rotation":0,"texture":"#0"},"north":{"uv":[1.5,4.1875,2.3125,4.75],"tintindex":0,"rotation":0,"texture":"#0"},"west":{"uv":[3.0,2.0,4.0,2.5625],"tintindex":0,"rotation":0,"texture":"#0"},"up":{"uv":[0.8125,2.25,0.0,1.25],"tintindex":0,"rotation":0,"texture":"#0"},"down":{"uv":[1.6875,1.25,0.875,2.25],"tintindex":0,"rotation":0,"texture":"#0"}}},{"from":[14.054813,10.778388,18.733807],"to":[18.054813,13.778388,21.733807],"faces":{"east":{"uv":[0.1875,8.375,0.0,8.1875],"tintindex":0,"rotation":90,"texture":"#0"},"south":{"uv":[7.875,7.125,8.0625,7.375],"tintindex":0,"rotation":90,"texture":"#0"},"north":{"uv":[3.8125,7.875,4.0,8.125],"tintindex":0,"rotation":270,"texture":"#0"},"west":{"uv":[0.4375,8.1875,0.25,8.375],"tintindex":0,"rotation":90,"texture":"#0"},"up":{"uv":[3.125,7.9375,3.3125,8.1875],"tintindex":0,"rotation":90,"texture":"#0"},"down":{"uv":[7.875,6.8125,8.0625,7.0625],"tintindex":0,"rotation":90,"texture":"#0"}},"rotation":{"origin":[17.526272,12.675294,20.233807],"angle":22.5,"axis":"z"}},{"from":[7.894486,21.305607,16.065363],"to":[9.894486,30.305607,19.065363],"faces":{"east":{"uv":[4.75,7.125,4.9375,7.6875],"tintindex":0,"rotation":0,"texture":"#0"},"south":{"uv":[0.0,7.5,0.125,8.0625],"tintindex":0,"rotation":0,"texture":"#0"},"north":{"uv":[2.0625,7.375,2.1875,7.9375],"tintindex":0,"rotation":0,"texture":"#0"},"west":{"uv":[3.3125,7.3125,3.5,7.875],"tintindex":0,"rotation":0,"texture":"#0"},"up":{"uv":[8.5625,8.1875,8.4375,8.0],"tintindex":0,"rotation":0,"texture":"#0"},"down":{"uv":[8.5625,8.25,8.4375,8.4375],"tintindex":0,"rotation":0,"texture":"#0"}},"rotation":{"origin":[9.870781,11.595407,9.983807],"angle":22.5,"axis":"x"}}],"display":{"gui":{"rotation":[30,225,0]}}}