{"textures":{"0":"saigonmc_models:entity/basilisk_obsidian"},"elements":[{"from":[4.0040164,6.2947855,-5.517023],"to":[11.504017,11.294786,3.982977],"faces":{"east":{"uv":[1.75,1.25,2.9375,1.875],"tintindex":0,"rotation":0,"texture":"#0"},"south":{"uv":[3.0,0.6875,3.9375,1.3125],"tintindex":0,"rotation":0,"texture":"#0"},"north":{"uv":[0.0,3.0,0.9375,3.625],"tintindex":0,"rotation":0,"texture":"#0"},"west":{"uv":[1.75,1.9375,2.9375,2.5625],"tintindex":0,"rotation":0,"texture":"#0"},"up":{"uv":[0.9375,1.1875,0.0,0.0],"tintindex":0,"rotation":0,"texture":"#0"},"down":{"uv":[1.9375,0.0,1.0,1.1875],"tintindex":0,"rotation":0,"texture":"#0"}}},{"from":[3.7540164,11.544786,-4.017023],"to":[11.754017,13.044786,0.9829769],"faces":{"east":{"uv":[1.625,7.125,2.25,7.3125],"tintindex":0,"rotation":0,"texture":"#0"},"south":{"uv":[6.4375,3.6875,7.4375,3.875],"tintindex":0,"rotation":0,"texture":"#0"},"north":{"uv":[6.4375,1.75,7.4375,1.9375],"tintindex":0,"rotation":0,"texture":"#0"},"west":{"uv":[7.125,4.4375,7.75,4.625],"tintindex":0,"rotation":0,"texture":"#0"},"up":{"uv":[2.0625,3.25,1.0625,2.625],"tintindex":0,"rotation":0,"texture":"#0"},"down":{"uv":[3.125,2.625,2.125,3.25],"tintindex":0,"rotation":0,"texture":"#0"}}},{"from":[11.668114,10.682827,9.232977],"to":[12.668114,12.682827,10.232977],"faces":{"east":{"uv":[7.125,8.3125,7.25,8.5625],"tintindex":0,"rotation":0,"texture":"#0"},"south":{"uv":[7.875,8.3125,8.0,8.5625],"tintindex":0,"rotation":0,"texture":"#0"},"north":{"uv":[8.3125,6.25,8.4375,6.5],"tintindex":0,"rotation":0,"texture":"#0"},"west":{"uv":[8.0625,8.3125,8.1875,8.5625],"tintindex":0,"rotation":0,"texture":"#0"},"up":{"uv":[8.25,1.9375,8.125,1.8125],"tintindex":0,"rotation":0,"texture":"#0"},"down":{"uv":[8.25,5.0,8.125,5.125],"tintindex":0,"rotation":0,"texture":"#0"}},"rotation":{"origin":[12.06991,10.927156,9.732977],"angle":-45.0,"axis":"z"}},{"from":[3.1738524,10.478704,1.9829769],"to":[5.1738524,11.978704,3.482977],"faces":{"east":{"uv":[0.4375,8.375,0.25,8.1875],"tintindex":0,"rotation":90,"texture":"#0"},"south":{"uv":[7.875,7.375,8.0625,7.125],"tintindex":0,"rotation":90,"texture":"#0"},"north":{"uv":[3.8125,8.125,4.0,7.875],"tintindex":0,"rotation":270,"texture":"#0"},"west":{"uv":[0.1875,8.1875,0.0,8.375],"tintindex":0,"rotation":90,"texture":"#0"},"up":{"uv":[3.125,8.1875,3.3125,7.9375],"tintindex":0,"rotation":90,"texture":"#0"},"down":{"uv":[7.875,7.0625,8.0625,6.8125],"tintindex":0,"rotation":90,"texture":"#0"}},"rotation":{"origin":[3.4381232,11.427156,2.732977],"angle":-22.5,"axis":"z"}},{"from":[4.7236996,11.647858,-5.017023],"to":[6.2236996,13.647858,-3.517023],"faces":{"east":{"uv":[3.3125,7.9375,3.125,8.1875],"tintindex":0,"rotation":0,"texture":"#0"},"south":{"uv":[8.0625,7.125,7.875,7.375],"tintindex":0,"rotation":0,"texture":"#0"},"north":{"uv":[4.0,7.875,3.8125,8.125],"tintindex":0,"rotation":0,"texture":"#0"},"west":{"uv":[8.0625,6.8125,7.875,7.0625],"tintindex":0,"rotation":0,"texture":"#0"},"up":{"uv":[0.0,8.375,0.1875,8.1875],"tintindex":0,"rotation":0,"texture":"#0"},"down":{"uv":[0.25,8.1875,0.4375,8.375],"tintindex":0,"rotation":0,"texture":"#0"}},"rotation":{"origin":[7.015869,10.374714,4.607977],"angle":45.0,"axis":"z"}},{"from":[3.7540164,6.0447855,-2.517023],"to":[11.754017,8.544786,-0.5170231],"faces":{"east":{"uv":[6.875,7.4375,7.125,7.75],"tintindex":0,"rotation":0,"texture":"#0"},"south":{"uv":[4.9375,4.0625,5.9375,4.375],"tintindex":0,"rotation":0,"texture":"#0"},"north":{"uv":[4.9375,1.6875,5.9375,2.0],"tintindex":0,"rotation":0,"texture":"#0"},"west":{"uv":[7.1875,7.4375,7.4375,7.75],"tintindex":0,"rotation":0,"texture":"#0"},"up":{"uv":[6.0625,0.6875,5.0625,0.4375],"tintindex":0,"rotation":0,"texture":"#0"},"down":{"uv":[6.0625,0.75,5.0625,1.0],"tintindex":0,"rotation":0,"texture":"#0"}}},{"from":[2.144744,9.314947,-0.017023087],"to":[3.144744,11.814947,0.9829769],"faces":{"east":{"uv":[8.1875,1.1875,8.0625,1.5],"tintindex":0,"rotation":0,"texture":"#0"},"south":{"uv":[3.5,7.9375,3.375,8.25],"tintindex":0,"rotation":0,"texture":"#0"},"north":{"uv":[5.9375,3.6875,5.8125,4.0],"tintindex":0,"rotation":0,"texture":"#0"},"west":{"uv":[3.25,7.5625,3.125,7.875],"tintindex":0,"rotation":0,"texture":"#0"},"up":{"uv":[4.5625,3.75,4.6875,3.625],"tintindex":0,"rotation":0,"texture":"#0"},"down":{"uv":[6.125,0.875,6.25,1.0],"tintindex":0,"rotation":0,"texture":"#0"}},"rotation":{"origin":[2.9209337,9.732113,0.4829769],"angle":45.0,"axis":"z"}},{"from":[2.8399186,11.182827,2.232977],"to":[3.8399186,13.182827,3.232977],"faces":{"east":{"uv":[8.1875,8.3125,8.0625,8.5625],"tintindex":0,"rotation":0,"texture":"#0"},"south":{"uv":[8.0,8.3125,7.875,8.5625],"tintindex":0,"rotation":0,"texture":"#0"},"north":{"uv":[8.4375,6.25,8.3125,6.5],"tintindex":0,"rotation":0,"texture":"#0"},"west":{"uv":[7.25,8.3125,7.125,8.5625],"tintindex":0,"rotation":0,"texture":"#0"},"up":{"uv":[8.125,1.9375,8.25,1.8125],"tintindex":0,"rotation":0,"texture":"#0"},"down":{"uv":[8.125,5.0,8.25,5.125],"tintindex":0,"rotation":0,"texture":"#0"}},"rotation":{"origin":[3.4381232,11.427156,2.732977],"angle":45.0,"axis":"z"}},{"from":[10.334181,10.478704,1.9829769],"to":[12.334181,11.978704,3.482977],"faces":{"east":{"uv":[0.1875,8.375,0.0,8.1875],"tintindex":0,"rotation":90,"texture":"#0"},"south":{"uv":[7.875,7.125,8.0625,7.375],"tintindex":0,"rotation":90,"texture":"#0"},"north":{"uv":[3.8125,7.875,4.0,8.125],"tintindex":0,"rotation":270,"texture":"#0"},"west":{"uv":[0.4375,8.1875,0.25,8.375],"tintindex":0,"rotation":90,"texture":"#0"},"up":{"uv":[3.125,7.9375,3.3125,8.1875],"tintindex":0,"rotation":90,"texture":"#0"},"down":{"uv":[7.875,6.8125,8.0625,7.0625],"tintindex":0,"rotation":90,"texture":"#0"}},"rotation":{"origin":[12.06991,11.427156,2.732977],"angle":22.5,"axis":"z"}},{"from":[7.2540164,13.242371,1.3935385],"to":[8.254017,20.24237,3.3935385],"faces":{"east":{"uv":[2.875,3.3125,3.125,4.1875],"tintindex":0,"rotation":0,"texture":"#0"},"south":{"uv":[4.5625,7.125,4.6875,8.0],"tintindex":0,"rotation":0,"texture":"#0"},"north":{"uv":[2.3125,7.125,2.4375,8.0],"tintindex":0,"rotation":0,"texture":"#0"},"west":{"uv":[3.125,3.3125,2.875,4.1875],"tintindex":0,"rotation":0,"texture":"#0"},"up":{"uv":[8.5625,3.625,8.4375,3.375],"tintindex":0,"rotation":0,"texture":"#0"},"down":{"uv":[3.8125,8.4375,3.6875,8.6875],"tintindex":0,"rotation":0,"texture":"#0"}},"rotation":{"origin":[8.242164,10.374714,4.607977],"angle":22.5,"axis":"x"}},{"from":[11.668114,11.182827,2.232977],"to":[12.668114,13.182827,3.232977],"faces":{"east":{"uv":[7.125,8.3125,7.25,8.5625],"tintindex":0,"rotation":0,"texture":"#0"},"south":{"uv":[7.875,8.3125,8.0,8.5625],"tintindex":0,"rotation":0,"texture":"#0"},"north":{"uv":[8.3125,6.25,8.4375,6.5],"tintindex":0,"rotation":0,"texture":"#0"},"west":{"uv":[8.0625,8.3125,8.1875,8.5625],"tintindex":0,"rotation":0,"texture":"#0"},"up":{"uv":[8.25,1.9375,8.125,1.8125],"tintindex":0,"rotation":0,"texture":"#0"},"down":{"uv":[8.25,5.0,8.125,5.125],"tintindex":0,"rotation":0,"texture":"#0"}},"rotation":{"origin":[12.06991,11.427156,2.732977],"angle":-45.0,"axis":"z"}},{"from":[9.284332,11.647858,-5.017023],"to":[10.784333,13.647858,-3.517023],"faces":{"east":{"uv":[7.875,6.8125,8.0625,7.0625],"tintindex":0,"rotation":0,"texture":"#0"},"south":{"uv":[7.875,7.125,8.0625,7.375],"tintindex":0,"rotation":0,"texture":"#0"},"north":{"uv":[3.8125,7.875,4.0,8.125],"tintindex":0,"rotation":0,"texture":"#0"},"west":{"uv":[3.125,7.9375,3.3125,8.1875],"tintindex":0,"rotation":0,"texture":"#0"},"up":{"uv":[0.1875,8.375,0.0,8.1875],"tintindex":0,"rotation":0,"texture":"#0"},"down":{"uv":[0.4375,8.1875,0.25,8.375],"tintindex":0,"rotation":0,"texture":"#0"}},"rotation":{"origin":[8.492164,10.374714,4.607977],"angle":-45.0,"axis":"z"}},{"from":[10.711967,8.668567,-0.5170231],"to":[12.711967,10.668567,1.4829769],"faces":{"east":{"uv":[6.3125,7.75,6.0625,7.5],"tintindex":0,"rotation":90,"texture":"#0"},"south":{"uv":[5.4375,7.5,5.6875,7.75],"tintindex":0,"rotation":90,"texture":"#0"},"north":{"uv":[7.5,2.375,7.75,2.625],"tintindex":0,"rotation":270,"texture":"#0"},"west":{"uv":[7.75,7.4375,7.5,7.6875],"tintindex":0,"rotation":90,"texture":"#0"},"up":{"uv":[5.75,7.5,6.0,7.75],"tintindex":0,"rotation":90,"texture":"#0"},"down":{"uv":[7.5,3.5625,7.75,3.8125],"tintindex":0,"rotation":90,"texture":"#0"}},"rotation":{"origin":[12.587099,9.732113,0.4829769],"angle":22.5,"axis":"z"}},{"from":[3.7540164,8.544786,-4.017023],"to":[11.754017,11.544786,0.9829769],"faces":{"east":{"uv":[5.8125,2.8125,6.4375,3.1875],"tintindex":0,"rotation":0,"texture":"#0"},"south":{"uv":[3.625,4.8125,4.625,5.1875],"tintindex":0,"rotation":0,"texture":"#0"},"north":{"uv":[4.75,3.625,5.75,4.0],"tintindex":0,"rotation":0,"texture":"#0"},"west":{"uv":[5.8125,3.25,6.4375,3.625],"tintindex":0,"rotation":0,"texture":"#0"},"up":{"uv":[3.0,0.625,2.0,0.0],"tintindex":0,"rotation":0,"texture":"#0"},"down":{"uv":[1.0,2.3125,0.0,2.9375],"tintindex":0,"rotation":0,"texture":"#0"}}},{"from":[12.363289,9.314947,-0.017023087],"to":[13.363289,11.814947,0.9829769],"faces":{"east":{"uv":[3.125,7.5625,3.25,7.875],"tintindex":0,"rotation":0,"texture":"#0"},"south":{"uv":[3.375,7.9375,3.5,8.25],"tintindex":0,"rotation":0,"texture":"#0"},"north":{"uv":[5.8125,3.6875,5.9375,4.0],"tintindex":0,"rotation":0,"texture":"#0"},"west":{"uv":[8.0625,1.1875,8.1875,1.5],"tintindex":0,"rotation":0,"texture":"#0"},"up":{"uv":[4.6875,3.75,4.5625,3.625],"tintindex":0,"rotation":0,"texture":"#0"},"down":{"uv":[6.25,0.875,6.125,1.0],"tintindex":0,"rotation":0,"texture":"#0"}},"rotation":{"origin":[12.587099,9.732113,0.4829769],"angle":-45.0,"axis":"z"}},{"from":[2.7960658,8.668567,-0.5170231],"to":[4.7960653,10.668567,1.4829769],"faces":{"east":{"uv":[7.75,7.6875,7.5,7.4375],"tintindex":0,"rotation":90,"texture":"#0"},"south":{"uv":[5.4375,7.75,5.6875,7.5],"tintindex":0,"rotation":90,"texture":"#0"},"north":{"uv":[7.5,2.625,7.75,2.375],"tintindex":0,"rotation":270,"texture":"#0"},"west":{"uv":[6.3125,7.5,6.0625,7.75],"tintindex":0,"rotation":90,"texture":"#0"},"up":{"uv":[5.75,7.75,6.0,7.5],"tintindex":0,"rotation":90,"texture":"#0"},"down":{"uv":[7.5,3.8125,7.75,3.5625],"tintindex":0,"rotation":90,"texture":"#0"}},"rotation":{"origin":[2.9209337,9.732113,0.4829769],"angle":-22.5,"axis":"z"}},{"from":[4.024786,12.396002,-4.767023],"to":[5.024786,14.396002,-3.767023],"faces":{"east":{"uv":[8.1875,8.3125,8.0625,8.5625],"tintindex":0,"rotation":0,"texture":"#0"},"south":{"uv":[8.0,8.3125,7.875,8.5625],"tintindex":0,"rotation":0,"texture":"#0"},"north":{"uv":[8.4375,6.25,8.3125,6.5],"tintindex":0,"rotation":0,"texture":"#0"},"west":{"uv":[7.25,8.3125,7.125,8.5625],"tintindex":0,"rotation":0,"texture":"#0"},"up":{"uv":[8.125,1.9375,8.25,1.8125],"tintindex":0,"rotation":0,"texture":"#0"},"down":{"uv":[8.125,5.0,8.25,5.125],"tintindex":0,"rotation":0,"texture":"#0"}},"rotation":{"origin":[7.015869,10.374714,4.607977],"angle":22.5,"axis":"z"}},{"from":[10.483247,12.396002,-4.767023],"to":[11.483247,14.396002,-3.767023],"faces":{"east":{"uv":[7.125,8.3125,7.25,8.5625],"tintindex":0,"rotation":0,"texture":"#0"},"south":{"uv":[7.875,8.3125,8.0,8.5625],"tintindex":0,"rotation":0,"texture":"#0"},"north":{"uv":[8.3125,6.25,8.4375,6.5],"tintindex":0,"rotation":0,"texture":"#0"},"west":{"uv":[8.0625,8.3125,8.1875,8.5625],"tintindex":0,"rotation":0,"texture":"#0"},"up":{"uv":[8.25,1.9375,8.125,1.8125],"tintindex":0,"rotation":0,"texture":"#0"},"down":{"uv":[8.25,5.0,8.125,5.125],"tintindex":0,"rotation":0,"texture":"#0"}},"rotation":{"origin":[8.492164,10.374714,4.607977],"angle":-22.5,"axis":"z"}},{"from":[6.7540164,9.086994,0.9110007],"to":[8.754017,14.086994,3.9110007],"faces":{"east":{"uv":[5.0625,5.8125,5.4375,6.4375],"tintindex":0,"rotation":0,"texture":"#0"},"south":{"uv":[1.3125,6.875,1.5625,7.5],"tintindex":0,"rotation":0,"texture":"#0"},"north":{"uv":[6.8125,4.4375,7.0625,5.0625],"tintindex":0,"rotation":0,"texture":"#0"},"west":{"uv":[5.5,5.8125,5.875,6.4375],"tintindex":0,"rotation":0,"texture":"#0"},"up":{"uv":[3.8125,7.6875,3.5625,7.3125],"tintindex":0,"rotation":0,"texture":"#0"},"down":{"uv":[7.625,5.1875,7.375,5.5625],"tintindex":0,"rotation":0,"texture":"#0"}},"rotation":{"origin":[8.242164,10.374714,4.607977],"angle":22.5,"axis":"x"}},{"from":[3.7540164,11.454311,0.2371211],"to":[11.754017,15.454311,0.2371211],"faces":{"south":{"uv":[4.6875,3.8125,3.6875,4.3125],"tintindex":0,"rotation":0,"texture":"#0"},"north":{"uv":[3.6875,3.8125,4.6875,4.3125],"tintindex":0,"rotation":0,"texture":"#0"}},"rotation":{"origin":[8.492164,10.374714,4.607977],"angle":22.5,"axis":"x"}}],"display":{"gui":{"rotation":[30,225,0]}}}