{"textures":{"0":"saigonmc_models:entity/cat3"},"elements":[{"from":[6.35,4.0514927,6.4800763],"to":[9.05,8.751493,9.180077],"faces":{"east":{"uv":[1.0,9.0,1.75,10.25],"tintindex":0,"rotation":0,"texture":"#0"},"south":{"uv":[2.0,9.0,2.75,10.25],"tintindex":0,"rotation":0,"texture":"#0"},"north":{"uv":[0.0,9.0,0.75,10.25],"tintindex":0,"rotation":0,"texture":"#0"},"west":{"uv":[3.0,9.0,3.75,10.25],"tintindex":0,"rotation":0,"texture":"#0"},"up":{"uv":[6.75,11.75,6.0,11.0],"tintindex":0,"rotation":0,"texture":"#0"},"down":{"uv":[7.75,11.0,7.0,11.75],"tintindex":0,"rotation":0,"texture":"#0"}}}],"display":{"gui":{"rotation":[30,225,0]}}}