{"textures":{"0":"saigonmc_models:entity/cat3"},"elements":[{"from":[6.5,6.200274,6.2209415],"to":[9.5,8.200274,9.220942],"faces":{"east":{"uv":[11.5,8.5,12.25,9.0],"tintindex":0,"rotation":0,"texture":"#0"},"south":{"uv":[11.75,6.0,12.5,6.5],"tintindex":0,"rotation":0,"texture":"#0"},"north":{"uv":[8.0,11.5,8.75,12.0],"tintindex":0,"rotation":0,"texture":"#0"},"west":{"uv":[11.75,6.75,12.5,7.25],"tintindex":0,"rotation":0,"texture":"#0"},"up":{"uv":[11.5,7.75,10.75,7.0],"tintindex":0,"rotation":0,"texture":"#0"},"down":{"uv":[5.75,11.0,5.0,11.75],"tintindex":0,"rotation":0,"texture":"#0"}}}],"display":{"gui":{"rotation":[30,225,0]}}}