{"textures":{"0":"saigonmc_models:entity/cat3"},"elements":[{"from":[6.5,6.200274,6.2209415],"to":[9.5,8.200274,9.220942],"faces":{"east":{"uv":[12.5,6.75,11.75,7.25],"tintindex":0,"rotation":0,"texture":"#0"},"south":{"uv":[12.5,6.0,11.75,6.5],"tintindex":0,"rotation":0,"texture":"#0"},"north":{"uv":[8.75,11.5,8.0,12.0],"tintindex":0,"rotation":0,"texture":"#0"},"west":{"uv":[12.25,8.5,11.5,9.0],"tintindex":0,"rotation":0,"texture":"#0"},"up":{"uv":[10.75,7.75,11.5,7.0],"tintindex":0,"rotation":0,"texture":"#0"},"down":{"uv":[5.0,11.0,5.75,11.75],"tintindex":0,"rotation":0,"texture":"#0"}}}],"display":{"gui":{"rotation":[30,225,0]}}}