{"textures":{"0":"saigonmc_models:entity/cat3"},"elements":[{"from":[6.9500003,4.0514927,6.4800763],"to":[9.650001,8.751493,9.180077],"faces":{"east":{"uv":[3.75,9.0,3.0,10.25],"tintindex":0,"rotation":0,"texture":"#0"},"south":{"uv":[2.75,9.0,2.0,10.25],"tintindex":0,"rotation":0,"texture":"#0"},"north":{"uv":[0.75,9.0,0.0,10.25],"tintindex":0,"rotation":0,"texture":"#0"},"west":{"uv":[1.75,9.0,1.0,10.25],"tintindex":0,"rotation":0,"texture":"#0"},"up":{"uv":[6.0,11.75,6.75,11.0],"tintindex":0,"rotation":0,"texture":"#0"},"down":{"uv":[7.0,11.0,7.75,11.75],"tintindex":0,"rotation":0,"texture":"#0"}}}],"display":{"gui":{"rotation":[30,225,0]}}}