{"textures":{"0":"saigonmc_models:entity/cat3"},"elements":[{"from":[7.760278,6.8862514,7.950486],"to":[13.760279,12.886251,8.025486],"faces":{"east":{"uv":[9.75,11.25,9.5,12.75],"tintindex":0,"rotation":0,"texture":"#0"},"south":{"uv":[7.5,0.0,6.0,1.5],"tintindex":0,"rotation":0,"texture":"#0"},"north":{"uv":[3.25,5.5,1.75,7.0],"tintindex":0,"rotation":0,"texture":"#0"},"west":{"uv":[9.25,11.25,9.0,12.75],"tintindex":0,"rotation":0,"texture":"#0"},"up":{"uv":[10.75,8.25,12.25,8.0],"tintindex":0,"rotation":0,"texture":"#0"},"down":{"uv":[0.0,11.5,1.5,11.75],"tintindex":0,"rotation":0,"texture":"#0"}},"rotation":{"origin":[11.560278,9.886251,7.950486],"angle":-22.5,"axis":"z"}},{"from":[2.29567,6.8862514,7.950486],"to":[8.29567,12.886251,8.025486],"faces":{"east":{"uv":[9.0,11.25,9.25,12.75],"tintindex":0,"rotation":0,"texture":"#0"},"south":{"uv":[6.0,0.0,7.5,1.5],"tintindex":0,"rotation":0,"texture":"#0"},"north":{"uv":[1.75,5.5,3.25,7.0],"tintindex":0,"rotation":0,"texture":"#0"},"west":{"uv":[9.5,11.25,9.75,12.75],"tintindex":0,"rotation":0,"texture":"#0"},"up":{"uv":[12.25,8.25,10.75,8.0],"tintindex":0,"rotation":0,"texture":"#0"},"down":{"uv":[1.5,11.5,0.0,11.75],"tintindex":0,"rotation":0,"texture":"#0"}},"rotation":{"origin":[4.4956703,9.886251,7.950486],"angle":22.5,"axis":"z"}}],"display":{"gui":{"rotation":[30,225,0]}}}