{"textures":{"0":"saigonmc_models:entity/cat3"},"elements":[{"from":[6.3290305,5.021805,6.5224977],"to":[9.029031,8.721806,9.222498],"faces":{"east":{"uv":[5.0,9.75,5.75,10.75],"tintindex":0,"rotation":0,"texture":"#0"},"south":{"uv":[6.0,9.75,6.75,10.75],"tintindex":0,"rotation":0,"texture":"#0"},"north":{"uv":[9.5,3.5,10.25,4.5],"tintindex":0,"rotation":0,"texture":"#0"},"west":{"uv":[9.75,6.25,10.5,7.25],"tintindex":0,"rotation":0,"texture":"#0"},"up":{"uv":[11.25,2.75,10.5,2.0],"tintindex":0,"rotation":0,"texture":"#0"},"down":{"uv":[3.75,10.5,3.0,11.25],"tintindex":0,"rotation":0,"texture":"#0"}}}],"display":{"gui":{"rotation":[30,225,0]}}}