{"textures":{"0":"saigonmc_models:entity/cat3"},"elements":[{"from":[6.5,6.3106346,6.6784463],"to":[9.5,8.310635,9.678446],"faces":{"east":{"uv":[11.5,0.75,12.25,1.25],"tintindex":0,"rotation":0,"texture":"#0"},"south":{"uv":[11.5,1.5,12.25,2.0],"tintindex":0,"rotation":0,"texture":"#0"},"north":{"uv":[11.5,0.0,12.25,0.5],"tintindex":0,"rotation":0,"texture":"#0"},"west":{"uv":[1.75,11.5,2.5,12.0],"tintindex":0,"rotation":0,"texture":"#0"},"up":{"uv":[11.25,1.75,10.5,1.0],"tintindex":0,"rotation":0,"texture":"#0"},"down":{"uv":[2.75,10.5,2.0,11.25],"tintindex":0,"rotation":0,"texture":"#0"}}}],"display":{"gui":{"rotation":[30,225,0]}}}