{"textures":{"0":"saigonmc_models:entity/cat3"},"elements":[{"from":[6.5,6.3106346,6.6784463],"to":[9.5,8.310635,9.678446],"faces":{"east":{"uv":[2.75,11.5,3.5,12.0],"tintindex":0,"rotation":0,"texture":"#0"},"south":{"uv":[11.5,3.0,12.25,3.5],"tintindex":0,"rotation":0,"texture":"#0"},"north":{"uv":[11.5,2.25,12.25,2.75],"tintindex":0,"rotation":0,"texture":"#0"},"west":{"uv":[3.75,11.5,4.5,12.0],"tintindex":0,"rotation":0,"texture":"#0"},"up":{"uv":[11.25,3.75,10.5,3.0],"tintindex":0,"rotation":0,"texture":"#0"},"down":{"uv":[4.75,10.5,4.0,11.25],"tintindex":0,"rotation":0,"texture":"#0"}}}],"display":{"gui":{"rotation":[30,225,0]}}}