{"textures":{"0":"saigonmc_models:entity/cat3"},"elements":[{"from":[6.9702125,5.039153,6.6209784],"to":[9.670213,8.739153,9.320979],"faces":{"east":{"uv":[9.75,7.5,10.5,8.5],"tintindex":0,"rotation":0,"texture":"#0"},"south":{"uv":[10.25,4.75,11.0,5.75],"tintindex":0,"rotation":0,"texture":"#0"},"north":{"uv":[7.0,9.75,7.75,10.75],"tintindex":0,"rotation":0,"texture":"#0"},"west":{"uv":[8.0,10.25,8.75,11.25],"tintindex":0,"rotation":0,"texture":"#0"},"up":{"uv":[11.25,9.5,10.5,8.75],"tintindex":0,"rotation":0,"texture":"#0"},"down":{"uv":[11.5,6.0,10.75,6.75],"tintindex":0,"rotation":0,"texture":"#0"}}}],"display":{"gui":{"rotation":[30,225,0]}}}