{"textures":{"0":"saigonmc_models:entity/cat3"},"elements":[{"from":[7.5,8.299001,2.6750002],"to":[8.5,8.299001,3.2749996],"faces":{"up":{"uv":[12.75,0.75,12.5,0.5],"tintindex":0,"rotation":0,"texture":"#0"},"down":{"uv":[12.75,0.5,12.5,0.75],"tintindex":0,"rotation":0,"texture":"#0"}}},{"from":[7.5,7.5,2.6750002],"to":[8.5,8.3,2.6750002],"faces":{"south":{"uv":[12.5,9.25,12.25,9.5],"tintindex":0,"rotation":0,"texture":"#0"},"north":{"uv":[12.25,9.25,12.5,9.5],"tintindex":0,"rotation":0,"texture":"#0"}}},{"from":[6.5,6.25,2.75],"to":[9.5,8.25,3.75],"faces":{"east":{"uv":[12.0,10.5,12.25,11.0],"tintindex":0,"rotation":0,"texture":"#0"},"south":{"uv":[10.0,11.25,10.75,11.75],"tintindex":0,"rotation":0,"texture":"#0"},"north":{"uv":[1.75,4.75,2.5,5.25],"tintindex":0,"rotation":0,"texture":"#0"},"west":{"uv":[12.0,11.25,12.25,11.75],"tintindex":0,"rotation":0,"texture":"#0"},"up":{"uv":[8.5,5.0,7.75,4.75],"tintindex":0,"rotation":0,"texture":"#0"},"down":{"uv":[8.5,7.25,7.75,7.5],"tintindex":0,"rotation":0,"texture":"#0"}}},{"from":[1.4727707,5.5650196,3.3500004],"to":[7.4727707,8.56502,3.3500004],"faces":{"south":{"uv":[5.0,8.0,3.5,8.75],"tintindex":0,"rotation":0,"texture":"#0"},"north":{"uv":[8.5,7.75,7.0,8.5],"tintindex":0,"rotation":0,"texture":"#0"}}},{"from":[5.0,5.75,3.75],"to":[11.0,11.75,9.75],"faces":{"east":{"uv":[4.25,0.0,5.75,1.5],"tintindex":0,"rotation":0,"texture":"#0"},"south":{"uv":[4.25,1.75,5.75,3.25],"tintindex":0,"rotation":0,"texture":"#0"},"north":{"uv":[0.0,3.0,1.5,4.5],"tintindex":0,"rotation":0,"texture":"#0"},"west":{"uv":[4.25,3.5,5.75,5.0],"tintindex":0,"rotation":0,"texture":"#0"},"up":{"uv":[1.5,6.25,0.0,4.75],"tintindex":0,"rotation":0,"texture":"#0"},"down":{"uv":[5.75,5.25,4.25,6.75],"tintindex":0,"rotation":0,"texture":"#0"}}},{"from":[9.125,7.9943056,3.512351],"to":[11.05,8.994306,3.512351],"faces":{"south":{"uv":[10.5,4.0,11.0,4.25],"tintindex":0,"rotation":0,"texture":"#0"},"north":{"uv":[11.0,4.0,10.5,4.25],"tintindex":0,"rotation":0,"texture":"#0"}}},{"from":[4.95,7.9943056,3.512351],"to":[6.875,8.994306,3.512351],"faces":{"south":{"uv":[11.0,4.0,10.5,4.25],"tintindex":0,"rotation":0,"texture":"#0"},"north":{"uv":[10.5,4.0,11.0,4.25],"tintindex":0,"rotation":0,"texture":"#0"}}},{"from":[11.05,7.9943056,3.5113516],"to":[11.05,8.994306,4.511351],"faces":{"east":{"uv":[12.25,4.75,12.5,5.0],"tintindex":0,"rotation":0,"texture":"#0"},"west":{"uv":[12.5,4.75,12.25,5.0],"tintindex":0,"rotation":0,"texture":"#0"}}},{"from":[8.527229,5.5650196,3.3500004],"to":[14.527229,8.56502,3.3500004],"faces":{"south":{"uv":[3.5,8.0,5.0,8.75],"tintindex":0,"rotation":0,"texture":"#0"},"north":{"uv":[7.0,7.75,8.5,8.5],"tintindex":0,"rotation":0,"texture":"#0"}}},{"from":[6.874,7.9943056,3.512351],"to":[6.874,8.994306,4.5123515],"faces":{"east":{"uv":[2.5,12.25,2.75,12.5],"tintindex":0,"rotation":0,"texture":"#0"},"west":{"uv":[2.75,12.25,2.5,12.5],"tintindex":0,"rotation":0,"texture":"#0"}}},{"from":[9.125999,7.9943056,3.512351],"to":[9.125999,8.994306,4.5123515],"faces":{"east":{"uv":[2.5,12.25,2.75,12.5],"tintindex":0,"rotation":0,"texture":"#0"},"west":{"uv":[2.75,12.25,2.5,12.5],"tintindex":0,"rotation":0,"texture":"#0"}}},{"from":[1.6010528,3.9673815,3.5500002],"to":[7.601053,6.9673815,3.5500002],"faces":{"south":{"uv":[6.75,8.75,5.25,9.5],"tintindex":0,"rotation":0,"texture":"#0"},"north":{"uv":[10.25,1.0,8.75,1.75],"tintindex":0,"rotation":0,"texture":"#0"}},"rotation":{"origin":[4.6510515,6.6437416,3.4499998],"angle":45.0,"axis":"z"}},{"from":[8.398947,3.9673815,3.5500002],"to":[14.398947,6.9673815,3.5500002],"faces":{"south":{"uv":[5.25,8.75,6.75,9.5],"tintindex":0,"rotation":0,"texture":"#0"},"north":{"uv":[8.75,1.0,10.25,1.75],"tintindex":0,"rotation":0,"texture":"#0"}},"rotation":{"origin":[11.3489485,6.6437416,3.4499998],"angle":-45.0,"axis":"z"}},{"from":[4.95,7.9943056,3.5113516],"to":[4.95,8.994306,4.511351],"faces":{"east":{"uv":[12.25,4.75,12.5,5.0],"tintindex":0,"rotation":0,"texture":"#0"},"west":{"uv":[12.5,4.75,12.25,5.0],"tintindex":0,"rotation":0,"texture":"#0"}}}],"display":{"gui":{"rotation":[30,225,0]}}}