{"textures":{"0":"saigonmc_models:entity/cat3"},"elements":[{"from":[6.4,6.4,6.9],"to":[9.6,9.6,12.100001],"faces":{"east":{"uv":[0.0,8.0,1.25,8.75],"tintindex":0,"rotation":0,"texture":"#0"},"south":{"uv":[1.0,10.5,1.75,11.25],"tintindex":0,"rotation":0,"texture":"#0"},"north":{"uv":[10.5,0.0,11.25,0.75],"tintindex":0,"rotation":0,"texture":"#0"},"west":{"uv":[7.0,8.75,8.25,9.5],"tintindex":0,"rotation":0,"texture":"#0"},"up":{"uv":[9.5,8.5,8.75,7.25],"tintindex":0,"rotation":0,"texture":"#0"},"down":{"uv":[9.25,8.75,8.5,10.0],"tintindex":0,"rotation":0,"texture":"#0"}}}],"display":{"gui":{"rotation":[30,225,0]}}}