{"textures":{"0":"saigonmc_models:entity/cat3"},"elements":[{"from":[6.5,6.5,7.0000005],"to":[9.5,9.5,13.0],"faces":{"east":{"uv":[7.5,5.25,9.0,6.0],"tintindex":0,"rotation":0,"texture":"#0"},"south":{"uv":[0.0,10.5,0.75,11.25],"tintindex":0,"rotation":0,"texture":"#0"},"north":{"uv":[10.0,10.25,10.75,11.0],"tintindex":0,"rotation":0,"texture":"#0"},"west":{"uv":[7.75,0.0,9.25,0.75],"tintindex":0,"rotation":0,"texture":"#0"},"up":{"uv":[3.25,8.75,2.5,7.25],"tintindex":0,"rotation":0,"texture":"#0"},"down":{"uv":[8.5,1.0,7.75,2.5],"tintindex":0,"rotation":0,"texture":"#0"}}}],"display":{"gui":{"rotation":[30,225,0]}}}