{"textures":{"0":"saigonmc_models:entity/cat1"},"elements":[{"from":[6.5,6.3750343,6.2],"to":[9.5,8.375034,9.200001],"faces":{"east":{"uv":[7.125,4.125,6.75,4.375],"tintindex":0,"rotation":0,"texture":"#0"},"south":{"uv":[7.125,3.75,6.75,4.0],"tintindex":0,"rotation":0,"texture":"#0"},"north":{"uv":[7.125,3.0,6.75,3.25],"tintindex":0,"rotation":0,"texture":"#0"},"west":{"uv":[7.125,3.375,6.75,3.625],"tintindex":0,"rotation":0,"texture":"#0"},"up":{"uv":[6.25,3.625,6.625,3.25],"tintindex":0,"rotation":0,"texture":"#0"},"down":{"uv":[6.25,3.75,6.625,4.125],"tintindex":0,"rotation":0,"texture":"#0"}}}],"display":{"gui":{"rotation":[30,225,0]}}}