{"textures":{"0":"saigonmc_models:entity/cat1"},"elements":[{"from":[6.35,4.102094,6.854558],"to":[9.05,8.802094,9.554558],"faces":{"east":{"uv":[0.875,5.0,1.25,5.625],"tintindex":0,"rotation":0,"texture":"#0"},"south":{"uv":[4.25,5.0,4.625,5.625],"tintindex":0,"rotation":0,"texture":"#0"},"north":{"uv":[0.875,1.5,1.25,2.125],"tintindex":0,"rotation":0,"texture":"#0"},"west":{"uv":[4.75,5.0,5.125,5.625],"tintindex":0,"rotation":0,"texture":"#0"},"up":{"uv":[6.625,4.625,6.25,4.25],"tintindex":0,"rotation":0,"texture":"#0"},"down":{"uv":[5.875,6.25,5.5,6.625],"tintindex":0,"rotation":0,"texture":"#0"}}}],"display":{"gui":{"rotation":[30,225,0]}}}