{"textures":{"0":"saigonmc_models:entity/cat1"},"elements":[{"from":[6.5,6.3750343,6.2],"to":[9.5,8.375034,9.200001],"faces":{"east":{"uv":[6.75,3.375,7.125,3.625],"tintindex":0,"rotation":0,"texture":"#0"},"south":{"uv":[6.75,3.75,7.125,4.0],"tintindex":0,"rotation":0,"texture":"#0"},"north":{"uv":[6.75,3.0,7.125,3.25],"tintindex":0,"rotation":0,"texture":"#0"},"west":{"uv":[6.75,4.125,7.125,4.375],"tintindex":0,"rotation":0,"texture":"#0"},"up":{"uv":[6.625,3.625,6.25,3.25],"tintindex":0,"rotation":0,"texture":"#0"},"down":{"uv":[6.625,3.75,6.25,4.125],"tintindex":0,"rotation":0,"texture":"#0"}}}],"display":{"gui":{"rotation":[30,225,0]}}}