{"textures":{"0":"saigonmc_models:entity/cat1"},"elements":[{"from":[6.9500003,4.102094,6.854558],"to":[9.650001,8.802094,9.554558],"faces":{"east":{"uv":[5.125,5.0,4.75,5.625],"tintindex":0,"rotation":0,"texture":"#0"},"south":{"uv":[4.625,5.0,4.25,5.625],"tintindex":0,"rotation":0,"texture":"#0"},"north":{"uv":[1.25,1.5,0.875,2.125],"tintindex":0,"rotation":0,"texture":"#0"},"west":{"uv":[1.25,5.0,0.875,5.625],"tintindex":0,"rotation":0,"texture":"#0"},"up":{"uv":[6.25,4.625,6.625,4.25],"tintindex":0,"rotation":0,"texture":"#0"},"down":{"uv":[5.5,6.25,5.875,6.625],"tintindex":0,"rotation":0,"texture":"#0"}}}],"display":{"gui":{"rotation":[30,225,0]}}}