{"textures":{"0":"saigonmc_models:entity/cat1"},"elements":[{"from":[5.5,4.497901,3.582882],"to":[10.5,9.4979,13.582882],"faces":{"east":{"uv":[0.0,0.0,1.25,0.625],"tintindex":0,"rotation":0,"texture":"#0"},"south":{"uv":[1.75,4.375,2.375,5.0],"tintindex":0,"rotation":0,"texture":"#0"},"north":{"uv":[0.0,4.125,0.625,4.75],"tintindex":0,"rotation":0,"texture":"#0"},"west":{"uv":[0.0,0.75,1.25,1.375],"tintindex":0,"rotation":0,"texture":"#0"},"up":{"uv":[2.0,1.25,1.375,0.0],"tintindex":0,"rotation":0,"texture":"#0"},"down":{"uv":[2.0,1.375,1.375,2.625],"tintindex":0,"rotation":0,"texture":"#0"}}}],"display":{"gui":{"rotation":[30,225,0]}}}