{"textures":{"0":"saigonmc_models:entity/cat1"},"elements":[{"from":[2.1126127,6.4443116,7.804955],"to":[8.112613,12.444311,7.8799553],"faces":{"east":{"uv":[2.875,6.5,3.0,7.25],"tintindex":0,"rotation":0,"texture":"#0"},"south":{"uv":[3.875,0.875,4.625,1.625],"tintindex":0,"rotation":0,"texture":"#0"},"north":{"uv":[3.875,0.0,4.625,0.75],"tintindex":0,"rotation":0,"texture":"#0"},"west":{"uv":[3.125,6.5,3.25,7.25],"tintindex":0,"rotation":0,"texture":"#0"},"up":{"uv":[7.25,6.25,6.5,6.125],"tintindex":0,"rotation":0,"texture":"#0"},"down":{"uv":[7.25,6.375,6.5,6.5],"tintindex":0,"rotation":0,"texture":"#0"}},"rotation":{"origin":[4.4956703,9.886251,7.950486],"angle":22.5,"axis":"z"}},{"from":[7.9433355,6.4443116,7.804955],"to":[13.943336,12.444311,7.8799553],"faces":{"east":{"uv":[3.375,6.5,3.5,7.25],"tintindex":0,"rotation":0,"texture":"#0"},"south":{"uv":[3.875,2.625,4.625,3.375],"tintindex":0,"rotation":0,"texture":"#0"},"north":{"uv":[3.875,1.75,4.625,2.5],"tintindex":0,"rotation":0,"texture":"#0"},"west":{"uv":[4.875,6.5,5.0,7.25],"tintindex":0,"rotation":0,"texture":"#0"},"up":{"uv":[7.375,0.125,6.625,0.0],"tintindex":0,"rotation":0,"texture":"#0"},"down":{"uv":[7.375,0.25,6.625,0.375],"tintindex":0,"rotation":0,"texture":"#0"}},"rotation":{"origin":[11.560278,9.886251,7.950486],"angle":-22.5,"axis":"z"}}],"display":{"gui":{"rotation":[30,225,0]}}}