{"textures":{"0":"saigonmc_models:entity/cat1"},"elements":[{"from":[7.9433355,6.444312,7.804955],"to":[13.943336,12.444312,7.8799553],"faces":{"east":{"uv":[0.0,6.5,0.125,7.25],"tintindex":0,"rotation":0,"texture":"#0"},"south":{"uv":[3.0,1.75,3.75,2.5],"tintindex":0,"rotation":0,"texture":"#0"},"north":{"uv":[3.0,0.875,3.75,1.625],"tintindex":0,"rotation":0,"texture":"#0"},"west":{"uv":[0.25,6.5,0.375,7.25],"tintindex":0,"rotation":0,"texture":"#0"},"up":{"uv":[7.125,6.0,6.375,5.875],"tintindex":0,"rotation":0,"texture":"#0"},"down":{"uv":[1.75,6.5,1.0,6.625],"tintindex":0,"rotation":0,"texture":"#0"}},"rotation":{"origin":[11.560278,9.886251,7.950486],"angle":-22.5,"axis":"z"}},{"from":[2.1126127,6.444312,7.804955],"to":[8.112613,12.444312,7.8799553],"faces":{"east":{"uv":[4.625,6.375,4.75,7.125],"tintindex":0,"rotation":0,"texture":"#0"},"south":{"uv":[3.0,0.0,3.75,0.75],"tintindex":0,"rotation":0,"texture":"#0"},"north":{"uv":[0.875,2.75,1.625,3.5],"tintindex":0,"rotation":0,"texture":"#0"},"west":{"uv":[6.375,4.75,6.5,5.5],"tintindex":0,"rotation":0,"texture":"#0"},"up":{"uv":[7.0,2.125,6.25,2.0],"tintindex":0,"rotation":0,"texture":"#0"},"down":{"uv":[7.125,5.625,6.375,5.75],"tintindex":0,"rotation":0,"texture":"#0"}},"rotation":{"origin":[4.4956703,9.886251,7.950486],"angle":22.5,"axis":"z"}}],"display":{"gui":{"rotation":[30,225,0]}}}