{"textures":{"0":"saigonmc_models:entity/cat1"},"elements":[{"from":[6.9500003,5.5020947,6.945442],"to":[9.650001,9.202095,9.645443],"faces":{"east":{"uv":[1.125,5.875,1.5,6.375],"tintindex":0,"rotation":0,"texture":"#0"},"south":{"uv":[1.625,5.875,2.0,6.375],"tintindex":0,"rotation":0,"texture":"#0"},"north":{"uv":[4.5,5.75,4.875,6.25],"tintindex":0,"rotation":0,"texture":"#0"},"west":{"uv":[2.125,5.875,2.5,6.375],"tintindex":0,"rotation":0,"texture":"#0"},"up":{"uv":[6.625,1.375,6.25,1.0],"tintindex":0,"rotation":0,"texture":"#0"},"down":{"uv":[6.625,1.5,6.25,1.875],"tintindex":0,"rotation":0,"texture":"#0"}}}],"display":{"gui":{"rotation":[30,225,0]}}}