{"textures":{"0":"saigonmc_models:entity/cat1"},"elements":[{"from":[6.35,5.5020947,6.945442],"to":[9.05,9.202095,9.645443],"faces":{"east":{"uv":[5.75,3.5,6.125,4.0],"tintindex":0,"rotation":0,"texture":"#0"},"south":{"uv":[4.0,5.75,4.375,6.25],"tintindex":0,"rotation":0,"texture":"#0"},"north":{"uv":[0.625,5.75,1.0,6.25],"tintindex":0,"rotation":0,"texture":"#0"},"west":{"uv":[5.75,4.125,6.125,4.625],"tintindex":0,"rotation":0,"texture":"#0"},"up":{"uv":[6.5,0.375,6.125,0.0],"tintindex":0,"rotation":0,"texture":"#0"},"down":{"uv":[6.5,0.5,6.125,0.875],"tintindex":0,"rotation":0,"texture":"#0"}}}],"display":{"gui":{"rotation":[30,225,0]}}}