{"textures":{"0":"saigonmc_models:entity/cat1"},"elements":[{"from":[6.5,6.3106346,6.6784463],"to":[9.5,8.310635,9.678447],"faces":{"east":{"uv":[6.625,4.75,7.0,5.0],"tintindex":0,"rotation":0,"texture":"#0"},"south":{"uv":[6.625,5.125,7.0,5.375],"tintindex":0,"rotation":0,"texture":"#0"},"north":{"uv":[6.625,2.625,7.0,2.875],"tintindex":0,"rotation":0,"texture":"#0"},"west":{"uv":[6.5,6.625,6.875,6.875],"tintindex":0,"rotation":0,"texture":"#0"},"up":{"uv":[3.5,6.375,3.125,6.0],"tintindex":0,"rotation":0,"texture":"#0"},"down":{"uv":[5.375,6.0,5.0,6.375],"tintindex":0,"rotation":0,"texture":"#0"}}}],"display":{"gui":{"rotation":[30,225,0]}}}