{"textures":{"0":"saigonmc_models:entity/cat1"},"elements":[{"from":[6.5,6.3106346,6.6784463],"to":[9.5,8.310635,9.678447],"faces":{"east":{"uv":[1.0,6.75,1.375,7.0],"tintindex":0,"rotation":0,"texture":"#0"},"south":{"uv":[6.75,1.25,7.125,1.5],"tintindex":0,"rotation":0,"texture":"#0"},"north":{"uv":[6.75,0.875,7.125,1.125],"tintindex":0,"rotation":0,"texture":"#0"},"west":{"uv":[6.75,1.625,7.125,1.875],"tintindex":0,"rotation":0,"texture":"#0"},"up":{"uv":[6.5,2.625,6.125,2.25],"tintindex":0,"rotation":0,"texture":"#0"},"down":{"uv":[6.5,2.75,6.125,3.125],"tintindex":0,"rotation":0,"texture":"#0"}}}],"display":{"gui":{"rotation":[30,225,0]}}}