{"textures":{"0":"saigonmc_models:entity/cat1"},"elements":[{"from":[7.5,7.7990007,2.6750002],"to":[8.5,7.7990007,3.2749996],"faces":{"up":{"uv":[7.375,5.625,7.25,5.5],"tintindex":0,"rotation":0,"texture":"#0"},"down":{"uv":[7.375,5.75,7.25,5.875],"tintindex":0,"rotation":0,"texture":"#0"}}},{"from":[4.95,7.4943056,3.5113516],"to":[4.95,8.494306,4.511351],"faces":{"east":{"uv":[7.25,1.625,7.375,1.75],"tintindex":0,"rotation":0,"texture":"#0"},"west":{"uv":[1.75,7.25,1.875,7.375],"tintindex":0,"rotation":0,"texture":"#0"}}},{"from":[4.95,7.4943056,3.512351],"to":[6.875,8.494306,3.512351],"faces":{"south":{"uv":[2.25,7.125,2.0,7.25],"tintindex":0,"rotation":0,"texture":"#0"},"north":{"uv":[2.0,7.125,2.25,7.25],"tintindex":0,"rotation":0,"texture":"#0"}}},{"from":[9.125,7.4943056,3.512351],"to":[11.05,8.494306,3.512351],"faces":{"south":{"uv":[7.375,2.25,7.125,2.375],"tintindex":0,"rotation":0,"texture":"#0"},"north":{"uv":[7.125,2.25,7.375,2.375],"tintindex":0,"rotation":0,"texture":"#0"}}},{"from":[7.5,7.0,2.6750002],"to":[8.5,7.8,2.6750002],"faces":{"south":{"uv":[4.625,7.25,4.75,7.375],"tintindex":0,"rotation":0,"texture":"#0"},"north":{"uv":[7.25,4.375,7.375,4.5],"tintindex":0,"rotation":0,"texture":"#0"}}},{"from":[2.0297542,3.9807034,3.5500002],"to":[8.029755,6.9807034,3.5500002],"faces":{"south":{"uv":[4.75,1.5,5.5,1.875],"tintindex":0,"rotation":0,"texture":"#0"},"north":{"uv":[4.75,1.0,5.5,1.375],"tintindex":0,"rotation":0,"texture":"#0"}},"rotation":{"origin":[4.8988867,6.0782566,3.4499998],"angle":22.5,"axis":"z"}},{"from":[7.970246,3.9807034,3.5500002],"to":[13.970245,6.9807034,3.5500002],"faces":{"south":{"uv":[0.0,5.0,0.75,5.375],"tintindex":0,"rotation":0,"texture":"#0"},"north":{"uv":[3.375,4.875,4.125,5.25],"tintindex":0,"rotation":0,"texture":"#0"}},"rotation":{"origin":[11.101113,6.0782566,3.4499998],"angle":-22.5,"axis":"z"}},{"from":[6.874,7.4943056,3.512351],"to":[6.874,8.494306,4.5123515],"faces":{"east":{"uv":[7.25,2.875,7.375,3.0],"tintindex":0,"rotation":0,"texture":"#0"},"west":{"uv":[7.25,3.125,7.375,3.25],"tintindex":0,"rotation":0,"texture":"#0"}}},{"from":[8.527229,5.2650194,3.3500004],"to":[14.527229,8.265019,3.3500004],"faces":{"south":{"uv":[2.5,4.875,3.25,5.25],"tintindex":0,"rotation":0,"texture":"#0"},"north":{"uv":[4.75,3.0,5.5,3.375],"tintindex":0,"rotation":0,"texture":"#0"}}},{"from":[11.05,7.4943056,3.5113516],"to":[11.05,8.494306,4.511351],"faces":{"east":{"uv":[7.25,3.875,7.375,4.0],"tintindex":0,"rotation":0,"texture":"#0"},"west":{"uv":[7.25,4.125,7.375,4.25],"tintindex":0,"rotation":0,"texture":"#0"}}},{"from":[6.5,5.75,2.75],"to":[9.5,7.75,3.75],"faces":{"east":{"uv":[7.125,2.5,7.25,2.75],"tintindex":0,"rotation":0,"texture":"#0"},"south":{"uv":[6.625,2.25,7.0,2.5],"tintindex":0,"rotation":0,"texture":"#0"},"north":{"uv":[6.625,0.5,7.0,0.75],"tintindex":0,"rotation":0,"texture":"#0"},"west":{"uv":[3.625,7.125,3.75,7.375],"tintindex":0,"rotation":0,"texture":"#0"},"up":{"uv":[4.0,7.0,3.625,6.875],"tintindex":0,"rotation":0,"texture":"#0"},"down":{"uv":[4.5,6.875,4.125,7.0],"tintindex":0,"rotation":0,"texture":"#0"}}},{"from":[5.0,5.25,3.75],"to":[11.0,11.25,9.75],"faces":{"east":{"uv":[0.0,3.25,0.75,4.0],"tintindex":0,"rotation":0,"texture":"#0"},"south":{"uv":[1.75,3.5,2.5,4.25],"tintindex":0,"rotation":0,"texture":"#0"},"north":{"uv":[3.0,2.625,3.75,3.375],"tintindex":0,"rotation":0,"texture":"#0"},"west":{"uv":[2.625,3.5,3.375,4.25],"tintindex":0,"rotation":0,"texture":"#0"},"up":{"uv":[4.25,4.25,3.5,3.5],"tintindex":0,"rotation":0,"texture":"#0"},"down":{"uv":[1.625,3.625,0.875,4.375],"tintindex":0,"rotation":0,"texture":"#0"}}},{"from":[9.125999,7.4943056,3.512351],"to":[9.125999,8.494306,4.5123515],"faces":{"east":{"uv":[7.25,3.375,7.375,3.5],"tintindex":0,"rotation":0,"texture":"#0"},"west":{"uv":[7.25,3.625,7.375,3.75],"tintindex":0,"rotation":0,"texture":"#0"}}},{"from":[1.4727707,5.2650194,3.3500004],"to":[7.4727707,8.265019,3.3500004],"faces":{"south":{"uv":[4.75,2.5,5.5,2.875],"tintindex":0,"rotation":0,"texture":"#0"},"north":{"uv":[4.75,2.0,5.5,2.375],"tintindex":0,"rotation":0,"texture":"#0"}}}],"display":{"gui":{"rotation":[30,225,0]}}}