{"textures":{"0":"saigonmc_models:entity/cat1"},"elements":[{"from":[4.95,8.794306,3.5113516],"to":[4.95,9.794306,4.511351],"faces":{"east":{"uv":[4.375,7.125,4.5,7.25],"tintindex":0,"rotation":0,"texture":"#0"},"west":{"uv":[7.125,4.75,7.25,4.875],"tintindex":0,"rotation":0,"texture":"#0"}},"rotation":{"origin":[5.9495,9.094306,3.9623518],"angle":22.5,"axis":"x"}},{"from":[9.375,7.3750005,3.6499996],"to":[10.375,8.675,3.6499996],"faces":{"south":{"uv":[7.125,7.0,7.25,7.125],"tintindex":0,"rotation":0,"texture":"#0"},"north":{"uv":[6.125,7.125,6.25,7.25],"tintindex":0,"rotation":0,"texture":"#0"}}},{"from":[1.4727707,5.2650194,3.3500004],"to":[7.4727707,8.265019,3.3500004],"faces":{"south":{"uv":[4.375,4.0,5.125,4.375],"tintindex":0,"rotation":0,"texture":"#0"},"north":{"uv":[4.375,3.5,5.125,3.875],"tintindex":0,"rotation":0,"texture":"#0"}}},{"from":[11.05,8.794306,3.5113516],"to":[11.05,9.794306,4.511351],"faces":{"east":{"uv":[0.5,7.25,0.625,7.375],"tintindex":0,"rotation":0,"texture":"#0"},"west":{"uv":[0.75,7.25,0.875,7.375],"tintindex":0,"rotation":0,"texture":"#0"}},"rotation":{"origin":[10.0505,9.094306,3.9623518],"angle":22.5,"axis":"x"}},{"from":[5.0,5.2500005,3.75],"to":[11.0,11.25,9.75],"faces":{"east":{"uv":[2.125,0.0,2.875,0.75],"tintindex":0,"rotation":0,"texture":"#0"},"south":{"uv":[2.125,0.875,2.875,1.625],"tintindex":0,"rotation":0,"texture":"#0"},"north":{"uv":[0.0,1.5,0.75,2.25],"tintindex":0,"rotation":0,"texture":"#0"},"west":{"uv":[2.125,1.75,2.875,2.5],"tintindex":0,"rotation":0,"texture":"#0"},"up":{"uv":[0.75,3.125,0.0,2.375],"tintindex":0,"rotation":0,"texture":"#0"},"down":{"uv":[2.875,2.625,2.125,3.375],"tintindex":0,"rotation":0,"texture":"#0"}}},{"from":[9.125999,8.794306,3.512351],"to":[9.125999,9.794306,4.5123515],"faces":{"east":{"uv":[7.125,5.25,7.25,5.375],"tintindex":0,"rotation":0,"texture":"#0"},"west":{"uv":[5.375,7.125,5.5,7.25],"tintindex":0,"rotation":0,"texture":"#0"}},"rotation":{"origin":[10.0505,9.094306,3.9623518],"angle":22.5,"axis":"x"}},{"from":[9.275,8.375,3.625],"to":[9.675,8.775001,3.625],"faces":{"south":{"uv":[5.875,7.125,6.0,7.25],"tintindex":0,"rotation":0,"texture":"#0"},"north":{"uv":[5.625,7.125,5.75,7.25],"tintindex":0,"rotation":0,"texture":"#0"}}},{"from":[5.525,8.375,3.625],"to":[5.925,8.775001,3.625],"faces":{"south":{"uv":[5.0,5.75,5.125,5.875],"tintindex":0,"rotation":0,"texture":"#0"},"north":{"uv":[0.625,5.5,0.75,5.625],"tintindex":0,"rotation":0,"texture":"#0"}}},{"from":[7.970246,3.9807029,3.5500002],"to":[13.970245,6.980703,3.5500002],"faces":{"south":{"uv":[4.75,0.5,5.5,0.875],"tintindex":0,"rotation":0,"texture":"#0"},"north":{"uv":[4.75,0.0,5.5,0.375],"tintindex":0,"rotation":0,"texture":"#0"}},"rotation":{"origin":[11.101113,6.0782566,3.4499998],"angle":-22.5,"axis":"z"}},{"from":[4.975,7.2500005,3.6750002],"to":[4.975,9.05,4.175],"faces":{"east":{"uv":[4.0,5.375,4.125,5.625],"tintindex":0,"rotation":0,"texture":"#0"},"west":{"uv":[7.0,6.625,7.125,6.875],"tintindex":0,"rotation":0,"texture":"#0"}}},{"from":[8.527229,5.2650194,3.3500004],"to":[14.527229,8.265019,3.3500004],"faces":{"south":{"uv":[4.25,4.5,5.0,4.875],"tintindex":0,"rotation":0,"texture":"#0"},"north":{"uv":[0.75,4.5,1.5,4.875],"tintindex":0,"rotation":0,"texture":"#0"}}},{"from":[5.625,7.3750005,3.6499996],"to":[6.625,8.675,3.6499996],"faces":{"south":{"uv":[4.125,7.125,4.25,7.25],"tintindex":0,"rotation":0,"texture":"#0"},"north":{"uv":[3.875,7.125,4.0,7.25],"tintindex":0,"rotation":0,"texture":"#0"}}},{"from":[6.874,8.794306,3.512351],"to":[6.874,9.794306,4.5123515],"faces":{"east":{"uv":[7.125,5.0,7.25,5.125],"tintindex":0,"rotation":0,"texture":"#0"},"west":{"uv":[5.125,7.125,5.25,7.25],"tintindex":0,"rotation":0,"texture":"#0"}},"rotation":{"origin":[5.9495,9.094306,3.9623518],"angle":22.5,"axis":"x"}},{"from":[7.5,7.7990003,2.6750002],"to":[8.5,7.7990003,3.2749996],"faces":{"up":{"uv":[7.375,1.5,7.25,1.375],"tintindex":0,"rotation":0,"texture":"#0"},"down":{"uv":[1.625,7.25,1.5,7.375],"tintindex":0,"rotation":0,"texture":"#0"}}},{"from":[2.0297542,3.9807029,3.5500002],"to":[8.029755,6.980703,3.5500002],"faces":{"south":{"uv":[3.375,4.375,4.125,4.75],"tintindex":0,"rotation":0,"texture":"#0"},"north":{"uv":[2.5,4.375,3.25,4.75],"tintindex":0,"rotation":0,"texture":"#0"}},"rotation":{"origin":[4.8988867,6.0782566,3.4499998],"angle":22.5,"axis":"z"}},{"from":[4.975,7.2500005,3.6750002],"to":[6.775,9.05,3.6750002],"faces":{"south":{"uv":[1.75,3.125,2.0,3.375],"tintindex":0,"rotation":0,"texture":"#0"},"north":{"uv":[1.75,2.75,2.0,3.0],"tintindex":0,"rotation":0,"texture":"#0"}}},{"from":[9.225,7.2500005,3.6750002],"to":[11.025,9.05,3.6750002],"faces":{"south":{"uv":[6.125,6.75,6.375,7.0],"tintindex":0,"rotation":0,"texture":"#0"},"north":{"uv":[3.625,6.0,3.875,6.25],"tintindex":0,"rotation":0,"texture":"#0"}}},{"from":[9.125,8.794306,3.512351],"to":[11.05,9.794306,3.512351],"faces":{"south":{"uv":[6.5,7.0,6.75,7.125],"tintindex":0,"rotation":0,"texture":"#0"},"north":{"uv":[2.5,6.875,2.75,7.0],"tintindex":0,"rotation":0,"texture":"#0"}},"rotation":{"origin":[10.0505,9.094306,3.9623518],"angle":22.5,"axis":"x"}},{"from":[11.025,7.2500005,3.6750002],"to":[11.025,9.05,4.175],"faces":{"east":{"uv":[6.875,7.0,7.0,7.25],"tintindex":0,"rotation":0,"texture":"#0"},"west":{"uv":[7.125,0.5,7.25,0.75],"tintindex":0,"rotation":0,"texture":"#0"}}},{"from":[7.5,7.0000005,2.6750002],"to":[8.5,7.8,2.6750002],"faces":{"south":{"uv":[7.25,1.125,7.375,1.25],"tintindex":0,"rotation":0,"texture":"#0"},"north":{"uv":[7.25,0.875,7.375,1.0],"tintindex":0,"rotation":0,"texture":"#0"}}},{"from":[4.95,8.794306,3.512351],"to":[6.875,9.794306,3.512351],"faces":{"south":{"uv":[5.125,6.5,5.375,6.625],"tintindex":0,"rotation":0,"texture":"#0"},"north":{"uv":[5.5,6.0,5.75,6.125],"tintindex":0,"rotation":0,"texture":"#0"}},"rotation":{"origin":[5.9495,9.094306,3.9623518],"angle":22.5,"axis":"x"}},{"from":[6.5,5.7500005,2.75],"to":[9.5,7.7500005,3.75],"faces":{"east":{"uv":[1.0,7.125,1.125,7.375],"tintindex":0,"rotation":0,"texture":"#0"},"south":{"uv":[2.375,6.5,2.75,6.75],"tintindex":0,"rotation":0,"texture":"#0"},"north":{"uv":[1.875,6.5,2.25,6.75],"tintindex":0,"rotation":0,"texture":"#0"},"west":{"uv":[1.25,7.125,1.375,7.375],"tintindex":0,"rotation":0,"texture":"#0"},"up":{"uv":[7.125,4.625,6.75,4.5],"tintindex":0,"rotation":0,"texture":"#0"},"down":{"uv":[2.375,6.875,2.0,7.0],"tintindex":0,"rotation":0,"texture":"#0"}}}],"display":{"gui":{"rotation":[30,225,0]}}}