{"textures":{"0":"saigonmc_models:entity/cat1"},"elements":[{"from":[6.5,5.736018,7.8140354],"to":[9.5,8.736018,11.814035],"faces":{"east":{"uv":[5.25,5.0,5.75,5.375],"tintindex":0,"rotation":0,"texture":"#0"},"south":{"uv":[5.875,4.75,6.25,5.125],"tintindex":0,"rotation":0,"texture":"#0"},"north":{"uv":[0.875,2.25,1.25,2.625],"tintindex":0,"rotation":0,"texture":"#0"},"west":{"uv":[2.375,5.375,2.875,5.75],"tintindex":0,"rotation":0,"texture":"#0"},"up":{"uv":[3.375,5.875,3.0,5.375],"tintindex":0,"rotation":0,"texture":"#0"},"down":{"uv":[3.875,5.375,3.5,5.875],"tintindex":0,"rotation":0,"texture":"#0"}}}],"display":{"gui":{"rotation":[30,225,0]}}}