{"textures":{"0":"saigonmc_models:entity/cat1"},"elements":[{"from":[6.0037475,6.44059,7.2455153],"to":[9.203748,9.640591,11.445516],"faces":{"east":{"uv":[5.625,1.25,6.125,1.625],"tintindex":0,"rotation":0,"texture":"#0"},"south":{"uv":[2.625,6.0,3.0,6.375],"tintindex":0,"rotation":0,"texture":"#0"},"north":{"uv":[0.0,6.0,0.375,6.375],"tintindex":0,"rotation":0,"texture":"#0"},"west":{"uv":[5.625,1.75,6.125,2.125],"tintindex":0,"rotation":0,"texture":"#0"},"up":{"uv":[6.0,2.75,5.625,2.25],"tintindex":0,"rotation":0,"texture":"#0"},"down":{"uv":[6.0,2.875,5.625,3.375],"tintindex":0,"rotation":0,"texture":"#0"}}}],"display":{"gui":{"rotation":[30,225,0]}}}