{"textures":{"0":"saigonmc_models:entity/cat1"},"elements":[{"from":[6.49,6.590021,7.566801],"to":[9.51,9.610022,11.586802],"faces":{"east":{"uv":[0.0,5.5,0.5,5.875],"tintindex":0,"rotation":0,"texture":"#0"},"south":{"uv":[5.875,5.75,6.25,6.125],"tintindex":0,"rotation":0,"texture":"#0"},"north":{"uv":[5.875,5.25,6.25,5.625],"tintindex":0,"rotation":0,"texture":"#0"},"west":{"uv":[5.25,5.5,5.75,5.875],"tintindex":0,"rotation":0,"texture":"#0"},"up":{"uv":[6.0,0.5,5.625,0.0],"tintindex":0,"rotation":0,"texture":"#0"},"down":{"uv":[6.0,0.625,5.625,1.125],"tintindex":0,"rotation":0,"texture":"#0"}}}],"display":{"gui":{"rotation":[30,225,0]}}}