{"textures":{"0":"saigonmc_models:entity/capybara_small"},"elements":[{"from":[5.0,6.0,-2.0],"to":[11.0,13.0,9.0],"faces":{"east":{"uv":[2.75,6.5,5.5,8.25],"tintindex":0,"rotation":0,"texture":"#0"},"south":{"uv":[4.5,8.5,6.0,10.25],"tintindex":0,"rotation":0,"texture":"#0"},"north":{"uv":[8.25,0.0,9.75,1.75],"tintindex":0,"rotation":0,"texture":"#0"},"west":{"uv":[5.75,6.5,8.5,8.25],"tintindex":0,"rotation":0,"texture":"#0"},"up":{"uv":[9.5,5.25,8.0,2.5],"tintindex":0,"rotation":0,"texture":"#0"},"down":{"uv":[4.25,8.5,2.75,11.25],"tintindex":0,"rotation":0,"texture":"#0"}}},{"from":[4.0,11.0,7.0],"to":[6.0,14.0,8.0],"faces":{"east":{"uv":[7.5,2.5,7.75,3.25],"tintindex":0,"rotation":0,"texture":"#0"},"south":{"uv":[2.0,9.0,2.5,9.75],"tintindex":0,"rotation":0,"texture":"#0"},"north":{"uv":[8.0,5.5,8.5,6.25],"tintindex":0,"rotation":0,"texture":"#0"},"west":{"uv":[5.25,10.5,5.5,11.25],"tintindex":0,"rotation":0,"texture":"#0"},"up":{"uv":[8.75,2.25,8.25,2.0],"tintindex":0,"rotation":0,"texture":"#0"},"down":{"uv":[9.5,2.0,9.0,2.25],"tintindex":0,"rotation":0,"texture":"#0"}},"rotation":{"origin":[5.0,13.0,7.5],"angle":22.5,"axis":"z"}},{"from":[10.0,11.0,7.0],"to":[12.0,14.0,8.0],"faces":{"east":{"uv":[5.75,10.5,6.0,11.25],"tintindex":0,"rotation":0,"texture":"#0"},"south":{"uv":[4.5,10.5,5.0,11.25],"tintindex":0,"rotation":0,"texture":"#0"},"north":{"uv":[2.0,10.0,2.5,10.75],"tintindex":0,"rotation":0,"texture":"#0"},"west":{"uv":[10.75,1.5,11.0,2.25],"tintindex":0,"rotation":0,"texture":"#0"},"up":{"uv":[10.5,1.75,10.0,1.5],"tintindex":0,"rotation":0,"texture":"#0"},"down":{"uv":[11.25,2.5,10.75,2.75],"tintindex":0,"rotation":0,"texture":"#0"}},"rotation":{"origin":[11.0,13.0,7.5],"angle":-22.5,"axis":"z"}}],"display":{"gui":{"rotation":[30,225,0]}}}