{"textures":{"0":"saigonmc_models:entity/capybara_small"},"elements":[{"from":[6.5,3.0,6.5],"to":[9.5,8.0,9.5],"faces":{"east":{"uv":[6.5,2.5,7.25,3.75],"tintindex":0,"rotation":0,"texture":"#0"},"south":{"uv":[6.25,8.5,7.0,9.75],"tintindex":0,"rotation":0,"texture":"#0"},"north":{"uv":[5.5,2.5,6.25,3.75],"tintindex":0,"rotation":0,"texture":"#0"},"west":{"uv":[7.25,8.5,8.0,9.75],"tintindex":0,"rotation":0,"texture":"#0"},"up":{"uv":[8.0,10.75,7.25,10.0],"tintindex":0,"rotation":0,"texture":"#0"},"down":{"uv":[9.0,10.0,8.25,10.75],"tintindex":0,"rotation":0,"texture":"#0"}}}],"display":{"gui":{"rotation":[30,225,0]}}}