{"textures":{"0":"saigonmc_models:entity/capybara_small"},"elements":[{"from":[6.5,3.0,6.5],"to":[9.5,8.0,9.5],"faces":{"east":{"uv":[9.25,8.5,10.0,9.75],"tintindex":0,"rotation":0,"texture":"#0"},"south":{"uv":[9.75,2.0,10.5,3.25],"tintindex":0,"rotation":0,"texture":"#0"},"north":{"uv":[1.0,9.0,1.75,10.25],"tintindex":0,"rotation":0,"texture":"#0"},"west":{"uv":[9.75,3.5,10.5,4.75],"tintindex":0,"rotation":0,"texture":"#0"},"up":{"uv":[11.0,9.75,10.25,9.0],"tintindex":0,"rotation":0,"texture":"#0"},"down":{"uv":[11.0,10.0,10.25,10.75],"tintindex":0,"rotation":0,"texture":"#0"}}}],"display":{"gui":{"rotation":[30,225,0]}}}