{"textures":{"0":"saigonmc_models:entity/capybara_small"},"elements":[{"from":[6.5,3.0,6.5],"to":[9.5,8.0,9.5],"faces":{"east":{"uv":[9.75,6.5,10.5,7.75],"tintindex":0,"rotation":0,"texture":"#0"},"south":{"uv":[10.0,0.0,10.75,1.25],"tintindex":0,"rotation":0,"texture":"#0"},"north":{"uv":[9.75,5.0,10.5,6.25],"tintindex":0,"rotation":0,"texture":"#0"},"west":{"uv":[6.25,10.0,7.0,11.25],"tintindex":0,"rotation":0,"texture":"#0"},"up":{"uv":[0.75,11.25,0.0,10.5],"tintindex":0,"rotation":0,"texture":"#0"},"down":{"uv":[1.75,10.5,1.0,11.25],"tintindex":0,"rotation":0,"texture":"#0"}}}],"display":{"gui":{"rotation":[30,225,0]}}}