{"textures":{"0":"saigonmc_models:entity/capybara_small"},"elements":[{"from":[3.0,4.0,1.0],"to":[13.0,13.0,16.0],"faces":{"east":{"uv":[0.0,4.0,3.75,6.25],"tintindex":0,"rotation":0,"texture":"#0"},"south":{"uv":[0.0,6.5,2.5,8.75],"tintindex":0,"rotation":0,"texture":"#0"},"north":{"uv":[5.5,0.0,8.0,2.25],"tintindex":0,"rotation":0,"texture":"#0"},"west":{"uv":[4.0,4.0,7.75,6.25],"tintindex":0,"rotation":0,"texture":"#0"},"up":{"uv":[2.5,3.75,0.0,0.0],"tintindex":0,"rotation":0,"texture":"#0"},"down":{"uv":[5.25,0.0,2.75,3.75],"tintindex":0,"rotation":0,"texture":"#0"}}}],"display":{"gui":{"rotation":[30,225,0]}}}