{
  "texture_size": [64, 64],
  "textures": { "1": "saigonmc:items/gears/jade/jade_shield" },
  "elements": [
    {
      "from": [-3, 0, 7],
      "to": [19, 22, 9],
      "rotation": { "angle": 0, "axis": "y", "origin": [8, 12, 4] },
      "faces": {
        "north": { "uv": [0, 0.5, 5.5, 6], "texture": "#1" },
        "east": { "uv": [6, 0.5, 5.5, 6], "texture": "#1" },
        "south": { "uv": [6, 0.5, 11.5, 6], "texture": "#1" },
        "west": { "uv": [5.5, 0.5, 6, 6], "texture": "#1" },
        "up": { "uv": [0, 0.5, 5.5, 0], "texture": "#1" },
        "down": { "uv": [5.5, 0, 11, 0.5], "texture": "#1" }
      }
    },
    {
      "from": [7, 8, 9],
      "to": [9, 14, 15],
      "rotation": { "angle": 0, "axis": "y", "origin": [0, 0, 3] },
      "faces": {
        "north": { "uv": [11.5, 0, 11.75, 1.5], "texture": "#1" },
        "east": { "uv": [13, 0, 11.5, 1.5], "texture": "#1" },
        "south": { "uv": [12.75, 0, 13, 1.5], "texture": "#1" },
        "west": { "uv": [11.5, 0, 13, 1.5], "texture": "#1" },
        "up": { "uv": [11.5, 0, 13, 0.25], "rotation": 90, "texture": "#1" },
        "down": { "uv": [13, 1.25, 11.5, 1.5], "rotation": 90, "texture": "#1" }
      }
    },
    {
      "from": [0, 3, 6],
      "to": [16, 19, 7],
      "faces": {
        "north": { "uv": [0.75, 1.25, 4.75, 5.25], "texture": "#1" },
        "east": { "uv": [0.25, 8.75, 0, 12.75], "texture": "#1" },
        "south": { "uv": [0, 0, 4, 4], "texture": "#1" },
        "west": { "uv": [0.25, 8.75, 0, 12.75], "texture": "#1" },
        "up": { "uv": [0.75, 1.5, 4.75, 1.75], "texture": "#1" },
        "down": { "uv": [0.75, 5, 4.75, 5.25], "texture": "#1" }
      }
    },
    {
      "from": [0, 15, 5],
      "to": [16, 19, 6],
      "faces": {
        "north": { "uv": [0.75, 1.25, 4.75, 2.25], "texture": "#1" },
        "east": { "uv": [0.5, 8.75, 0.25, 9.75], "texture": "#1" },
        "south": { "uv": [0, 0, 4, 4], "texture": "#1" },
        "west": { "uv": [0.5, 8.75, 0.25, 9.75], "texture": "#1" },
        "up": { "uv": [0.75, 1.25, 4.75, 1.5], "texture": "#1" },
        "down": { "uv": [0.75, 2, 4.75, 2.25], "texture": "#1" }
      }
    },
    {
      "from": [0, 3, 3],
      "to": [16, 11, 6],
      "faces": {
        "north": { "uv": [0.75, 6.75, 4.75, 8.75], "texture": "#1" },
        "east": { "uv": [0, 6.75, 0.75, 8.75], "texture": "#1" },
        "west": { "uv": [0.75, 6.75, 0, 8.75], "texture": "#1" },
        "up": { "uv": [0, 6.75, 4, 6], "texture": "#1" },
        "down": { "uv": [4, 6, 8, 6.75], "texture": "#1" }
      }
    },
    {
      "name": "cube inverted",
      "from": [16, 9, 6],
      "to": [0, 5, 3],
      "faces": {
        "east": { "uv": [5.5, 8.25, 4.75, 7.25], "texture": "#1" },
        "south": { "uv": [5.5, 8.25, 9.5, 7.25], "texture": "#1" },
        "west": { "uv": [4.75, 8.25, 5.5, 7.25], "texture": "#1" },
        "up": { "uv": [4.75, 4, 0.75, 3.25], "texture": "#1" },
        "down": { "uv": [4.75, 4, 0.75, 3.25], "texture": "#1" }
      }
    }
  ],
  "gui_light": "front",
  "display": {
    "thirdperson_righthand": {
      "rotation": [45, -45, 0],
      "translation": [3.75, -1, -0.75]
    },
    "thirdperson_lefthand": {
      "rotation": [45, -45, 0],
      "translation": [3.75, -1, -0.75]
    },
    "firstperson_righthand": {
      "rotation": [0, 0, 16],
      "translation": [3.5, -7.5, -0.75]
    },
    "firstperson_lefthand": {
      "rotation": [0, 0, 16],
      "translation": [3.5, -7.5, -0.75]
    },
    "ground": { "translation": [0, 7, -1], "scale": [0.39, 0.39, 0.39] },
    "gui": {
      "rotation": [10, 148, 6],
      "translation": [-0.5, -1.75, 0],
      "scale": [0.5, 0.5, 0.5]
    },
    "fixed": { "translation": [0, -6.25, -4], "scale": [2.01, 2.01, 2.01] }
  }
}
