{"textures":{"particle":"saigonmc:items/addons/paintbucket"},"elements":[{"from":[3,0,3],"to":[13,9,13],"rotation":{"angle":0,"axis":"y","origin":[12,8,12]},"faces":{"north":{"uv":[0.33333,3.66667,3.66667,6.66667],"texture":"#particle"},"east":{"uv":[0.33333,3.66667,3.66667,6.66667],"texture":"#particle"},"south":{"uv":[0.33333,3.66667,3.66667,6.66667],"texture":"#particle"},"west":{"uv":[0.33333,3.66667,3.66667,6.66667],"texture":"#particle"},"up":{"uv":[3.66667,3.66667,0.33333,0.33333],"texture":"#particle"},"down":{"uv":[3.66667,10,0.33333,6.66667],"texture":"#particle"}}},{"from":[2,9,2],"to":[14,11,4],"rotation":{"angle":0,"axis":"y","origin":[12,10,11]},"faces":{"north":{"uv":[5,1,9,1.66667],"texture":"#particle"},"east":{"uv":[4.33333,1,5,1.66667],"texture":"#particle"},"south":{"uv":[9,3,5,2.33333],"texture":"#particle"},"west":{"uv":[9,1,9.66667,1.66667],"texture":"#particle"},"up":{"uv":[9,1,5,0.33333],"texture":"#particle"},"down":{"uv":[9,2.33333,5,1.66667],"texture":"#particle"}}},{"from":[2,9,12],"to":[14,11,14],"rotation":{"angle":0,"axis":"y","origin":[12,10,21]},"faces":{"north":{"uv":[5,4.33333,9,5],"texture":"#particle"},"east":{"uv":[4.33333,4.33333,5,5],"texture":"#particle"},"south":{"uv":[9,6.33333,5,5.66667],"texture":"#particle"},"west":{"uv":[9,4.33333,9.66667,5],"texture":"#particle"},"up":{"uv":[9,4.33333,5,3.66667],"texture":"#particle"},"down":{"uv":[9,5.66667,5,5],"texture":"#particle"}}},{"from":[2,1,2],"to":[10,9,2.01],"rotation":{"angle":0,"axis":"x","origin":[12,8,11]},"faces":{"north":{"uv":[0.33333,10.66667,3,13.33333],"texture":"#particle"},"south":{"uv":[3,10.66667,0.33333,13.33333],"texture":"#particle"}}},{"from":[6,1,13.99],"to":[14,9,14],"rotation":{"angle":0,"axis":"y","origin":[16,8,22.99]},"faces":{"north":{"uv":[8.33333,10.66667,5.66667,13.33333],"texture":"#particle"},"south":{"uv":[5.66667,10.66667,8.33333,13.33333],"texture":"#particle"}}},{"from":[2,1,2],"to":[2.01,9,8],"rotation":{"angle":0,"axis":"y","origin":[12,8,11]},"faces":{"east":{"uv":[5,10.66667,3,13.33333],"texture":"#particle"},"west":{"uv":[3,10.66667,5,13.33333],"texture":"#particle"}}},{"from":[1,9.5,7.5],"to":[2,18.5,8.5],"rotation":{"angle":-22.5,"axis":"x","origin":[1.5,10,8]},"faces":{"north":{"uv":[11.33333,10,11.66667,13],"texture":"#particle"},"east":{"uv":[11,10,11.33333,13],"texture":"#particle"},"south":{"uv":[12,10,12.33333,13],"texture":"#particle"},"west":{"uv":[11.66667,10,12,13],"texture":"#particle"},"up":{"uv":[11.66667,10,11.33333,9.66667],"texture":"#particle"},"down":{"uv":[11.66667,13.33333,11.33333,13],"texture":"#particle"}}},{"from":[14,9.5,7.5],"to":[15,18.5,8.5],"rotation":{"angle":-22.5,"axis":"x","origin":[14.5,10,8]},"faces":{"north":{"uv":[9.33333,10,9.66667,13],"texture":"#particle"},"east":{"uv":[9,10,9.33333,13],"texture":"#particle"},"south":{"uv":[10,10,10.33333,13],"texture":"#particle"},"west":{"uv":[9.66667,10,10,13],"texture":"#particle"},"up":{"uv":[9.66667,10,9.33333,9.66667],"texture":"#particle"},"down":{"uv":[9.66667,13.33333,9.33333,13],"texture":"#particle"}}},{"from":[2,17.5,7.5],"to":[14,18.5,8.5],"rotation":{"angle":-22.5,"axis":"x","origin":[0.5,10,8]},"faces":{"north":{"uv":[9,7.33333,13,7.66667],"texture":"#particle"},"south":{"uv":[13,8.33333,9,8],"texture":"#particle"},"up":{"uv":[13,7.33333,9,7],"texture":"#particle"},"down":{"uv":[13,8,9,7.66667],"texture":"#particle"}}},{"from":[4,17,7],"to":[12,19,9],"rotation":{"angle":-22.5,"axis":"x","origin":[0.5,10,8]},"faces":{"north":{"uv":[5,7.66667,7.66667,8.33333],"texture":"#particle"},"east":{"uv":[8.33333,7.66667,7.66667,8.33333],"texture":"#particle"},"south":{"uv":[7.66667,9.66667,5,9],"texture":"#particle"},"west":{"uv":[7.66667,7.66667,8.33333,8.33333],"texture":"#particle"},"up":{"uv":[7.66667,7.66667,5,7],"texture":"#particle"},"down":{"uv":[7.66667,9,5,8.33333],"texture":"#particle"}}},{"from":[12,9,4],"to":[14,11,12],"rotation":{"angle":0,"axis":"y","origin":[13,8,8]},"faces":{"east":{"uv":[13,3,10.33333,2.33333],"texture":"#particle"},"west":{"uv":[10.33333,1,13,1.66667],"texture":"#particle"},"up":{"uv":[13,1,10.33333,0.33333],"rotation":270,"texture":"#particle"},"down":{"uv":[13,2.33333,10.33333,1.66667],"rotation":90,"texture":"#particle"}}},{"from":[2,9,4],"to":[4,11,12],"rotation":{"angle":0,"axis":"y","origin":[3,12,8]},"faces":{"east":{"uv":[13,6.33333,10.33333,5.66667],"texture":"#particle"},"west":{"uv":[10.33333,4.33333,13,5],"texture":"#particle"},"up":{"uv":[13,4.33333,10.33333,3.66667],"rotation":270,"texture":"#particle"},"down":{"uv":[13,5.66667,10.33333,5],"rotation":90,"texture":"#particle"}}}],"gui_light":"front","display":{"thirdperson_righthand":{"rotation":[70,11.25,0],"translation":[0.5,-5,-5],"scale":[0.55,0.55,0.55]},"firstperson_righthand":{"rotation":[0,22.5,0],"translation":[0,0.5,0],"scale":[0.4,0.4,0.4]},"ground":{"scale":[0.5,0.5,0.5]},"gui":{"scale":[0.625,0.625,0.625]},"fixed":{"rotation":[-90,0,0],"translation":[0,0,-14.5],"scale":[2,2,2]}}}