{"textures":{"particle":"saigonmc:items/addons/remote"},"elements":[{"from":[4,0,-1],"to":[12,3,17],"rotation":{"angle":0,"axis":"y","origin":[17,9,8]},"faces":{"north":{"uv":[0.5,9.5,4.5,11],"texture":"#particle"},"east":{"uv":[9.5,12,0.5,13.5],"texture":"#particle"},"south":{"uv":[9.5,11,5.5,9.5],"texture":"#particle"},"west":{"uv":[0.5,12,9.5,13.5],"texture":"#particle"},"up":{"uv":[4.5,9.5,0.5,0.5],"texture":"#particle"},"down":{"uv":[9.5,9.5,5.5,0.5],"texture":"#particle"}}},{"from":[9,2.5,0],"to":[11,3.5,2],"rotation":{"angle":0,"axis":"y","origin":[18,9.5,7]},"faces":{"north":{"uv":[11.5,1.5,12.5,2],"texture":"#particle"},"east":{"uv":[10.5,1.5,11.5,2],"texture":"#particle"},"south":{"uv":[13.5,1.5,14.5,2],"texture":"#particle"},"west":{"uv":[12.5,1.5,13.5,2],"texture":"#particle"},"up":{"uv":[12.5,1.5,11.5,0.5],"texture":"#particle"}}},{"from":[7,2.5,9],"to":[9,3.5,11],"rotation":{"angle":0,"axis":"y","origin":[16,9.5,16]},"faces":{"north":{"uv":[11.5,4,12.5,4.5],"texture":"#particle"},"east":{"uv":[10.5,4,11.5,4.5],"texture":"#particle"},"south":{"uv":[13.5,4,14.5,4.5],"texture":"#particle"},"west":{"uv":[12.5,4,13.5,4.5],"texture":"#particle"},"up":{"uv":[12.5,4,11.5,3],"texture":"#particle"}}},{"from":[7,2.5,7],"to":[9,3.5,8],"rotation":{"angle":0,"axis":"y","origin":[16,9.5,14]},"faces":{"north":{"uv":[11,8,12,8.5],"texture":"#particle"},"east":{"uv":[10.5,8,11,8.5],"texture":"#particle"},"south":{"uv":[12.5,8,13.5,8.5],"texture":"#particle"},"west":{"uv":[12,8,12.5,8.5],"texture":"#particle"},"up":{"uv":[12,8,11,7.5],"texture":"#particle"}}},{"from":[7,2.5,12],"to":[9,3.5,13],"rotation":{"angle":0,"axis":"y","origin":[16,9.5,19]},"faces":{"north":{"uv":[11,6,12,6.5],"texture":"#particle"},"east":{"uv":[10.5,6,11,6.5],"texture":"#particle"},"south":{"uv":[12.5,6,13.5,6.5],"texture":"#particle"},"west":{"uv":[12,6,12.5,6.5],"texture":"#particle"},"up":{"uv":[12,6,11,5.5],"texture":"#particle"}}},{"from":[5,2.5,9],"to":[6,3.5,11],"rotation":{"angle":0,"axis":"y","origin":[13,9.5,16]},"faces":{"north":{"uv":[11.5,13,12,13.5],"texture":"#particle"},"east":{"uv":[10.5,13,11.5,13.5],"texture":"#particle"},"south":{"uv":[13,13,13.5,13.5],"texture":"#particle"},"west":{"uv":[12,13,13,13.5],"texture":"#particle"},"up":{"uv":[12,13,11.5,12],"texture":"#particle"}}},{"from":[10,2.5,9],"to":[11,3.5,11],"rotation":{"angle":0,"axis":"y","origin":[18,9.5,16]},"faces":{"north":{"uv":[11.5,10.5,12,11],"texture":"#particle"},"east":{"uv":[10.5,10.5,11.5,11],"texture":"#particle"},"south":{"uv":[13,10.5,13.5,11],"texture":"#particle"},"west":{"uv":[12,10.5,13,11],"texture":"#particle"},"up":{"uv":[12,10.5,11.5,9.5],"texture":"#particle"}}}],"gui_light":"front","display":{"thirdperson_righthand":{"rotation":[67.5,0,11.25],"translation":[-1.5,3.5,1],"scale":[0.55,0.55,0.55]},"firstperson_righthand":{"rotation":[11.25,0,11.25],"translation":[-1,4,1],"scale":[0.4,0.4,0.4]},"ground":{"translation":[0,1,0],"scale":[0.5,0.5,0.5]},"gui":{"rotation":[90,-45,0],"scale":[0.75,0.75,0.75]},"fixed":{"rotation":[90,0,-180],"translation":[0,0,-15],"scale":[2,2,2]}}}