{"textures":{"2":"saigonmc:items/addons/threadball"},"elements":[{"from":[5.8267,0.5,5.32738],"to":[10.8267,5.5,10.32738],"rotation":{"angle":0,"axis":"y","origin":[8,3,8]},"faces":{"north":{"uv":[3,0,5.5,2.5],"texture":"#2"},"east":{"uv":[5.5,0,3,2.5],"texture":"#2"},"south":{"uv":[3,0,5.5,2.5],"texture":"#2"},"west":{"uv":[5.5,0,3,2.5],"texture":"#2"},"up":{"uv":[2.5,8.5,0,6],"texture":"#2"},"down":{"uv":[0,6,2.5,8.5],"texture":"#2"}}},{"from":[5.6267,0.3,5.12738],"to":[11.0267,5.7,10.52738],"rotation":{"angle":0,"axis":"y","origin":[8,3,8]},"faces":{"north":{"uv":[3,6,5.5,8.5],"texture":"#2"},"east":{"uv":[5.5,6,3,8.5],"texture":"#2"},"south":{"uv":[3,6,5.5,8.5],"texture":"#2"},"west":{"uv":[5.5,6,3,8.5],"texture":"#2"},"up":{"uv":[5.5,6,3,8.5],"texture":"#2"},"down":{"uv":[3,8.5,5.5,6],"texture":"#2"}}},{"from":[4.81754,0.5,8.10896],"to":[4.81754,5.5,13.10896],"rotation":{"angle":45,"axis":"y","origin":[8,3,8]},"faces":{"north":{"uv":[0,12,0,14.5],"texture":"#2"},"east":{"uv":[9,3,11.5,5.5],"texture":"#2"},"south":{"uv":[12,0,12,2.5],"texture":"#2"},"west":{"uv":[6,9,8.5,11.5],"texture":"#2"},"up":{"uv":[0.5,14.5,0.5,12],"texture":"#2"},"down":{"uv":[1,12,1,14.5],"texture":"#2"}}},{"from":[11.50218,0.5,12.89532],"to":[11.50218,5.5,17.89532],"rotation":{"angle":-22.5,"axis":"y","origin":[8,3,8]},"faces":{"north":{"uv":[1.5,12,1.5,14.5],"texture":"#2"},"east":{"uv":[11.5,9,9,11.5],"texture":"#2"},"south":{"uv":[2,12,2,14.5],"texture":"#2"},"west":{"uv":[9,9,11.5,11.5],"texture":"#2"},"up":{"uv":[2.5,14.5,2.5,12],"texture":"#2"},"down":{"uv":[3,12,3,14.5],"texture":"#2"}}}],"gui_light":"front","display":{"thirdperson_righthand":{"rotation":[176.06,12.01,164.54],"translation":[-1.25,5.25,0]},"thirdperson_lefthand":{"rotation":[176.06,12.01,164.54],"translation":[-1.25,5.25,0]},"firstperson_righthand":{"rotation":[126.14,58.14,160.25],"translation":[-1.5,4.25,0]},"firstperson_lefthand":{"rotation":[126.14,58.14,160.25],"translation":[-1.5,4.25,0]},"ground":{"rotation":[40,0,0],"translation":[-0.5,5.25,0],"scale":[0.7,0.7,0.7]},"gui":{"rotation":[42.68,-34.48,44.76],"translation":[-4,7.5,0],"scale":[1.5,1.5,1.5]},"head":{"translation":[0,17.5,0],"scale":[1.47,1.47,1.47]},"fixed":{"rotation":[85.3,43.33,89.51],"translation":[-7.5,-2.75,-1.75],"scale":[1.5,1.5,1.5]}}}