{"texture_size":[32,32],"textures":{"0":"saigonmc:items/addons/toy_bone","particle":"saigonmc:items/addons/toy_bone"},"elements":[{"from":[7,0,3.5],"to":[9,2,12.5],"rotation":{"angle":0,"axis":"y","origin":[0,0,0.5]},"faces":{"north":{"uv":[3,6.5,4,7.5],"texture":"#0"},"east":{"uv":[0,0,4.5,1],"texture":"#0"},"south":{"uv":[4.5,6.5,5.5,7.5],"texture":"#0"},"west":{"uv":[0,1.5,4.5,2.5],"texture":"#0"},"up":{"uv":[1,7.5,0,3],"texture":"#0"},"down":{"uv":[2.5,3,1.5,7.5],"texture":"#0"}}},{"from":[7.5,0,2.5],"to":[9.5,2,4.5],"rotation":{"angle":22.5,"axis":"x","origin":[8,1,6]},"faces":{"north":{"uv":[6,6.5,7,7.5],"texture":"#0"},"east":{"uv":[7,0,8,1],"texture":"#0"},"south":{"uv":[7,1.5,8,2.5],"texture":"#0"},"west":{"uv":[7,3,8,4],"texture":"#0"},"up":{"uv":[8,5.5,7,4.5],"texture":"#0"},"down":{"uv":[8.5,6,7.5,7],"texture":"#0"}}},{"from":[6,0.95671,0.6903],"to":[9,2.95671,3.6903],"rotation":{"angle":-45,"axis":"x","origin":[8.5,1.95671,3.6903]},"faces":{"north":{"uv":[5,2,6.5,3],"texture":"#0"},"east":{"uv":[3,5,4.5,6],"texture":"#0"},"south":{"uv":[5,3.5,6.5,4.5],"texture":"#0"},"west":{"uv":[5,5,6.5,6],"texture":"#0"},"up":{"uv":[4.5,4.5,3,3],"texture":"#0"},"down":{"uv":[6.5,0,5,1.5],"texture":"#0"}}},{"from":[7.5,-0.25,11.5],"to":[9.5,1.75,13.5],"rotation":{"angle":-22.5,"axis":"x","origin":[8,0.75,10]},"faces":{"north":{"uv":[8.5,0,9.5,1],"texture":"#0"},"east":{"uv":[8.5,1.5,9.5,2.5],"texture":"#0"},"south":{"uv":[8.5,3,9.5,4],"texture":"#0"},"west":{"uv":[8.5,4.5,9.5,5.5],"texture":"#0"},"up":{"uv":[10,7,9,6],"texture":"#0"},"down":{"uv":[8.5,9,7.5,10],"texture":"#0"}}},{"from":[6,0.70671,12.3097],"to":[8,2.70671,14.3097],"rotation":{"angle":45,"axis":"x","origin":[8.5,1.70671,12.3097]},"faces":{"north":{"uv":[7.5,7.5,8.5,8.5],"texture":"#0"},"east":{"uv":[0,8,1,9],"texture":"#0"},"south":{"uv":[1.5,8,2.5,9],"texture":"#0"},"west":{"uv":[3,8,4,9],"texture":"#0"},"up":{"uv":[5.5,9,4.5,8],"texture":"#0"},"down":{"uv":[7,8,6,9],"texture":"#0"}}}],"gui_light":"front","display":{"thirdperson_righthand":{"rotation":[90,0,0],"translation":[0,-1.25,9]},"thirdperson_lefthand":{"rotation":[90,0,0],"translation":[0,-1.25,9]},"firstperson_righthand":{"translation":[0,6.5,0]},"firstperson_lefthand":{"translation":[0,6.5,0]},"ground":{"rotation":[45,0,0],"translation":[0,3.5,2],"scale":[0.5,0.5,0.5]},"gui":{"rotation":[90,130,-90],"translation":[-4.25,6.25,0],"scale":[1.1,1.1,1.1]},"head":{"rotation":[-96.11,-58.99,-55.16],"translation":[-4.5,6,-6.5]},"fixed":{"rotation":[-94.76,-52.16,-69.54],"translation":[4.25,5.75,-3.75]}}}