{"textures":{"0":"saigonmc:pets/heads/basilisk_obsidian","particle":"saigonmc:pets/heads/basilisk_obsidian"},"elements":[{"from":[1.5,9.64893,12],"to":[14.5,18.64893,22],"rotation":{"angle":0,"axis":"y","origin":[8,13,8]},"faces":{"north":{"uv":[4.0625,1.0625,4.875,1.625],"texture":"#0"},"east":{"uv":[2.5,4.875,3.125,5.4375],"texture":"#0"},"south":{"uv":[4.0625,1.6875,4.875,2.25],"texture":"#0"},"west":{"uv":[4.9375,1.0625,5.5625,1.625],"texture":"#0"},"up":{"uv":[0.8125,4.3125,0,3.6875],"texture":"#0"},"down":{"uv":[4.5,3.125,3.6875,3.75],"texture":"#0"}}},{"from":[3.5,11.64893,-2],"to":[12.5,15.64893,10],"rotation":{"angle":0,"axis":"y","origin":[8,13,8]},"faces":{"north":{"uv":[1.0625,2.3125,1.625,2.5625],"texture":"#0"},"east":{"uv":[0.5,6.125,1.25,6.375],"texture":"#0"},"south":{"uv":[6.9375,2.6875,7.5,2.9375],"texture":"#0"},"west":{"uv":[2.125,6.1875,2.875,6.4375],"texture":"#0"},"up":{"uv":[1.4375,5.375,0.875,4.625],"texture":"#0"},"down":{"uv":[2.0625,4.8125,1.5,5.5625],"texture":"#0"}}},{"from":[10.06032,10.56147,10.025],"to":[16.06032,16.56147,18.025],"rotation":{"angle":-22.5,"axis":"z","origin":[8,13,8]},"faces":{"north":{"uv":[5,6.9375,5.375,7.3125],"texture":"#0"},"east":{"uv":[2.9375,6.375,3.4375,6.75],"texture":"#0"},"south":{"uv":[6.9375,5.4375,7.3125,5.8125],"texture":"#0"},"west":{"uv":[3.5,6.375,4,6.75],"texture":"#0"},"up":{"uv":[5,6.5625,4.625,6.0625],"texture":"#0"},"down":{"uv":[1.6875,6.3125,1.3125,6.8125],"texture":"#0"}}},{"from":[3.5,9.64893,10],"to":[12.5,15.64893,12],"rotation":{"angle":0,"axis":"y","origin":[8,13,8]},"faces":{"north":{"uv":[2.9375,5.9375,3.5,6.3125],"texture":"#0"},"east":{"uv":[2.8125,0.6875,2.9375,1.0625],"texture":"#0"},"south":{"uv":[3.5625,5.9375,4.125,6.3125],"texture":"#0"},"west":{"uv":[6.375,7.5,6.5,7.875],"texture":"#0"},"up":{"uv":[7.9375,6.125,7.375,6],"texture":"#0"},"down":{"uv":[1.25,7.5,0.6875,7.625],"texture":"#0"}}},{"from":[16.06032,10.56147,16.025],"to":[20.06032,15.56147,16.025],"rotation":{"angle":-22.5,"axis":"z","origin":[8,13,8]},"faces":{"north":{"uv":[7.375,5.625,7.625,5.9375],"texture":"#0"},"east":{"uv":[8.5625,1.3125,8.5625,1.625],"texture":"#0"},"south":{"uv":[7.625,5.625,7.375,5.9375],"texture":"#0"},"west":{"uv":[2.1875,8.5625,2.1875,8.875],"texture":"#0"},"up":{"uv":[6.875,2.75,6.625,2.75],"texture":"#0"},"down":{"uv":[7.0625,5.125,6.8125,5.125],"texture":"#0"}}},{"from":[7.64213,18.5763,17],"to":[11.64213,22.5763,21],"rotation":{"angle":-45,"axis":"z","origin":[8,13,8]},"faces":{"north":{"uv":[7.5,2.375,7.75,2.625],"texture":"#0"},"east":{"uv":[7.5,3.5625,7.75,3.8125],"texture":"#0"},"south":{"uv":[5.4375,7.5,5.6875,7.75],"texture":"#0"},"west":{"uv":[5.75,7.5,6,7.75],"texture":"#0"},"up":{"uv":[6.3125,7.75,6.0625,7.5],"texture":"#0"},"down":{"uv":[7.75,7.4375,7.5,7.6875],"texture":"#0"}}},{"from":[12.52121,20.20251,18],"to":[14.52121,25.20251,20],"rotation":{"angle":-22.5,"axis":"z","origin":[8,13,8]},"faces":{"north":{"uv":[5.8125,3.6875,5.9375,4],"texture":"#0"},"east":{"uv":[3.125,7.5625,3.25,7.875],"texture":"#0"},"south":{"uv":[3.375,7.9375,3.5,8.25],"texture":"#0"},"west":{"uv":[8.0625,1.1875,8.1875,1.5],"texture":"#0"},"up":{"uv":[4.6875,3.75,4.5625,3.625],"texture":"#0"},"down":{"uv":[6.25,0.875,6.125,1],"texture":"#0"}}},{"from":[8,15.64893,0],"to":[8,19.64893,12],"rotation":{"angle":0,"axis":"y","origin":[8,13,8]},"faces":{"north":{"uv":[4.125,7.875,4.125,8.125],"texture":"#0"},"east":{"uv":[6.4375,0,7.1875,0.25],"texture":"#0"},"south":{"uv":[8.5625,2.125,8.5625,2.375],"texture":"#0"},"west":{"uv":[7.1875,0,6.4375,0.25],"texture":"#0"},"up":{"uv":[3.125,9.3125,3.125,8.5625],"texture":"#0"},"down":{"uv":[3.1875,8.5625,3.1875,9.3125],"texture":"#0"}}},{"from":[7.63794,20.57682,13],"to":[9.63794,24.57682,15],"rotation":{"angle":-45,"axis":"z","origin":[8,13,8]},"faces":{"north":{"uv":[8.3125,5,8.4375,5.25],"texture":"#0"},"east":{"uv":[8.3125,5.3125,8.4375,5.5625],"texture":"#0"},"south":{"uv":[8.3125,5.625,8.4375,5.875],"texture":"#0"},"west":{"uv":[8.3125,5.9375,8.4375,6.1875],"texture":"#0"},"up":{"uv":[4,6.9375,3.875,6.8125],"texture":"#0"},"down":{"uv":[7.8125,5.8125,7.6875,5.9375],"texture":"#0"}}},{"from":[6,3.64893,-2],"to":[6,8.64893,10],"rotation":{"angle":0,"axis":"y","origin":[8,13,8]},"faces":{"north":{"uv":[3.25,8.5625,3.25,8.875],"texture":"#0"},"east":{"uv":[5.625,0,6.375,0.3125],"texture":"#0"},"south":{"uv":[8.5625,3.875,8.5625,4.1875],"texture":"#0"},"west":{"uv":[6.375,0,5.625,0.3125],"texture":"#0"},"up":{"uv":[4.875,9.3125,4.875,8.5625],"texture":"#0"},"down":{"uv":[4.9375,8.5625,4.9375,9.3125],"texture":"#0"}}},{"from":[10,3.64893,-2],"to":[10,8.64893,10],"rotation":{"angle":0,"axis":"y","origin":[8,13,8]},"faces":{"north":{"uv":[3.25,8.5625,3.25,8.875],"texture":"#0"},"east":{"uv":[5.625,0,6.375,0.3125],"texture":"#0"},"south":{"uv":[8.5625,3.875,8.5625,4.1875],"texture":"#0"},"west":{"uv":[6.375,0,5.625,0.3125],"texture":"#0"},"up":{"uv":[4.875,9.3125,4.875,8.5625],"texture":"#0"},"down":{"uv":[4.9375,8.5625,4.9375,9.3125],"texture":"#0"}}},{"from":[3,8.64893,-3],"to":[13,11.64893,10],"rotation":{"angle":0,"axis":"y","origin":[8,13,8]},"faces":{"north":{"uv":[4.9375,2.0625,5.5625,2.25],"texture":"#0"},"east":{"uv":[6.4375,5.1875,7.25,5.375],"texture":"#0"},"south":{"uv":[6.9375,3,7.5625,3.1875],"texture":"#0"},"west":{"uv":[6.5,3.3125,7.3125,3.5],"texture":"#0"},"up":{"uv":[2.125,4.125,1.5,3.3125],"texture":"#0"},"down":{"uv":[2.8125,3.3125,2.1875,4.125],"texture":"#0"}}},{"from":[3,11.64893,-3],"to":[3,14.64893,10],"rotation":{"angle":0,"axis":"y","origin":[8,13,8]},"faces":{"north":{"uv":[4.3125,8.1875,4.3125,8.375],"texture":"#0"},"east":{"uv":[6.625,2.4375,7.4375,2.625],"texture":"#0"},"south":{"uv":[4.375,8.1875,4.375,8.375],"texture":"#0"},"west":{"uv":[7.4375,2.4375,6.625,2.625],"texture":"#0"},"up":{"uv":[8.5625,7.4375,8.5625,6.625],"texture":"#0"},"down":{"uv":[8.5625,8.5,8.5625,9.3125],"texture":"#0"}}},{"from":[3,11.64893,-3],"to":[13,14.64893,-3],"rotation":{"angle":0,"axis":"y","origin":[8,13,8]},"faces":{"north":{"uv":[7.125,4.6875,7.75,4.875],"texture":"#0"},"east":{"uv":[8.5625,4.6875,8.5625,4.875],"texture":"#0"},"south":{"uv":[7.75,4.6875,7.125,4.875],"texture":"#0"},"west":{"uv":[8.625,1.3125,8.625,1.5],"texture":"#0"},"up":{"uv":[7.6875,0.75,7.0625,0.75],"texture":"#0"},"down":{"uv":[9.25,1.5625,8.625,1.5625],"texture":"#0"}}},{"from":[13,11.64893,-3],"to":[13,14.64893,10],"rotation":{"angle":0,"axis":"y","origin":[8,13,8]},"faces":{"north":{"uv":[4.3125,8.1875,4.3125,8.375],"texture":"#0"},"east":{"uv":[6.625,2.4375,7.4375,2.625],"texture":"#0"},"south":{"uv":[4.375,8.1875,4.375,8.375],"texture":"#0"},"west":{"uv":[7.4375,2.4375,6.625,2.625],"texture":"#0"},"up":{"uv":[8.5625,7.4375,8.5625,6.625],"texture":"#0"},"down":{"uv":[8.5625,8.5,8.5625,9.3125],"texture":"#0"}}},{"from":[12.5,9.64893,-2],"to":[12.5,11.64893,10],"rotation":{"angle":0,"axis":"y","origin":[8,13,8]},"faces":{"north":{"uv":[3.875,0.5,3.875,0.625],"texture":"#0"},"east":{"uv":[3.0625,0.5,3.8125,0.625],"texture":"#0"},"south":{"uv":[3.9375,0.5,3.9375,0.625],"texture":"#0"},"west":{"uv":[2.375,4.25,3.125,4.375],"texture":"#0"},"up":{"uv":[3.375,9.375,3.375,8.625],"texture":"#0"},"down":{"uv":[3.4375,8.625,3.4375,9.375],"texture":"#0"}}},{"from":[3.5,9.64893,-2],"to":[12.5,11.64893,-2],"rotation":{"angle":0,"axis":"y","origin":[8,13,8]},"faces":{"north":{"uv":[7.5,1.625,8.0625,1.75],"texture":"#0"},"east":{"uv":[0.8125,5.25,0.8125,5.375],"texture":"#0"},"south":{"uv":[7.5,1.8125,8.0625,1.9375],"texture":"#0"},"west":{"uv":[1.375,5.4375,1.375,5.5625],"texture":"#0"},"up":{"uv":[9.1875,1.625,8.625,1.625],"texture":"#0"},"down":{"uv":[9.1875,3,8.625,3],"texture":"#0"}}},{"from":[4.35787,18.5763,17],"to":[8.35787,22.5763,21],"rotation":{"angle":45,"axis":"z","origin":[8,13,8]},"faces":{"north":{"uv":[7.75,2.375,7.5,2.625],"texture":"#0"},"east":{"uv":[6,7.5,5.75,7.75],"texture":"#0"},"south":{"uv":[5.6875,7.5,5.4375,7.75],"texture":"#0"},"west":{"uv":[7.75,3.5625,7.5,3.8125],"texture":"#0"},"up":{"uv":[6.0625,7.75,6.3125,7.5],"texture":"#0"},"down":{"uv":[7.5,7.4375,7.75,7.6875],"texture":"#0"}}},{"from":[6.36206,20.57682,13],"to":[8.36206,24.57682,15],"rotation":{"angle":45,"axis":"z","origin":[8,13,8]},"faces":{"north":{"uv":[8.4375,5,8.3125,5.25],"texture":"#0"},"east":{"uv":[8.4375,5.9375,8.3125,6.1875],"texture":"#0"},"south":{"uv":[8.4375,5.625,8.3125,5.875],"texture":"#0"},"west":{"uv":[8.4375,5.3125,8.3125,5.5625],"texture":"#0"},"up":{"uv":[3.875,6.9375,4,6.8125],"texture":"#0"},"down":{"uv":[7.6875,5.8125,7.8125,5.9375],"texture":"#0"}}},{"from":[-4.06032,10.56147,16.025],"to":[-0.06032,15.56147,16.025],"rotation":{"angle":22.5,"axis":"z","origin":[8,13,8]},"faces":{"north":{"uv":[7.625,5.625,7.375,5.9375],"texture":"#0"},"east":{"uv":[2.1875,8.5625,2.1875,8.875],"texture":"#0"},"south":{"uv":[7.375,5.625,7.625,5.9375],"texture":"#0"},"west":{"uv":[8.5625,1.3125,8.5625,1.625],"texture":"#0"},"up":{"uv":[6.625,2.75,6.875,2.75],"texture":"#0"},"down":{"uv":[6.8125,5.125,7.0625,5.125],"texture":"#0"}}},{"from":[-0.06032,10.56147,10.025],"to":[5.93968,16.56147,18.025],"rotation":{"angle":22.5,"axis":"z","origin":[8,13,8]},"faces":{"north":{"uv":[5.375,6.9375,5,7.3125],"texture":"#0"},"east":{"uv":[4,6.375,3.5,6.75],"texture":"#0"},"south":{"uv":[7.3125,5.4375,6.9375,5.8125],"texture":"#0"},"west":{"uv":[3.4375,6.375,2.9375,6.75],"texture":"#0"},"up":{"uv":[4.625,6.5625,5,6.0625],"texture":"#0"},"down":{"uv":[1.3125,6.3125,1.6875,6.8125],"texture":"#0"}}},{"from":[1.47879,20.20251,18],"to":[3.47879,25.20251,20],"rotation":{"angle":22.5,"axis":"z","origin":[8,13,8]},"faces":{"north":{"uv":[5.9375,3.6875,5.8125,4],"texture":"#0"},"east":{"uv":[8.1875,1.1875,8.0625,1.5],"texture":"#0"},"south":{"uv":[3.5,7.9375,3.375,8.25],"texture":"#0"},"west":{"uv":[3.25,7.5625,3.125,7.875],"texture":"#0"},"up":{"uv":[4.5625,3.75,4.6875,3.625],"texture":"#0"},"down":{"uv":[6.125,0.875,6.25,1],"texture":"#0"}}}],"gui_light":"front","display":{"gui":{"rotation":[0,90,0],"translation":[-1,-3.25,0],"scale":[0.6,0.6,0.6]}}}