{"textures":{"1":"saigonmc:pets/heads/capybara"},"elements":[{"from":[11.18359,14.33584,15.3711],"to":[12.18359,18.33584,19.3711],"rotation":{"angle":22.5,"axis":"y","origin":[8,12.83584,11.34898]},"faces":{"north":{"uv":[1.75,10.5,1.875,11],"texture":"#1"},"east":{"uv":[11.125,4.5,11.625,5],"texture":"#1"},"south":{"uv":[6.25,10.875,6.375,11.375],"texture":"#1"},"west":{"uv":[3.75,11.25,4.25,11.75],"texture":"#1"},"up":{"uv":[10.375,11.5,10.25,11],"texture":"#1"},"down":{"uv":[10.625,11,10.5,11.5],"texture":"#1"}}},{"from":[3.81641,14.33584,15.3711],"to":[4.81641,18.33584,19.3711],"rotation":{"angle":-22.5,"axis":"y","origin":[8,12.83584,11.34898]},"faces":{"north":{"uv":[8.75,9.125,8.875,9.625],"texture":"#1"},"east":{"uv":[6.375,8.125,6.875,8.625],"texture":"#1"},"south":{"uv":[6.5,9.75,6.625,10.25],"texture":"#1"},"west":{"uv":[9.125,5.5,9.625,6],"texture":"#1"},"up":{"uv":[10,7.125,9.875,6.625],"texture":"#1"},"down":{"uv":[1.625,10.5,1.5,11],"texture":"#1"}}},{"from":[2,2.83584,-1.30509],"to":[14,15.83584,15.69491],"rotation":{"angle":0,"axis":"y","origin":[8,12.83584,11.34898]},"faces":{"north":{"uv":[7,6.125,8.5,7.75],"texture":"#1"},"east":{"uv":[0,2.125,2.125,3.75],"texture":"#1"},"south":{"uv":[7.5,0,9,1.625],"texture":"#1"},"west":{"uv":[2.25,2.125,4.375,3.75],"texture":"#1"},"up":{"uv":[6.875,4.125,5.375,2],"texture":"#1"},"down":{"uv":[6.875,4.25,5.375,6.375],"texture":"#1"}}}],"gui_light":"front","display":{"gui":{"rotation":[0,90,0],"translation":[0.25,-1.5,0],"scale":[0.7,0.7,0.7]}}}