{"textures":{"0":"saigonmc:pets/heads/capybara_small"},"elements":[{"from":[5,3.98097,0.5],"to":[11,10.98097,11.5],"rotation":{"angle":0,"axis":"y","origin":[8,-6.01903,16.5]},"faces":{"north":{"uv":[8.25,0,9.75,1.75],"texture":"#0"},"east":{"uv":[2.75,6.5,5.5,8.25],"texture":"#0"},"south":{"uv":[4.5,8.5,6,10.25],"texture":"#0"},"west":{"uv":[5.75,6.5,8.5,8.25],"texture":"#0"},"up":{"uv":[9.5,5.25,8,2.5],"texture":"#0"},"down":{"uv":[4.25,8.5,2.75,11.25],"texture":"#0"}}},{"from":[4,8.98097,9.5],"to":[6,11.98097,10.5],"rotation":{"angle":22.5,"axis":"z","origin":[5,10.98097,10]},"faces":{"north":{"uv":[8,5.5,8.5,6.25],"texture":"#0"},"east":{"uv":[7.5,2.5,7.75,3.25],"texture":"#0"},"south":{"uv":[2,9,2.5,9.75],"texture":"#0"},"west":{"uv":[5.25,10.5,5.5,11.25],"texture":"#0"},"up":{"uv":[8.75,2.25,8.25,2],"texture":"#0"},"down":{"uv":[9.5,2,9,2.25],"texture":"#0"}}},{"from":[10,8.98097,9.5],"to":[12,11.98097,10.5],"rotation":{"angle":-22.5,"axis":"z","origin":[11,10.98097,10]},"faces":{"north":{"uv":[2,10,2.5,10.75],"texture":"#0"},"east":{"uv":[5.75,10.5,6,11.25],"texture":"#0"},"south":{"uv":[4.5,10.5,5,11.25],"texture":"#0"},"west":{"uv":[10.75,1.5,11,2.25],"texture":"#0"},"up":{"uv":[10.5,1.75,10,1.5],"texture":"#0"},"down":{"uv":[11.25,2.5,10.75,2.75],"texture":"#0"}}}],"gui_light":"front","display":{"gui":{"rotation":[180,0,180],"scale":[1.3,1.3,1.3]},"head":{"translation":[0,0.5,-1.75],"scale":[2.5,2.5,2.5]}}}