{"texture_size":[64,64],"textures":{"1":"saigonmc:pets/heads/cat1","particle":"saigonmc:pets/heads/cat1"},"elements":[{"from":[5,4.31067,7.0375],"to":[11,10.31067,13.0375],"rotation":{"angle":0,"axis":"y","origin":[8,-4.78933,16.0375]},"faces":{"north":{"uv":[0,0,1.5,1.5],"texture":"#1"},"east":{"uv":[0,1.75,1.5,3.25],"texture":"#1"},"south":{"uv":[1.75,0,3.25,1.5],"texture":"#1"},"west":{"uv":[1.75,1.75,3.25,3.25],"texture":"#1"},"up":{"uv":[1.5,5,0,3.5],"texture":"#1"},"down":{"uv":[5,0,3.5,1.5],"texture":"#1"}}},{"from":[11.05,7.85497,6.79885],"to":[11.05,8.85497,7.79885],"rotation":{"angle":22.5,"axis":"x","origin":[10.0505,8.15497,7.24985]},"faces":{"north":{"uv":[5,6.75,5,7],"texture":"#1"},"east":{"uv":[3.75,7.5,4,7.75],"texture":"#1"},"south":{"uv":[1.5,7,1.5,7.25],"texture":"#1"},"west":{"uv":[7.5,4,7.75,4.25],"texture":"#1"},"up":{"uv":[1.5,7.75,1.5,7.5],"texture":"#1"},"down":{"uv":[7.75,6.5,7.75,6.75],"texture":"#1"}}},{"from":[11.025,6.31067,6.9625],"to":[11.025,8.11067,7.4625],"rotation":{"angle":0,"axis":"y","origin":[11,6.81067,7.4625]},"faces":{"north":{"uv":[6.75,7.75,6.75,8.25],"texture":"#1"},"east":{"uv":[7,2.5,7.25,3],"texture":"#1"},"south":{"uv":[7,7.75,7,8.25],"texture":"#1"},"west":{"uv":[7,3.25,7.25,3.75],"texture":"#1"},"up":{"uv":[7.25,8,7.25,7.75],"texture":"#1"},"down":{"uv":[7.5,7.75,7.5,8],"texture":"#1"}}},{"from":[9.225,6.31067,6.9625],"to":[11.025,8.11067,6.9625],"rotation":{"angle":0,"axis":"y","origin":[8,-4.98933,16.0375]},"faces":{"north":{"uv":[0,7,0.5,7.5],"texture":"#1"},"east":{"uv":[7.75,7.75,7.75,8.25],"texture":"#1"},"south":{"uv":[7,0,7.5,0.5],"texture":"#1"},"west":{"uv":[1.5,8,1.5,8.5],"texture":"#1"},"up":{"uv":[8.25,7,7.75,7],"texture":"#1"},"down":{"uv":[8.5,1.5,8,1.5],"texture":"#1"}}},{"from":[9.375,6.43567,6.9375],"to":[10.375,7.73567,6.9375],"rotation":{"angle":0,"axis":"y","origin":[10.025,7.28567,6.9375]},"faces":{"north":{"uv":[4.25,7.5,4.5,7.75],"texture":"#1"},"east":{"uv":[8,1.75,8,2],"texture":"#1"},"south":{"uv":[7.5,4.5,7.75,4.75],"texture":"#1"},"west":{"uv":[8,2.25,8,2.5],"texture":"#1"},"up":{"uv":[8.25,2.75,8,2.75],"texture":"#1"},"down":{"uv":[8.25,3,8,3],"texture":"#1"}}},{"from":[9.275,7.43567,6.9125],"to":[9.675,7.83567,6.9125],"rotation":{"angle":0,"axis":"y","origin":[10.025,7.28567,6.9375]},"faces":{"north":{"uv":[4.75,7.5,5,7.75],"texture":"#1"},"east":{"uv":[8,3.25,8,3.5],"texture":"#1"},"south":{"uv":[7.5,5,7.75,5.25],"texture":"#1"},"west":{"uv":[3.75,8,3.75,8.25],"texture":"#1"},"up":{"uv":[8.25,3.75,8,3.75],"texture":"#1"},"down":{"uv":[4.25,8,4,8],"texture":"#1"}}},{"from":[4.975,6.31067,6.9625],"to":[4.975,8.11067,7.4625],"rotation":{"angle":0,"axis":"y","origin":[5,6.81067,7.4625]},"faces":{"north":{"uv":[8,4,8,4.5],"texture":"#1"},"east":{"uv":[7,4,7.25,4.5],"texture":"#1"},"south":{"uv":[4.5,8,4.5,8.5],"texture":"#1"},"west":{"uv":[7,4.75,7.25,5.25],"texture":"#1"},"up":{"uv":[4.75,8.25,4.75,8],"texture":"#1"},"down":{"uv":[8,4.75,8,5],"texture":"#1"}}},{"from":[9.126,7.85497,6.79985],"to":[9.126,8.85497,7.79985],"rotation":{"angle":22.5,"axis":"x","origin":[10.0505,8.15497,7.24985]},"faces":{"north":{"uv":[5,8,5,8.25],"texture":"#1"},"east":{"uv":[7.5,7.25,7.75,7.5],"texture":"#1"},"south":{"uv":[8,6.5,8,6.75],"texture":"#1"},"west":{"uv":[0,7.75,0.25,8],"texture":"#1"},"up":{"uv":[8,7.5,8,7.25],"texture":"#1"},"down":{"uv":[8,7.75,8,8],"texture":"#1"}}},{"from":[9.125,7.85497,6.79985],"to":[11.05,8.85497,6.79985],"rotation":{"angle":22.5,"axis":"x","origin":[10.0505,8.15497,7.24985]},"faces":{"north":{"uv":[7,5.5,7.5,5.75],"texture":"#1"},"east":{"uv":[0,8.25,0,8.5],"texture":"#1"},"south":{"uv":[2.25,7.25,2.75,7.5],"texture":"#1"},"west":{"uv":[8.25,0,8.25,0.25],"texture":"#1"},"up":{"uv":[8.5,5.25,8,5.25],"texture":"#1"},"down":{"uv":[0.75,8.25,0.25,8.25],"texture":"#1"}}},{"from":[6.874,7.85497,6.79985],"to":[6.874,8.85497,7.79985],"rotation":{"angle":22.5,"axis":"x","origin":[5.9495,8.15497,7.24985]},"faces":{"north":{"uv":[8.25,0.5,8.25,0.75],"texture":"#1"},"east":{"uv":[7.75,0,8,0.25],"texture":"#1"},"south":{"uv":[1,8.25,1,8.5],"texture":"#1"},"west":{"uv":[0.5,7.75,0.75,8],"texture":"#1"},"up":{"uv":[8.25,1.25,8.25,1],"texture":"#1"},"down":{"uv":[1.25,8.25,1.25,8.5],"texture":"#1"}}},{"from":[4.95,7.85497,6.79885],"to":[4.95,8.85497,7.79885],"rotation":{"angle":22.5,"axis":"x","origin":[5.9495,8.15497,7.24985]},"faces":{"north":{"uv":[8.25,1.75,8.25,2],"texture":"#1"},"east":{"uv":[7.75,0.5,8,0.75],"texture":"#1"},"south":{"uv":[2.25,8.25,2.25,8.5],"texture":"#1"},"west":{"uv":[1,7.75,1.25,8],"texture":"#1"},"up":{"uv":[8.25,2.5,8.25,2.25],"texture":"#1"},"down":{"uv":[2.5,8.25,2.5,8.5],"texture":"#1"}}},{"from":[4.95,7.85497,6.79985],"to":[6.875,8.85497,6.79985],"rotation":{"angle":22.5,"axis":"x","origin":[5.9495,8.15497,7.24985]},"faces":{"north":{"uv":[3,7.25,3.5,7.5],"texture":"#1"},"east":{"uv":[2.75,8.25,2.75,8.5],"texture":"#1"},"south":{"uv":[6.75,7.25,7.25,7.5],"texture":"#1"},"west":{"uv":[3,8.25,3,8.5],"texture":"#1"},"up":{"uv":[8.75,3.25,8.25,3.25],"texture":"#1"},"down":{"uv":[8.75,3.5,8.25,3.5],"texture":"#1"}}},{"from":[5.625,6.43567,6.9375],"to":[6.625,7.73567,6.9375],"rotation":{"angle":0,"axis":"y","origin":[5.975,7.28567,6.9375]},"faces":{"north":{"uv":[7.75,1,8,1.25],"texture":"#1"},"east":{"uv":[3.25,8.25,3.25,8.5],"texture":"#1"},"south":{"uv":[2.25,7.75,2.5,8],"texture":"#1"},"west":{"uv":[3.5,8.25,3.5,8.5],"texture":"#1"},"up":{"uv":[4.25,8.25,4,8.25],"texture":"#1"},"down":{"uv":[8.5,4,8.25,4],"texture":"#1"}}},{"from":[4.975,6.31067,6.9625],"to":[6.775,8.11067,6.9625],"rotation":{"angle":0,"axis":"y","origin":[8,-4.98933,16.0375]},"faces":{"north":{"uv":[0.75,7,1.25,7.5],"texture":"#1"},"east":{"uv":[8.25,4.25,8.25,4.75],"texture":"#1"},"south":{"uv":[7,0.75,7.5,1.25],"texture":"#1"},"west":{"uv":[5.25,8.25,5.25,8.75],"texture":"#1"},"up":{"uv":[8.75,5,8.25,5],"texture":"#1"},"down":{"uv":[6,8.25,5.5,8.25],"texture":"#1"}}},{"from":[5.525,7.43567,6.9125],"to":[5.925,7.83567,6.9125],"rotation":{"angle":0,"axis":"y","origin":[5.975,7.28567,6.9375]},"faces":{"north":{"uv":[2.75,7.75,3,8],"texture":"#1"},"east":{"uv":[8.25,5.5,8.25,5.75],"texture":"#1"},"south":{"uv":[3.25,7.75,3.5,8],"texture":"#1"},"west":{"uv":[6.25,8.25,6.25,8.5],"texture":"#1"},"up":{"uv":[8.5,6.5,8.25,6.5],"texture":"#1"},"down":{"uv":[8.5,6.75,8.25,6.75],"texture":"#1"}}},{"from":[2.02975,3.04137,6.8375],"to":[8.02975,6.04137,6.8375],"rotation":{"angle":22.5,"axis":"z","origin":[4.89889,5.13892,6.7375]},"faces":{"north":{"uv":[5.25,0,6.75,0.75],"texture":"#1"},"east":{"uv":[6.5,8.25,6.5,9],"texture":"#1"},"south":{"uv":[5.25,1,6.75,1.75],"texture":"#1"},"west":{"uv":[7.25,8.25,7.25,9],"texture":"#1"},"up":{"uv":[9.75,7.25,8.25,7.25],"texture":"#1"},"down":{"uv":[9.75,7.5,8.25,7.5],"texture":"#1"}}},{"from":[1.47277,4.32569,6.6375],"to":[7.47277,7.32569,6.6375],"rotation":{"angle":0,"axis":"y","origin":[4.89889,5.13892,6.7375]},"faces":{"north":{"uv":[1.75,5.25,3.25,6],"texture":"#1"},"east":{"uv":[7.5,8.25,7.5,9],"texture":"#1"},"south":{"uv":[5.25,2,6.75,2.75],"texture":"#1"},"west":{"uv":[8.25,7.75,8.25,8.5],"texture":"#1"},"up":{"uv":[10,0,8.5,0],"texture":"#1"},"down":{"uv":[10,0.25,8.5,0.25],"texture":"#1"}}},{"from":[8.52723,4.32569,6.6375],"to":[14.52723,7.32569,6.6375],"rotation":{"angle":0,"axis":"y","origin":[11.10111,5.13892,6.7375]},"faces":{"north":{"uv":[5.25,3,6.75,3.75],"texture":"#1"},"east":{"uv":[8,8.25,8,9],"texture":"#1"},"south":{"uv":[3.5,5.25,5,6],"texture":"#1"},"west":{"uv":[0.25,8.5,0.25,9.25],"texture":"#1"},"up":{"uv":[10,0.5,8.5,0.5],"texture":"#1"},"down":{"uv":[10,0.75,8.5,0.75],"texture":"#1"}}},{"from":[7.97025,3.04137,6.8375],"to":[13.97025,6.04137,6.8375],"rotation":{"angle":-22.5,"axis":"z","origin":[11.10111,5.13892,6.7375]},"faces":{"north":{"uv":[5.25,4,6.75,4.75],"texture":"#1"},"east":{"uv":[0.5,8.5,0.5,9.25],"texture":"#1"},"south":{"uv":[5.25,5,6.75,5.75],"texture":"#1"},"west":{"uv":[0.75,8.5,0.75,9.25],"texture":"#1"},"up":{"uv":[10,1,8.5,1],"texture":"#1"},"down":{"uv":[10,1.25,8.5,1.25],"texture":"#1"}}},{"from":[0.17122,8.47393,8.97897],"to":[6.17122,14.47393,9.05397],"rotation":{"angle":22.5,"axis":"z","origin":[4.4677,16.53527,10.1245]},"faces":{"north":{"uv":[1.75,3.5,3.25,5],"texture":"#1"},"east":{"uv":[5.25,6,5.5,7.5],"texture":"#1"},"south":{"uv":[3.5,1.75,5,3.25],"texture":"#1"},"west":{"uv":[5.75,6,6,7.5],"texture":"#1"},"up":{"uv":[3.25,6.5,1.75,6.25],"texture":"#1"},"down":{"uv":[5,6.25,3.5,6.5],"texture":"#1"}}},{"from":[9.82878,8.47393,8.97897],"to":[15.82878,14.47393,9.05397],"rotation":{"angle":-22.5,"axis":"z","origin":[11.5323,16.53527,10.1245]},"faces":{"north":{"uv":[3.5,3.5,5,5],"texture":"#1"},"east":{"uv":[6.25,6,6.5,7.5],"texture":"#1"},"south":{"uv":[0,5.25,1.5,6.75],"texture":"#1"},"west":{"uv":[1.75,6.75,2,8.25],"texture":"#1"},"up":{"uv":[3.75,7,2.25,6.75],"texture":"#1"},"down":{"uv":[8.25,6,6.75,6.25],"texture":"#1"}}},{"from":[6.5,4.81067,6.0375],"to":[9.5,6.81067,7.0375],"rotation":{"angle":0,"axis":"y","origin":[7.5,5.81067,6.5375]},"faces":{"north":{"uv":[4,6.75,4.75,7.25],"texture":"#1"},"east":{"uv":[7.5,2.5,7.75,3],"texture":"#1"},"south":{"uv":[6.75,6.5,7.5,7],"texture":"#1"},"west":{"uv":[7.5,3.25,7.75,3.75],"texture":"#1"},"up":{"uv":[7.75,1.75,7,1.5],"texture":"#1"},"down":{"uv":[7.75,2,7,2.25],"texture":"#1"}}},{"from":[7.5,6.06067,5.9625],"to":[8.5,6.86067,5.9625],"rotation":{"angle":0,"axis":"y","origin":[8,6.31067,6.0125]},"faces":{"north":{"uv":[5.25,7.75,5.5,8],"texture":"#1"},"east":{"uv":[1.75,8.5,1.75,8.75],"texture":"#1"},"south":{"uv":[7.75,5.5,8,5.75],"texture":"#1"},"west":{"uv":[8.5,1.75,8.5,2],"texture":"#1"},"up":{"uv":[8.75,2.25,8.5,2.25],"texture":"#1"},"down":{"uv":[8.75,2.5,8.5,2.5],"texture":"#1"}}},{"from":[7.5,6.85967,5.9625],"to":[8.5,6.85967,6.5625],"rotation":{"angle":0,"axis":"y","origin":[8,6.90967,6.4125]},"faces":{"north":{"uv":[8.5,2.75,8.75,2.75],"texture":"#1"},"east":{"uv":[8.5,3,8.75,3],"texture":"#1"},"south":{"uv":[3.75,8.5,4,8.5],"texture":"#1"},"west":{"uv":[8.5,3.75,8.75,3.75],"texture":"#1"},"up":{"uv":[6,8,5.75,7.75],"texture":"#1"},"down":{"uv":[6.5,7.75,6.25,8],"texture":"#1"}}}],"gui_light":"front","display":{"thirdperson_righthand":{"rotation":[49,0,0],"translation":[0.5,1.5,-2.5],"scale":[0.7,0.7,0.7]},"thirdperson_lefthand":{"rotation":[49,0,0],"translation":[0.5,1.5,-2.5],"scale":[0.7,0.7,0.7]},"ground":{"rotation":[42,0,0],"translation":[0,2.25,0],"scale":[0.8,0.8,0.8]},"gui":{"rotation":[0,180,0],"translation":[0,-0.25,0],"scale":[1.7,1.7,1.7]},"head":{"translation":[0,2,-5],"scale":[2.5,2.5,2.5]},"fixed":{"translation":[0,0,-5.5],"scale":[2,2,2]}}}