{"texture_size":[64,64],"textures":{"1":"saigonmc:pets/heads/cat3","particle":"saigonmc:pets/heads/cat3"},"elements":[{"from":[5,4.47134,7.0375],"to":[11,10.47134,13.0375],"rotation":{"angle":0,"axis":"y","origin":[8,-4.62866,16.0375]},"faces":{"north":{"uv":[0,0,1.5,1.5],"texture":"#1"},"east":{"uv":[0,1.75,1.5,3.25],"texture":"#1"},"south":{"uv":[1.75,0,3.25,1.5],"texture":"#1"},"west":{"uv":[1.75,1.75,3.25,3.25],"texture":"#1"},"up":{"uv":[1.5,5,0,3.5],"texture":"#1"},"down":{"uv":[5,0,3.5,1.5],"texture":"#1"}}},{"from":[9.126,8.01564,6.69985],"to":[9.126,9.01564,7.69985],"rotation":{"angle":22.5,"axis":"x","origin":[10.0505,8.31564,7.24985]},"faces":{"north":{"uv":[5,6.75,5,7],"texture":"#1"},"east":{"uv":[7.25,7.25,7.5,7.5],"texture":"#1"},"south":{"uv":[1.5,7,1.5,7.25],"texture":"#1"},"west":{"uv":[3.75,7.5,4,7.75],"texture":"#1"},"up":{"uv":[1.5,7.75,1.5,7.5],"texture":"#1"},"down":{"uv":[7.75,6.5,7.75,6.75],"texture":"#1"}}},{"from":[11.05,8.01564,6.69885],"to":[11.05,9.01564,7.69885],"rotation":{"angle":22.5,"axis":"x","origin":[10.0505,8.31564,7.24985]},"faces":{"north":{"uv":[7.75,7,7.75,7.25],"texture":"#1"},"east":{"uv":[4.25,7.5,4.5,7.75],"texture":"#1"},"south":{"uv":[7.25,7.75,7.25,8],"texture":"#1"},"west":{"uv":[7.5,4.5,7.75,4.75],"texture":"#1"},"up":{"uv":[7.5,8,7.5,7.75],"texture":"#1"},"down":{"uv":[7.75,7.5,7.75,7.75],"texture":"#1"}}},{"from":[9.125,8.01564,6.69985],"to":[11.05,9.01564,6.69985],"rotation":{"angle":22.5,"axis":"x","origin":[10.0505,8.31564,7.24985]},"faces":{"north":{"uv":[7,2.5,7.5,2.75],"texture":"#1"},"east":{"uv":[1.5,8,1.5,8.25],"texture":"#1"},"south":{"uv":[7,3,7.5,3.25],"texture":"#1"},"west":{"uv":[8,1.5,8,1.75],"texture":"#1"},"up":{"uv":[8.5,2,8,2],"texture":"#1"},"down":{"uv":[2.75,8,2.25,8],"texture":"#1"}}},{"from":[4.95,8.01564,6.69885],"to":[4.95,9.01564,7.69885],"rotation":{"angle":22.5,"axis":"x","origin":[5.9495,8.31564,7.24985]},"faces":{"north":{"uv":[3,8,3,8.25],"texture":"#1"},"east":{"uv":[4.75,7.5,5,7.75],"texture":"#1"},"south":{"uv":[3.25,8,3.25,8.25],"texture":"#1"},"west":{"uv":[7.5,5,7.75,5.25],"texture":"#1"},"up":{"uv":[3.5,8.25,3.5,8],"texture":"#1"},"down":{"uv":[3.75,8,3.75,8.25],"texture":"#1"}}},{"from":[6.874,8.01564,6.69985],"to":[6.874,9.01564,7.69985],"rotation":{"angle":22.5,"axis":"x","origin":[5.9495,8.31564,7.24985]},"faces":{"north":{"uv":[4,8,4,8.25],"texture":"#1"},"east":{"uv":[7.5,5.5,7.75,5.75],"texture":"#1"},"south":{"uv":[4.25,8,4.25,8.25],"texture":"#1"},"west":{"uv":[0,7.75,0.25,8],"texture":"#1"},"up":{"uv":[4.5,8.25,4.5,8],"texture":"#1"},"down":{"uv":[8,4.5,8,4.75],"texture":"#1"}}},{"from":[4.95,8.01564,6.69985],"to":[6.875,9.01564,6.69985],"rotation":{"angle":22.5,"axis":"x","origin":[5.9495,8.31564,7.24985]},"faces":{"north":{"uv":[7,3.5,7.5,3.75],"texture":"#1"},"east":{"uv":[4.75,8,4.75,8.25],"texture":"#1"},"south":{"uv":[7,4,7.5,4.25],"texture":"#1"},"west":{"uv":[5,8,5,8.25],"texture":"#1"},"up":{"uv":[8.5,2.25,8,2.25],"texture":"#1"},"down":{"uv":[8.5,5,8,5],"texture":"#1"}}},{"from":[11.025,6.47134,6.9625],"to":[11.025,8.27134,7.4625],"rotation":{"angle":0,"axis":"y","origin":[11,6.97134,7.4625]},"faces":{"north":{"uv":[8,5.25,8,5.75],"texture":"#1"},"east":{"uv":[7,4.5,7.25,5],"texture":"#1"},"south":{"uv":[8,6.5,8,7],"texture":"#1"},"west":{"uv":[7,5.25,7.25,5.75],"texture":"#1"},"up":{"uv":[6.75,8.25,6.75,8],"texture":"#1"},"down":{"uv":[7,8,7,8.25],"texture":"#1"}}},{"from":[9.225,6.47134,6.9625],"to":[11.025,8.27134,6.9625],"rotation":{"angle":0,"axis":"y","origin":[8,-4.82866,16.0375]},"faces":{"north":{"uv":[0,7,0.5,7.5],"texture":"#1"},"east":{"uv":[8,7.25,8,7.75],"texture":"#1"},"south":{"uv":[7,0,7.5,0.5],"texture":"#1"},"west":{"uv":[7.75,8,7.75,8.5],"texture":"#1"},"up":{"uv":[8.5,8,8,8],"texture":"#1"},"down":{"uv":[0.5,8.25,0,8.25],"texture":"#1"}}},{"from":[9.375,6.59634,6.9375],"to":[10.375,7.89634,6.9375],"rotation":{"angle":0,"axis":"y","origin":[10.025,7.44634,6.9375]},"faces":{"north":{"uv":[7.75,0,8,0.25],"texture":"#1"},"east":{"uv":[8.25,0,8.25,0.25],"texture":"#1"},"south":{"uv":[0.5,7.75,0.75,8],"texture":"#1"},"west":{"uv":[8.25,0.5,8.25,0.75],"texture":"#1"},"up":{"uv":[1,8.25,0.75,8.25],"texture":"#1"},"down":{"uv":[8.5,1,8.25,1],"texture":"#1"}}},{"from":[9.275,7.59634,6.9125],"to":[9.675,7.99634,6.9125],"rotation":{"angle":0,"axis":"y","origin":[10.025,7.44634,6.9375]},"faces":{"north":{"uv":[7.75,0.5,8,0.75],"texture":"#1"},"east":{"uv":[1.25,8.25,1.25,8.5],"texture":"#1"},"south":{"uv":[1,7.75,1.25,8],"texture":"#1"},"west":{"uv":[8.25,1.25,8.25,1.5],"texture":"#1"},"up":{"uv":[8.5,1.75,8.25,1.75],"texture":"#1"},"down":{"uv":[2.5,8.25,2.25,8.25],"texture":"#1"}}},{"from":[4.975,6.47134,6.9625],"to":[4.975,8.27134,7.4625],"rotation":{"angle":0,"axis":"y","origin":[5,6.97134,7.4625]},"faces":{"north":{"uv":[8.25,2.5,8.25,3],"texture":"#1"},"east":{"uv":[2.25,7.25,2.5,7.75],"texture":"#1"},"south":{"uv":[2.75,8.25,2.75,8.75],"texture":"#1"},"west":{"uv":[2.75,7.25,3,7.75],"texture":"#1"},"up":{"uv":[8.25,3.5,8.25,3.25],"texture":"#1"},"down":{"uv":[8.25,3.75,8.25,4],"texture":"#1"}}},{"from":[5.625,6.59634,6.9375],"to":[6.625,7.89634,6.9375],"rotation":{"angle":0,"axis":"y","origin":[5.975,7.44634,6.9375]},"faces":{"north":{"uv":[7.75,1,8,1.25],"texture":"#1"},"east":{"uv":[8.25,4.25,8.25,4.5],"texture":"#1"},"south":{"uv":[7.75,2.5,8,2.75],"texture":"#1"},"west":{"uv":[5.25,8.25,5.25,8.5],"texture":"#1"},"up":{"uv":[8.5,4.75,8.25,4.75],"texture":"#1"},"down":{"uv":[8.5,5.25,8.25,5.25],"texture":"#1"}}},{"from":[4.975,6.47134,6.9625],"to":[6.775,8.27134,6.9625],"rotation":{"angle":0,"axis":"y","origin":[8,-4.82866,16.0375]},"faces":{"north":{"uv":[0.75,7,1.25,7.5],"texture":"#1"},"east":{"uv":[5.5,8.25,5.5,8.75],"texture":"#1"},"south":{"uv":[7,0.75,7.5,1.25],"texture":"#1"},"west":{"uv":[5.75,8.25,5.75,8.75],"texture":"#1"},"up":{"uv":[8.75,5.5,8.25,5.5],"texture":"#1"},"down":{"uv":[8.75,5.75,8.25,5.75],"texture":"#1"}}},{"from":[5.525,7.59634,6.9125],"to":[5.925,7.99634,6.9125],"rotation":{"angle":0,"axis":"y","origin":[5.975,7.44634,6.9375]},"faces":{"north":{"uv":[7.75,3,8,3.25],"texture":"#1"},"east":{"uv":[6,8.25,6,8.5],"texture":"#1"},"south":{"uv":[7.75,3.5,8,3.75],"texture":"#1"},"west":{"uv":[6.25,8.25,6.25,8.5],"texture":"#1"},"up":{"uv":[8.5,6.5,8.25,6.5],"texture":"#1"},"down":{"uv":[8.5,6.75,8.25,6.75],"texture":"#1"}}},{"from":[1.47277,4.28636,6.6375],"to":[7.47277,7.28636,6.6375],"rotation":{"angle":0,"axis":"y","origin":[4.65105,5.36508,6.7375]},"faces":{"north":{"uv":[5.25,0,6.75,0.75],"texture":"#1"},"east":{"uv":[6.5,8.25,6.5,9],"texture":"#1"},"south":{"uv":[5.25,1,6.75,1.75],"texture":"#1"},"west":{"uv":[8.25,7,8.25,7.75],"texture":"#1"},"up":{"uv":[9.5,8.25,8,8.25],"texture":"#1"},"down":{"uv":[10,0,8.5,0],"texture":"#1"}}},{"from":[1.60105,2.68872,6.8375],"to":[7.60105,5.68872,6.8375],"rotation":{"angle":45,"axis":"z","origin":[4.65105,5.36508,6.7375]},"faces":{"north":{"uv":[1.75,5.25,3.25,6],"texture":"#1"},"east":{"uv":[7.25,8.25,7.25,9],"texture":"#1"},"south":{"uv":[5.25,2,6.75,2.75],"texture":"#1"},"west":{"uv":[7.5,8.25,7.5,9],"texture":"#1"},"up":{"uv":[10,0.25,8.5,0.25],"texture":"#1"},"down":{"uv":[10,0.5,8.5,0.5],"texture":"#1"}}},{"from":[8.39895,2.68872,6.8375],"to":[14.39895,5.68872,6.8375],"rotation":{"angle":-45,"axis":"z","origin":[11.34895,5.36508,6.7375]},"faces":{"north":{"uv":[5.25,3,6.75,3.75],"texture":"#1"},"east":{"uv":[0,8.5,0,9.25],"texture":"#1"},"south":{"uv":[3.5,5.25,5,6],"texture":"#1"},"west":{"uv":[0.25,8.5,0.25,9.25],"texture":"#1"},"up":{"uv":[10,0.75,8.5,0.75],"texture":"#1"},"down":{"uv":[10,1.25,8.5,1.25],"texture":"#1"}}},{"from":[8.52723,4.28636,6.6375],"to":[14.52723,7.28636,6.6375],"rotation":{"angle":0,"axis":"y","origin":[11.34895,5.36508,6.7375]},"faces":{"north":{"uv":[5.25,4,6.75,4.75],"texture":"#1"},"east":{"uv":[0.5,8.5,0.5,9.25],"texture":"#1"},"south":{"uv":[5.25,5,6.75,5.75],"texture":"#1"},"west":{"uv":[0.75,8.5,0.75,9.25],"texture":"#1"},"up":{"uv":[10,1.5,8.5,1.5],"texture":"#1"},"down":{"uv":[10,2.5,8.5,2.5],"texture":"#1"}}},{"from":[2.2677,8.19594,9.1245],"to":[8.2677,14.19594,9.1995],"rotation":{"angle":22.5,"axis":"z","origin":[4.4677,11.19594,9.1245]},"faces":{"north":{"uv":[1.75,3.5,3.25,5],"texture":"#1"},"east":{"uv":[5.25,6,5.5,7.5],"texture":"#1"},"south":{"uv":[3.5,1.75,5,3.25],"texture":"#1"},"west":{"uv":[5.75,6,6,7.5],"texture":"#1"},"up":{"uv":[3.25,6.5,1.75,6.25],"texture":"#1"},"down":{"uv":[5,6.25,3.5,6.5],"texture":"#1"}}},{"from":[7.7323,8.19594,9.1245],"to":[13.7323,14.19594,9.1995],"rotation":{"angle":-22.5,"axis":"z","origin":[11.5323,11.19594,9.1245]},"faces":{"north":{"uv":[3.5,3.5,5,5],"texture":"#1"},"east":{"uv":[6.25,6,6.5,7.5],"texture":"#1"},"south":{"uv":[0,5.25,1.5,6.75],"texture":"#1"},"west":{"uv":[1.75,6.75,2,8.25],"texture":"#1"},"up":{"uv":[3.75,7,2.25,6.75],"texture":"#1"},"down":{"uv":[8.25,6,6.75,6.25],"texture":"#1"}}},{"from":[6.5,4.97134,6.0375],"to":[9.5,6.97134,7.0375],"rotation":{"angle":0,"axis":"y","origin":[7.5,5.97134,6.5375]},"faces":{"north":{"uv":[4,6.75,4.75,7.25],"texture":"#1"},"east":{"uv":[3.25,7.25,3.5,7.75],"texture":"#1"},"south":{"uv":[6.75,6.5,7.5,7],"texture":"#1"},"west":{"uv":[6.75,7.25,7,7.75],"texture":"#1"},"up":{"uv":[7.75,1.75,7,1.5],"texture":"#1"},"down":{"uv":[7.75,2,7,2.25],"texture":"#1"}}},{"from":[7.5,6.22134,5.9625],"to":[8.5,7.02134,5.9625],"rotation":{"angle":0,"axis":"y","origin":[8,6.47134,6.0125]},"faces":{"north":{"uv":[7.75,4,8,4.25],"texture":"#1"},"east":{"uv":[1,8.5,1,8.75],"texture":"#1"},"south":{"uv":[5.25,7.75,5.5,8],"texture":"#1"},"west":{"uv":[1.5,8.5,1.5,8.75],"texture":"#1"},"up":{"uv":[2,8.5,1.75,8.5],"texture":"#1"},"down":{"uv":[2.5,8.5,2.25,8.5],"texture":"#1"}}},{"from":[7.5,7.02034,5.9625],"to":[8.5,7.02034,6.5625],"rotation":{"angle":0,"axis":"y","origin":[8,7.07034,6.4125]},"faces":{"north":{"uv":[8.5,2.75,8.75,2.75],"texture":"#1"},"east":{"uv":[3,8.5,3.25,8.5],"texture":"#1"},"south":{"uv":[8.5,3,8.75,3],"texture":"#1"},"west":{"uv":[8.5,3.25,8.75,3.25],"texture":"#1"},"up":{"uv":[6,8,5.75,7.75],"texture":"#1"},"down":{"uv":[6.5,7.75,6.25,8],"texture":"#1"}}}],"gui_light":"front","display":{"thirdperson_righthand":{"rotation":[49,0,0],"translation":[0.5,1.5,-2.5],"scale":[0.7,0.7,0.7]},"thirdperson_lefthand":{"rotation":[49,0,0],"translation":[0.5,1.5,-2.5],"scale":[0.7,0.7,0.7]},"ground":{"rotation":[42,0,0],"translation":[0,2.25,0],"scale":[0.8,0.8,0.8]},"gui":{"rotation":[0,180,0],"translation":[0,-0.25,0],"scale":[1.7,1.7,1.7]},"head":{"translation":[0,2,-5],"scale":[2.5,2.5,2.5]},"fixed":{"translation":[0,0,-5.5],"scale":[2,2,2]}}}