{"texture_size":[64,64],"textures":{"1":"saigonmc:pets/heads/cat4"},"elements":[{"from":[5,4.83777,7.0375],"to":[11,10.83777,13.0375],"rotation":{"angle":0,"axis":"y","origin":[8,-4.26223,16.0375]},"faces":{"north":{"uv":[0,0,1.5,1.5],"texture":"#1"},"east":{"uv":[0,1.75,1.5,3.25],"texture":"#1"},"south":{"uv":[1.75,0,3.25,1.5],"texture":"#1"},"west":{"uv":[1.75,1.75,3.25,3.25],"texture":"#1"},"up":{"uv":[1.5,5,0,3.5],"texture":"#1"},"down":{"uv":[5,0,3.5,1.5],"texture":"#1"}}},{"from":[5.525,7.96277,6.9125],"to":[5.925,8.36277,6.9125],"rotation":{"angle":0,"axis":"y","origin":[5.975,7.81277,6.9375]},"faces":{"north":{"uv":[5,8.75,5.25,9],"texture":"#1"},"east":{"uv":[6.75,7.5,6.75,7.75],"texture":"#1"},"south":{"uv":[8.75,5,9,5.25],"texture":"#1"},"west":{"uv":[5.5,8,5.5,8.25],"texture":"#1"},"up":{"uv":[9.5,7,9.25,7],"texture":"#1"},"down":{"uv":[9.5,7.25,9.25,7.25],"texture":"#1"}}},{"from":[4.975,6.83777,6.9625],"to":[6.775,8.63777,6.9625],"rotation":{"angle":0,"axis":"y","origin":[8,-4.46223,16.0375]},"faces":{"north":{"uv":[2,8,2.5,8.5],"texture":"#1"},"east":{"uv":[6.75,8,6.75,8.5],"texture":"#1"},"south":{"uv":[2.75,8,3.25,8.5],"texture":"#1"},"west":{"uv":[5.5,8.5,5.5,9],"texture":"#1"},"up":{"uv":[9.75,7.5,9.25,7.5],"texture":"#1"},"down":{"uv":[9.75,7.75,9.25,7.75],"texture":"#1"}}},{"from":[4.975,6.68777,7.0125],"to":[6.875,8.63777,7.0125],"rotation":{"angle":0,"axis":"y","origin":[8,-4.46223,16.0375]},"faces":{"north":{"uv":[4,8,4.5,8.5],"texture":"#1"},"east":{"uv":[0.5,9.25,0.5,9.75],"texture":"#1"},"south":{"uv":[4.75,8,5.25,8.5],"texture":"#1"},"west":{"uv":[3.75,9.25,3.75,9.75],"texture":"#1"},"up":{"uv":[9.75,8.5,9.25,8.5],"texture":"#1"},"down":{"uv":[9.75,8.75,9.25,8.75],"texture":"#1"}}},{"from":[9.125,6.68777,7.0125],"to":[11.025,8.63777,7.0125],"rotation":{"angle":0,"axis":"y","origin":[8,-4.46223,16.0375]},"faces":{"north":{"uv":[8,5,8.5,5.5],"texture":"#1"},"east":{"uv":[7,9.25,7,9.75],"texture":"#1"},"south":{"uv":[8,5.75,8.5,6.25],"texture":"#1"},"west":{"uv":[9.25,9,9.25,9.5],"texture":"#1"},"up":{"uv":[1.25,9.5,0.75,9.5],"texture":"#1"},"down":{"uv":[10,1.5,9.5,1.5],"texture":"#1"}}},{"from":[5.625,6.96277,6.9375],"to":[6.625,8.26277,6.9375],"rotation":{"angle":0,"axis":"y","origin":[5.975,7.81277,6.9375]},"faces":{"north":{"uv":[8.75,5.5,9,5.75],"texture":"#1"},"east":{"uv":[3.25,8.75,3.25,9],"texture":"#1"},"south":{"uv":[8.75,6,9,6.25],"texture":"#1"},"west":{"uv":[1.5,9.5,1.5,9.75],"texture":"#1"},"up":{"uv":[9.75,1.75,9.5,1.75],"texture":"#1"},"down":{"uv":[9.75,2,9.5,2],"texture":"#1"}}},{"from":[9.125,8.38208,6.79985],"to":[11.075,9.38208,6.79985],"rotation":{"angle":22.5,"axis":"x","origin":[10.0505,8.68208,7.24985]},"faces":{"north":{"uv":[8.5,8.5,9,8.75],"texture":"#1"},"east":{"uv":[9.5,2.25,9.5,2.5],"texture":"#1"},"south":{"uv":[0,8.75,0.5,9],"texture":"#1"},"west":{"uv":[9.5,2.75,9.5,3],"texture":"#1"},"up":{"uv":[10,3.25,9.5,3.25],"texture":"#1"},"down":{"uv":[4.5,9.5,4,9.5],"texture":"#1"}}},{"from":[9.126,8.38208,6.79985],"to":[9.126,9.38208,7.79985],"rotation":{"angle":22.5,"axis":"x","origin":[10.0505,8.68208,7.24985]},"faces":{"north":{"uv":[4.75,9.5,4.75,9.75],"texture":"#1"},"east":{"uv":[8.75,6.5,9,6.75],"texture":"#1"},"south":{"uv":[7.25,9.5,7.25,9.75],"texture":"#1"},"west":{"uv":[6.75,8.75,7,9],"texture":"#1"},"up":{"uv":[7.5,9.75,7.5,9.5],"texture":"#1"},"down":{"uv":[7.75,9.5,7.75,9.75],"texture":"#1"}}},{"from":[9.125,8.31278,6.77115],"to":[9.125,8.38778,7.77115],"rotation":{"angle":22.5,"axis":"x","origin":[10.0495,8.61278,7.22115]},"faces":{"north":{"uv":[8,9.5,8,9.75],"texture":"#1"},"east":{"uv":[8.75,7,9,7.25],"texture":"#1"},"south":{"uv":[9.5,8,9.5,8.25],"texture":"#1"},"west":{"uv":[8.75,7.5,9,7.75],"texture":"#1"},"up":{"uv":[8.25,9.75,8.25,9.5],"texture":"#1"},"down":{"uv":[8.5,9.5,8.5,9.75],"texture":"#1"}}},{"from":[4.975,6.83777,6.9625],"to":[4.975,8.63777,7.4625],"rotation":{"angle":0,"axis":"y","origin":[5,7.33777,7.4625]},"faces":{"north":{"uv":[8.75,9.5,8.75,10],"texture":"#1"},"east":{"uv":[8.75,0,9,0.5],"texture":"#1"},"south":{"uv":[9,9.5,9,10],"texture":"#1"},"west":{"uv":[0.75,8.75,1,9.25],"texture":"#1"},"up":{"uv":[9.5,9.25,9.5,9],"texture":"#1"},"down":{"uv":[9.5,9.5,9.5,9.75],"texture":"#1"}}},{"from":[4.975,6.68777,7.0135],"to":[4.975,6.83777,7.4385],"rotation":{"angle":0,"axis":"y","origin":[5,7.23777,7.5135]},"faces":{"north":{"uv":[0,9.75,0,10],"texture":"#1"},"east":{"uv":[7.25,9,7.5,9.25],"texture":"#1"},"south":{"uv":[9.75,0,9.75,0.25],"texture":"#1"},"west":{"uv":[7.75,9,8,9.25],"texture":"#1"},"up":{"uv":[0.25,10,0.25,9.75],"texture":"#1"},"down":{"uv":[9.75,0.5,9.75,0.75],"texture":"#1"}}},{"from":[11.025,6.68777,7.0135],"to":[11.025,6.83777,7.4385],"rotation":{"angle":0,"axis":"y","origin":[11,7.23777,7.5135]},"faces":{"north":{"uv":[0.75,9.75,0.75,10],"texture":"#1"},"east":{"uv":[9,8,9.25,8.25],"texture":"#1"},"south":{"uv":[1,9.75,1,10],"texture":"#1"},"west":{"uv":[8.25,9,8.5,9.25],"texture":"#1"},"up":{"uv":[9.75,1.25,9.75,1],"texture":"#1"},"down":{"uv":[1.25,9.75,1.25,10],"texture":"#1"}}},{"from":[9.275,7.96277,6.9125],"to":[9.675,8.36277,6.9125],"rotation":{"angle":0,"axis":"y","origin":[10.025,7.81277,6.9375]},"faces":{"north":{"uv":[8.75,9,9,9.25],"texture":"#1"},"east":{"uv":[1.75,9.75,1.75,10],"texture":"#1"},"south":{"uv":[0,9.25,0.25,9.5],"texture":"#1"},"west":{"uv":[2,9.75,2,10],"texture":"#1"},"up":{"uv":[2.5,9.75,2.25,9.75],"texture":"#1"},"down":{"uv":[10,2.25,9.75,2.25],"texture":"#1"}}},{"from":[9.375,6.96277,6.9375],"to":[10.375,8.26277,6.9375],"rotation":{"angle":0,"axis":"y","origin":[10.025,7.81277,6.9375]},"faces":{"north":{"uv":[9.25,0,9.5,0.25],"texture":"#1"},"east":{"uv":[9.75,2.5,9.75,2.75],"texture":"#1"},"south":{"uv":[9.25,0.5,9.5,0.75],"texture":"#1"},"west":{"uv":[2.75,9.75,2.75,10],"texture":"#1"},"up":{"uv":[3.25,9.75,3,9.75],"texture":"#1"},"down":{"uv":[10,3,9.75,3],"texture":"#1"}}},{"from":[9.225,6.83777,6.9625],"to":[11.025,8.63777,6.9625],"rotation":{"angle":0,"axis":"y","origin":[8,-4.46223,16.0375]},"faces":{"north":{"uv":[8,6.5,8.5,7],"texture":"#1"},"east":{"uv":[3.5,9.75,3.5,10.25],"texture":"#1"},"south":{"uv":[8,7.25,8.5,7.75],"texture":"#1"},"west":{"uv":[9.75,3.5,9.75,4],"texture":"#1"},"up":{"uv":[4.5,9.75,4,9.75],"texture":"#1"},"down":{"uv":[10.25,4.25,9.75,4.25],"texture":"#1"}}},{"from":[11.025,6.83777,6.9625],"to":[11.025,8.63777,7.4625],"rotation":{"angle":0,"axis":"y","origin":[11,7.33777,7.4625]},"faces":{"north":{"uv":[9.75,4.5,9.75,5],"texture":"#1"},"east":{"uv":[8.75,0.75,9,1.25],"texture":"#1"},"south":{"uv":[5,9.75,5,10.25],"texture":"#1"},"west":{"uv":[1.25,8.75,1.5,9.25],"texture":"#1"},"up":{"uv":[5.25,10,5.25,9.75],"texture":"#1"},"down":{"uv":[9.75,5.25,9.75,5.5],"texture":"#1"}}},{"from":[4.925,8.38208,6.79985],"to":[6.875,9.38208,6.79985],"rotation":{"angle":22.5,"axis":"x","origin":[5.9495,8.68208,7.24985]},"faces":{"north":{"uv":[8.75,1.5,9.25,1.75],"texture":"#1"},"east":{"uv":[5.5,9.75,5.5,10],"texture":"#1"},"south":{"uv":[1.75,8.75,2.25,9],"texture":"#1"},"west":{"uv":[5.75,9.75,5.75,10],"texture":"#1"},"up":{"uv":[10.25,5.75,9.75,5.75],"texture":"#1"},"down":{"uv":[6.5,9.75,6,9.75],"texture":"#1"}}},{"from":[9.125,8.31664,6.80175],"to":[11.075,8.39164,6.80175],"rotation":{"angle":22.5,"axis":"x","origin":[10.0505,8.69164,7.22675]},"faces":{"north":{"uv":[8.75,2,9.25,2.25],"texture":"#1"},"east":{"uv":[9.75,6,9.75,6.25],"texture":"#1"},"south":{"uv":[2.5,8.75,3,9],"texture":"#1"},"west":{"uv":[9.75,6.5,9.75,6.75],"texture":"#1"},"up":{"uv":[10.25,7,9.75,7],"texture":"#1"},"down":{"uv":[10.25,7.25,9.75,7.25],"texture":"#1"}}},{"from":[6.874,8.38208,6.79985],"to":[6.874,9.38208,7.79985],"rotation":{"angle":22.5,"axis":"x","origin":[5.9495,8.68208,7.24985]},"faces":{"north":{"uv":[6.75,9.75,6.75,10],"texture":"#1"},"east":{"uv":[9.25,1,9.5,1.25],"texture":"#1"},"south":{"uv":[9.75,8,9.75,8.25],"texture":"#1"},"west":{"uv":[1.75,9.25,2,9.5],"texture":"#1"},"up":{"uv":[9.75,9.25,9.75,9],"texture":"#1"},"down":{"uv":[9.25,9.75,9.25,10],"texture":"#1"}}},{"from":[4.925,8.38208,6.79885],"to":[4.925,9.38208,7.84885],"rotation":{"angle":22.5,"axis":"x","origin":[5.9495,8.68208,7.24985]},"faces":{"north":{"uv":[9.75,9.5,9.75,9.75],"texture":"#1"},"east":{"uv":[2.25,9.25,2.5,9.5],"texture":"#1"},"south":{"uv":[10,0,10,0.25],"texture":"#1"},"west":{"uv":[2.75,9.25,3,9.5],"texture":"#1"},"up":{"uv":[0.5,10.25,0.5,10],"texture":"#1"},"down":{"uv":[10,0.5,10,0.75],"texture":"#1"}}},{"from":[11.075,8.38208,6.79885],"to":[11.075,9.38208,7.84885],"rotation":{"angle":22.5,"axis":"x","origin":[10.0505,8.68208,7.24985]},"faces":{"north":{"uv":[10,1,10,1.25],"texture":"#1"},"east":{"uv":[3.25,9.25,3.5,9.5],"texture":"#1"},"south":{"uv":[1.5,10,1.5,10.25],"texture":"#1"},"west":{"uv":[9.25,3.5,9.5,3.75],"texture":"#1"},"up":{"uv":[10,2,10,1.75],"texture":"#1"},"down":{"uv":[2.25,10,2.25,10.25],"texture":"#1"}}},{"from":[11.074,8.3086,6.79021],"to":[11.074,8.4086,7.79021],"rotation":{"angle":22.5,"axis":"x","origin":[10.0745,8.6586,7.24121]},"faces":{"north":{"uv":[2.5,10,2.5,10.25],"texture":"#1"},"east":{"uv":[9.25,4,9.5,4.25],"texture":"#1"},"south":{"uv":[10,2.5,10,2.75],"texture":"#1"},"west":{"uv":[9.25,4.5,9.5,4.75],"texture":"#1"},"up":{"uv":[3,10.25,3,10],"texture":"#1"},"down":{"uv":[3.25,10,3.25,10.25],"texture":"#1"}}},{"from":[6.875,8.31278,6.77115],"to":[6.875,8.38778,7.77115],"rotation":{"angle":22.5,"axis":"x","origin":[5.9505,8.61278,7.22115]},"faces":{"north":{"uv":[10,3.5,10,3.75],"texture":"#1"},"east":{"uv":[5,9.25,5.25,9.5],"texture":"#1"},"south":{"uv":[3.75,10,3.75,10.25],"texture":"#1"},"west":{"uv":[9.25,5,9.5,5.25],"texture":"#1"},"up":{"uv":[4,10.25,4,10],"texture":"#1"},"down":{"uv":[4.25,10,4.25,10.25],"texture":"#1"}}},{"from":[4.925,8.31664,6.80175],"to":[6.875,8.39164,6.80175],"rotation":{"angle":22.5,"axis":"x","origin":[5.9495,8.69164,7.22675]},"faces":{"north":{"uv":[8.75,2.5,9.25,2.75],"texture":"#1"},"east":{"uv":[4.5,10,4.5,10.25],"texture":"#1"},"south":{"uv":[8.75,3,9.25,3.25],"texture":"#1"},"west":{"uv":[10,4.5,10,4.75],"texture":"#1"},"up":{"uv":[10.5,4,10,4],"texture":"#1"},"down":{"uv":[10.5,5,10,5],"texture":"#1"}}},{"from":[4.926,8.3086,6.79021],"to":[4.926,8.4086,7.79021],"rotation":{"angle":22.5,"axis":"x","origin":[5.9255,8.6586,7.24121]},"faces":{"north":{"uv":[4.75,10,4.75,10.25],"texture":"#1"},"east":{"uv":[5.5,9.25,5.75,9.5],"texture":"#1"},"south":{"uv":[10,5.25,10,5.5],"texture":"#1"},"west":{"uv":[9.25,5.5,9.5,5.75],"texture":"#1"},"up":{"uv":[6,10.25,6,10],"texture":"#1"},"down":{"uv":[10,6,10,6.25],"texture":"#1"}}},{"from":[1.37277,4.65279,6.6375],"to":[7.37277,7.65279,6.6375],"rotation":{"angle":0,"axis":"y","origin":[4.75105,5.93151,6.7375]},"faces":{"north":{"uv":[5.25,3.5,6.75,4.25],"texture":"#1"},"east":{"uv":[6.25,10,6.25,10.75],"texture":"#1"},"south":{"uv":[6.75,3.5,5.25,4.25],"texture":"#1"},"west":{"uv":[6.5,10,6.5,10.75],"texture":"#1"},"up":{"uv":[11.5,6.5,10,6.5],"texture":"#1"},"down":{"uv":[11.5,6.75,10,6.75],"texture":"#1"}}},{"from":[8.62723,4.65279,6.6375],"to":[14.62723,7.65279,6.6375],"rotation":{"angle":0,"axis":"y","origin":[11.24895,5.93151,6.7375]},"faces":{"north":{"uv":[5.25,5.5,6.75,6.25],"texture":"#1"},"east":{"uv":[7,10,7,10.75],"texture":"#1"},"south":{"uv":[6.75,5.5,5.25,6.25],"texture":"#1"},"west":{"uv":[7.25,10,7.25,10.75],"texture":"#1"},"up":{"uv":[11.5,7.5,10,7.5],"texture":"#1"},"down":{"uv":[11.5,7.75,10,7.75],"texture":"#1"}}},{"from":[1.70105,3.75515,6.8375],"to":[7.70105,6.35515,6.8375],"rotation":{"angle":22.5,"axis":"z","origin":[4.75105,5.83151,6.7375]},"faces":{"north":{"uv":[0,7,1.5,7.75],"texture":"#1"},"east":{"uv":[7.5,10,7.5,10.75],"texture":"#1"},"south":{"uv":[1.5,7,0,7.75],"texture":"#1"},"west":{"uv":[7.75,10,7.75,10.75],"texture":"#1"},"up":{"uv":[11.5,8,10,8],"texture":"#1"},"down":{"uv":[11.5,8.25,10,8.25],"texture":"#1"}}},{"from":[8.29895,3.75515,6.8375],"to":[14.29895,6.35515,6.8375],"rotation":{"angle":-22.5,"axis":"z","origin":[11.24895,5.83151,6.7375]},"faces":{"north":{"uv":[7,1,8.5,1.75],"texture":"#1"},"east":{"uv":[8,10,8,10.75],"texture":"#1"},"south":{"uv":[8.5,1,7,1.75],"texture":"#1"},"west":{"uv":[8.25,10,8.25,10.75],"texture":"#1"},"up":{"uv":[11.5,8.5,10,8.5],"texture":"#1"},"down":{"uv":[11.5,8.75,10,8.75],"texture":"#1"}}},{"from":[1.25235,10.88947,5.57873],"to":[7.25235,10.96447,11.57873],"rotation":{"angle":-22.5,"axis":"z","origin":[4.1677,11.06237,9.3245]},"faces":{"north":{"uv":[7,2,8.5,2.25],"texture":"#1"},"east":{"uv":[7,2.5,8.5,2.75],"texture":"#1"},"south":{"uv":[7,3,8.5,3.25],"texture":"#1"},"west":{"uv":[3.5,7,5,7.25],"texture":"#1"},"up":{"uv":[3.25,5,1.75,3.5],"texture":"#1"},"down":{"uv":[3.5,3.25,5,1.75],"texture":"#1"}}},{"from":[4.26207,4.98503,5.57873],"to":[4.33707,10.98503,11.57873],"rotation":{"angle":-45,"axis":"z","origin":[4.1927,11.01237,9.3245]},"faces":{"north":{"uv":[7,3.5,7.25,5],"texture":"#1"},"east":{"uv":[3.5,3.5,5,5],"texture":"#1"},"south":{"uv":[7,5.25,7.25,6.75],"texture":"#1"},"west":{"uv":[0,5.25,1.5,6.75],"texture":"#1"},"up":{"uv":[7.25,8.5,7,7],"texture":"#1"},"down":{"uv":[3.75,7.5,3.5,9],"texture":"#1"}}},{"from":[8.74765,10.88947,5.57873],"to":[14.74765,10.96447,11.57873],"rotation":{"angle":22.5,"axis":"z","origin":[11.8323,11.06237,9.3245]},"faces":{"north":{"uv":[8.5,2,7,2.25],"texture":"#1"},"east":{"uv":[5,7,3.5,7.25],"texture":"#1"},"south":{"uv":[8.5,3,7,3.25],"texture":"#1"},"west":{"uv":[8.5,2.5,7,2.75],"texture":"#1"},"up":{"uv":[1.75,5,3.25,3.5],"texture":"#1"},"down":{"uv":[5,3.25,3.5,1.75],"texture":"#1"}}},{"from":[11.66293,4.98503,5.57873],"to":[11.73793,10.98503,11.57873],"rotation":{"angle":45,"axis":"z","origin":[11.8073,11.01237,9.3245]},"faces":{"north":{"uv":[7.25,3.5,7,5],"texture":"#1"},"east":{"uv":[1.5,5.25,0,6.75],"texture":"#1"},"south":{"uv":[7.25,5.25,7,6.75],"texture":"#1"},"west":{"uv":[5,3.5,3.5,5],"texture":"#1"},"up":{"uv":[7,8.5,7.25,7],"texture":"#1"},"down":{"uv":[3.5,7.5,3.75,9],"texture":"#1"}}},{"from":[6.5,5.33777,6.0375],"to":[9.5,7.33777,7.0375],"rotation":{"angle":0,"axis":"y","origin":[7.5,6.33777,6.5375]},"faces":{"north":{"uv":[0,8,0.75,8.5],"texture":"#1"},"east":{"uv":[4,8.75,4.25,9.25],"texture":"#1"},"south":{"uv":[1,8,1.75,8.5],"texture":"#1"},"west":{"uv":[4.5,8.75,4.75,9.25],"texture":"#1"},"up":{"uv":[8.75,8.25,8,8],"texture":"#1"},"down":{"uv":[8.25,8.5,7.5,8.75],"texture":"#1"}}},{"from":[7.5,6.53881,5.9625],"to":[8.5,7.43881,5.9625],"rotation":{"angle":0,"axis":"y","origin":[8.25,6.83881,6.0125]},"faces":{"north":{"uv":[6,9.25,6.25,9.5],"texture":"#1"},"east":{"uv":[8.5,10,8.5,10.25],"texture":"#1"},"south":{"uv":[9.25,6,9.5,6.25],"texture":"#1"},"west":{"uv":[10,9,10,9.25],"texture":"#1"},"up":{"uv":[9.75,10,9.5,10],"texture":"#1"},"down":{"uv":[10.25,9.5,10,9.5],"texture":"#1"}}},{"from":[7.5,7.43781,5.9625],"to":[8.5,7.43781,6.4625],"rotation":{"angle":0,"axis":"y","origin":[8.1,7.48781,6.4125]},"faces":{"north":{"uv":[10,9.75,10.25,9.75],"texture":"#1"},"east":{"uv":[10,10,10.25,10],"texture":"#1"},"south":{"uv":[0,10.25,0.25,10.25],"texture":"#1"},"west":{"uv":[10.25,0,10.5,0],"texture":"#1"},"up":{"uv":[6.75,9.5,6.5,9.25],"texture":"#1"},"down":{"uv":[9.5,6.5,9.25,6.75],"texture":"#1"}}}],"gui_light":"front","display":{"thirdperson_righthand":{"rotation":[49,0,0],"translation":[0.5,1.5,-2.5],"scale":[0.7,0.7,0.7]},"thirdperson_lefthand":{"rotation":[49,0,0],"translation":[0.5,1.5,-2.5],"scale":[0.7,0.7,0.7]},"ground":{"rotation":[42,0,0],"translation":[0,2.25,0],"scale":[0.8,0.8,0.8]},"gui":{"rotation":[0,180,0],"translation":[0,-0.25,0],"scale":[1.7,1.7,1.7]},"head":{"translation":[0,2,-5],"scale":[2.5,2.5,2.5]},"fixed":{"translation":[0,0,-5.5],"scale":[2,2,2]}}}