{"texture_size":[64,64],"textures":{"1":"saigonmc:pets/heads/cat5","particle":"saigonmc:pets/heads/cat5"},"elements":[{"from":[5,4.47134,5.65168],"to":[11,10.47134,11.65168],"rotation":{"angle":0,"axis":"y","origin":[8,-4.62866,14.65168]},"faces":{"north":{"uv":[0,0,1.5,1.5],"texture":"#1"},"east":{"uv":[0,1.75,1.5,3.25],"texture":"#1"},"south":{"uv":[1.75,0,3.25,1.5],"texture":"#1"},"west":{"uv":[1.75,1.75,3.25,3.25],"texture":"#1"},"up":{"uv":[1.5,5,0,3.5],"texture":"#1"},"down":{"uv":[5,0,3.5,1.5],"texture":"#1"}}},{"from":[8.55343,5.23088,5.62668],"to":[9.55343,8.23088,5.62668],"rotation":{"angle":-22.5,"axis":"z","origin":[8.95343,6.73088,5.62668]},"faces":{"north":{"uv":[6,9,6.25,9.75],"texture":"#1"},"east":{"uv":[6.75,10,6.75,10.75],"texture":"#1"},"south":{"uv":[6.5,9,6.75,9.75],"texture":"#1"},"west":{"uv":[1.5,10.25,1.5,11],"texture":"#1"},"up":{"uv":[9.5,2.5,9.25,2.5],"texture":"#1"},"down":{"uv":[10,2.5,9.75,2.5],"texture":"#1"}}},{"from":[6.44657,5.23088,5.62668],"to":[7.44657,8.23088,5.62668],"rotation":{"angle":22.5,"axis":"z","origin":[7.04657,6.73088,5.62668]},"faces":{"north":{"uv":[8.75,9,9,9.75],"texture":"#1"},"east":{"uv":[2.75,10.25,2.75,11],"texture":"#1"},"south":{"uv":[9.25,1,9.5,1.75],"texture":"#1"},"west":{"uv":[5.5,10.25,5.5,11],"texture":"#1"},"up":{"uv":[10.25,4.75,10,4.75],"texture":"#1"},"down":{"uv":[10.5,2.5,10.25,2.5],"texture":"#1"}}},{"from":[3.62359,2.47134,7.57137],"to":[3.62359,8.47134,13.57137],"rotation":{"angle":-22.5,"axis":"y","origin":[6.62359,5.47134,10.57137]},"faces":{"north":{"uv":[9.5,10.25,9.5,11.75],"texture":"#1"},"east":{"uv":[1.75,3.5,3.25,5],"texture":"#1"},"south":{"uv":[1.75,10.5,1.75,12],"texture":"#1"},"west":{"uv":[3.5,1.75,5,3.25],"texture":"#1"},"up":{"uv":[2,12,2,10.5],"texture":"#1"},"down":{"uv":[10.5,2.75,10.5,4.25],"texture":"#1"}}},{"from":[12.37641,2.47134,7.57137],"to":[12.37641,8.47134,13.57137],"rotation":{"angle":22.5,"axis":"y","origin":[9.37641,5.47134,10.57137]},"faces":{"north":{"uv":[3,10.5,3,12],"texture":"#1"},"east":{"uv":[3.5,3.5,5,5],"texture":"#1"},"south":{"uv":[3.25,10.5,3.25,12],"texture":"#1"},"west":{"uv":[0,5.25,1.5,6.75],"texture":"#1"},"up":{"uv":[3.5,12,3.5,10.5],"texture":"#1"},"down":{"uv":[3.75,10.5,3.75,12],"texture":"#1"}}},{"from":[12.37641,4.47134,9.57137],"to":[12.37641,10.47134,15.57137],"rotation":{"angle":22.5,"axis":"y","origin":[9.37641,7.47134,12.57137]},"faces":{"north":{"uv":[4,10.5,4,12],"texture":"#1"},"east":{"uv":[5.25,0,6.75,1.5],"texture":"#1"},"south":{"uv":[4.25,10.5,4.25,12],"texture":"#1"},"west":{"uv":[1.75,5.25,3.25,6.75],"texture":"#1"},"up":{"uv":[10.5,6,10.5,4.5],"texture":"#1"},"down":{"uv":[5.75,10.5,5.75,12],"texture":"#1"}}},{"from":[3.62359,4.47134,9.57137],"to":[3.62359,10.47134,15.57137],"rotation":{"angle":-22.5,"axis":"y","origin":[6.62359,7.47134,12.57137]},"faces":{"north":{"uv":[6,10.5,6,12],"texture":"#1"},"east":{"uv":[5.25,1.75,6.75,3.25],"texture":"#1"},"south":{"uv":[6.25,10.5,6.25,12],"texture":"#1"},"west":{"uv":[3.5,5.25,5,6.75],"texture":"#1"},"up":{"uv":[6.5,12,6.5,10.5],"texture":"#1"},"down":{"uv":[7,10.5,7,12],"texture":"#1"}}},{"from":[5.525,7.59634,5.52668],"to":[5.925,7.99634,5.52668],"rotation":{"angle":0,"axis":"y","origin":[5.975,7.44634,5.55168]},"faces":{"north":{"uv":[9.75,7,10,7.25],"texture":"#1"},"east":{"uv":[3.75,9.25,3.75,9.5],"texture":"#1"},"south":{"uv":[8,9.75,8.25,10],"texture":"#1"},"west":{"uv":[8.5,9.25,8.5,9.5],"texture":"#1"},"up":{"uv":[10.75,1.5,10.5,1.5],"texture":"#1"},"down":{"uv":[10.75,1.75,10.5,1.75],"texture":"#1"}}},{"from":[4.975,6.47134,5.57668],"to":[6.775,8.27134,5.57668],"rotation":{"angle":0,"axis":"y","origin":[8,-4.82866,14.65168]},"faces":{"north":{"uv":[4.5,8.75,5,9.25],"texture":"#1"},"east":{"uv":[10.5,6.25,10.5,6.75],"texture":"#1"},"south":{"uv":[8.75,7.5,9.25,8],"texture":"#1"},"west":{"uv":[7.25,10.5,7.25,11],"texture":"#1"},"up":{"uv":[11,7.5,10.5,7.5],"texture":"#1"},"down":{"uv":[11,7.75,10.5,7.75],"texture":"#1"}}},{"from":[6.775,6.47134,5.57668],"to":[6.875,8.27134,5.57668],"rotation":{"angle":0,"axis":"y","origin":[8,-4.82866,14.65168]},"faces":{"north":{"uv":[3.25,9.25,3.5,9.75],"texture":"#1"},"east":{"uv":[7.5,10.5,7.5,11],"texture":"#1"},"south":{"uv":[9.25,3.25,9.5,3.75],"texture":"#1"},"west":{"uv":[7.75,10.5,7.75,11],"texture":"#1"},"up":{"uv":[10.75,8,10.5,8],"texture":"#1"},"down":{"uv":[10.75,8.25,10.5,8.25],"texture":"#1"}}},{"from":[4.975,6.37134,5.57668],"to":[6.875,6.47134,5.57668],"rotation":{"angle":0,"axis":"y","origin":[8,-4.82866,14.65168]},"faces":{"north":{"uv":[9.25,4,9.75,4.25],"texture":"#1"},"east":{"uv":[8.5,10.5,8.5,10.75],"texture":"#1"},"south":{"uv":[9.25,4.5,9.75,4.75],"texture":"#1"},"west":{"uv":[10.5,8.5,10.5,8.75],"texture":"#1"},"up":{"uv":[10.25,10.5,9.75,10.5],"texture":"#1"},"down":{"uv":[11,10.5,10.5,10.5],"texture":"#1"}}},{"from":[4.975,6.37134,5.57668],"to":[4.975,6.47134,6.07668],"rotation":{"angle":0,"axis":"y","origin":[8,-4.82866,14.65168]},"faces":{"north":{"uv":[8.75,10.5,8.75,10.75],"texture":"#1"},"east":{"uv":[9.75,9,10,9.25],"texture":"#1"},"south":{"uv":[1,10.75,1,11],"texture":"#1"},"west":{"uv":[9.25,9.75,9.5,10],"texture":"#1"},"up":{"uv":[1.25,11,1.25,10.75],"texture":"#1"},"down":{"uv":[10.75,2,10.75,2.25],"texture":"#1"}}},{"from":[11.025,6.37134,5.57668],"to":[11.025,6.47134,6.07668],"rotation":{"angle":0,"axis":"y","origin":[8,-4.82866,14.65168]},"faces":{"north":{"uv":[2.25,10.75,2.25,11],"texture":"#1"},"east":{"uv":[9.75,9.5,10,9.75],"texture":"#1"},"south":{"uv":[2.5,10.75,2.5,11],"texture":"#1"},"west":{"uv":[3,10,3.25,10.25],"texture":"#1"},"up":{"uv":[10.75,2.75,10.75,2.5],"texture":"#1"},"down":{"uv":[10.75,3,10.75,3.25],"texture":"#1"}}},{"from":[9.125,6.37134,5.57668],"to":[11.025,6.47134,5.57668],"rotation":{"angle":0,"axis":"y","origin":[8,-4.82866,14.65168]},"faces":{"north":{"uv":[7,9.25,7.5,9.5],"texture":"#1"},"east":{"uv":[10.75,3.5,10.75,3.75],"texture":"#1"},"south":{"uv":[7.75,9.25,8.25,9.5],"texture":"#1"},"west":{"uv":[10.75,4,10.75,4.25],"texture":"#1"},"up":{"uv":[5,10.75,4.5,10.75],"texture":"#1"},"down":{"uv":[11.25,4.5,10.75,4.5],"texture":"#1"}}},{"from":[9.125,6.47134,5.57668],"to":[9.225,8.27134,5.57668],"rotation":{"angle":0,"axis":"y","origin":[8,-4.82866,14.65168]},"faces":{"north":{"uv":[9.25,9,9.5,9.5],"texture":"#1"},"east":{"uv":[10.75,4.75,10.75,5.25],"texture":"#1"},"south":{"uv":[4.5,9.5,4.75,10],"texture":"#1"},"west":{"uv":[5.25,10.75,5.25,11.25],"texture":"#1"},"up":{"uv":[11,5.5,10.75,5.5],"texture":"#1"},"down":{"uv":[11,5.75,10.75,5.75],"texture":"#1"}}},{"from":[5.625,6.59634,5.55168],"to":[6.625,7.89634,5.55168],"rotation":{"angle":0,"axis":"y","origin":[5.975,7.44634,5.55168]},"faces":{"north":{"uv":[3.5,10,3.75,10.25],"texture":"#1"},"east":{"uv":[10.75,6,10.75,6.25],"texture":"#1"},"south":{"uv":[10,3.75,10.25,4],"texture":"#1"},"west":{"uv":[10.75,6.5,10.75,6.75],"texture":"#1"},"up":{"uv":[11,7,10.75,7],"texture":"#1"},"down":{"uv":[11,7.25,10.75,7.25],"texture":"#1"}}},{"from":[4.975,6.47134,5.57668],"to":[4.975,8.27134,6.07668],"rotation":{"angle":0,"axis":"y","origin":[5,6.97134,6.07668]},"faces":{"north":{"uv":[8,10.75,8,11.25],"texture":"#1"},"east":{"uv":[9.5,7.5,9.75,8],"texture":"#1"},"south":{"uv":[8.25,10.75,8.25,11.25],"texture":"#1"},"west":{"uv":[9.5,8.25,9.75,8.75],"texture":"#1"},"up":{"uv":[10.75,8.75,10.75,8.5],"texture":"#1"},"down":{"uv":[9,10.75,9,11],"texture":"#1"}}},{"from":[9.275,7.59634,5.52668],"to":[9.675,7.99634,5.52668],"rotation":{"angle":0,"axis":"y","origin":[10.025,7.44634,5.55168]},"faces":{"north":{"uv":[10,4.25,10.25,4.5],"texture":"#1"},"east":{"uv":[10.75,9,10.75,9.25],"texture":"#1"},"south":{"uv":[5.75,10,6,10.25],"texture":"#1"},"west":{"uv":[9.25,10.75,9.25,11],"texture":"#1"},"up":{"uv":[11,9.5,10.75,9.5],"texture":"#1"},"down":{"uv":[10,10.75,9.75,10.75],"texture":"#1"}}},{"from":[9.375,6.59634,5.55168],"to":[10.375,7.89634,5.55168],"rotation":{"angle":0,"axis":"y","origin":[10.025,7.44634,5.55168]},"faces":{"north":{"uv":[6.25,10,6.5,10.25],"texture":"#1"},"east":{"uv":[10.75,9.75,10.75,10],"texture":"#1"},"south":{"uv":[10,7.5,10.25,7.75],"texture":"#1"},"west":{"uv":[10.25,10.75,10.25,11],"texture":"#1"},"up":{"uv":[11,10.25,10.75,10.25],"texture":"#1"},"down":{"uv":[10.75,10.75,10.5,10.75],"texture":"#1"}}},{"from":[9.225,6.47134,5.57668],"to":[11.025,8.27134,5.57668],"rotation":{"angle":0,"axis":"y","origin":[8,-4.82866,14.65168]},"faces":{"north":{"uv":[8.75,8.25,9.25,8.75],"texture":"#1"},"east":{"uv":[0,11,0,11.5],"texture":"#1"},"south":{"uv":[5.25,9,5.75,9.5],"texture":"#1"},"west":{"uv":[11,0,11,0.5],"texture":"#1"},"up":{"uv":[0.75,11,0.25,11],"texture":"#1"},"down":{"uv":[11.5,0.75,11,0.75],"texture":"#1"}}},{"from":[11.025,6.47134,5.57668],"to":[11.025,8.27134,6.07668],"rotation":{"angle":0,"axis":"y","origin":[11,6.97134,6.07668]},"faces":{"north":{"uv":[11,1,11,1.5],"texture":"#1"},"east":{"uv":[0,9.75,0.25,10.25],"texture":"#1"},"south":{"uv":[11,1.75,11,2.25],"texture":"#1"},"west":{"uv":[0.5,9.75,0.75,10.25],"texture":"#1"},"up":{"uv":[11,2.75,11,2.5],"texture":"#1"},"down":{"uv":[11,3,11,3.25],"texture":"#1"}}},{"from":[4.95,8.01564,5.31403],"to":[6.875,9.01564,5.31403],"rotation":{"angle":22.5,"axis":"x","origin":[5.9495,8.31564,5.86403]},"faces":{"north":{"uv":[1,9.75,1.5,10],"texture":"#1"},"east":{"uv":[11,3.5,11,3.75],"texture":"#1"},"south":{"uv":[9.75,1,10.25,1.25],"texture":"#1"},"west":{"uv":[11,4,11,4.25],"texture":"#1"},"up":{"uv":[5,11,4.5,11],"texture":"#1"},"down":{"uv":[11.5,4.75,11,4.75],"texture":"#1"}}},{"from":[4.95,7.91564,5.31403],"to":[6.875,8.01564,5.31403],"rotation":{"angle":22.5,"axis":"x","origin":[5.9495,8.31564,5.86403]},"faces":{"north":{"uv":[9.75,1.5,10.25,1.75],"texture":"#1"},"east":{"uv":[11,5,11,5.25],"texture":"#1"},"south":{"uv":[2.25,9.75,2.75,10],"texture":"#1"},"west":{"uv":[11,6,11,6.25],"texture":"#1"},"up":{"uv":[11.5,6.5,11,6.5],"texture":"#1"},"down":{"uv":[11.5,6.75,11,6.75],"texture":"#1"}}},{"from":[9.125,7.91564,5.31403],"to":[11.05,8.01564,5.31403],"rotation":{"angle":22.5,"axis":"x","origin":[10.0505,8.31564,5.86403]},"faces":{"north":{"uv":[9.75,3.25,10.25,3.5],"texture":"#1"},"east":{"uv":[6.75,11,6.75,11.25],"texture":"#1"},"south":{"uv":[5,9.75,5.5,10],"texture":"#1"},"west":{"uv":[11,8,11,8.25],"texture":"#1"},"up":{"uv":[11.5,8.5,11,8.5],"texture":"#1"},"down":{"uv":[11.5,8.75,11,8.75],"texture":"#1"}}},{"from":[6.874,8.01564,5.31403],"to":[6.874,9.01564,6.31403],"rotation":{"angle":22.5,"axis":"x","origin":[5.9495,8.31564,5.86403]},"faces":{"north":{"uv":[8.5,11,8.5,11.25],"texture":"#1"},"east":{"uv":[10,8,10.25,8.25],"texture":"#1"},"south":{"uv":[8.75,11,8.75,11.25],"texture":"#1"},"west":{"uv":[8.5,10,8.75,10.25],"texture":"#1"},"up":{"uv":[11,9.25,11,9],"texture":"#1"},"down":{"uv":[9.75,11,9.75,11.25],"texture":"#1"}}},{"from":[4.95,8.01564,5.31303],"to":[4.95,9.01564,6.31303],"rotation":{"angle":22.5,"axis":"x","origin":[5.9495,8.31564,5.86403]},"faces":{"north":{"uv":[11,9.75,11,10],"texture":"#1"},"east":{"uv":[10,8.5,10.25,8.75],"texture":"#1"},"south":{"uv":[10,11,10,11.25],"texture":"#1"},"west":{"uv":[9.75,10,10,10.25],"texture":"#1"},"up":{"uv":[10.5,11.25,10.5,11],"texture":"#1"},"down":{"uv":[10.75,11,10.75,11.25],"texture":"#1"}}},{"from":[4.95,7.91564,5.31303],"to":[4.95,8.01564,6.31303],"rotation":{"angle":22.5,"axis":"x","origin":[5.9495,8.31564,5.86403]},"faces":{"north":{"uv":[11,10.75,11,11],"texture":"#1"},"east":{"uv":[1,10.25,1.25,10.5],"texture":"#1"},"south":{"uv":[11.25,0,11.25,0.25],"texture":"#1"},"west":{"uv":[10.25,2,10.5,2.25],"texture":"#1"},"up":{"uv":[0.25,11.5,0.25,11.25],"texture":"#1"},"down":{"uv":[0.5,11.25,0.5,11.5],"texture":"#1"}}},{"from":[6.874,7.91526,5.31396],"to":[6.874,8.01526,6.31396],"rotation":{"angle":22.5,"axis":"x","origin":[7.8735,8.31526,5.86496]},"faces":{"north":{"uv":[0.75,11.25,0.75,11.5],"texture":"#1"},"east":{"uv":[2.25,10.25,2.5,10.5],"texture":"#1"},"south":{"uv":[1,11.25,1,11.5],"texture":"#1"},"west":{"uv":[4.5,10.25,4.75,10.5],"texture":"#1"},"up":{"uv":[11.25,1.25,11.25,1],"texture":"#1"},"down":{"uv":[1.25,11.25,1.25,11.5],"texture":"#1"}}},{"from":[9.126,7.91526,5.31396],"to":[9.126,8.01526,6.31396],"rotation":{"angle":22.5,"axis":"x","origin":[8.1265,8.31526,5.86496]},"faces":{"north":{"uv":[1.5,11.25,1.5,11.5],"texture":"#1"},"east":{"uv":[5,10.25,5.25,10.5],"texture":"#1"},"south":{"uv":[11.25,1.5,11.25,1.75],"texture":"#1"},"west":{"uv":[10.25,7,10.5,7.25],"texture":"#1"},"up":{"uv":[11.25,2.25,11.25,2],"texture":"#1"},"down":{"uv":[2.25,11.25,2.25,11.5],"texture":"#1"}}},{"from":[11.05,7.91564,5.31303],"to":[11.05,8.01564,6.31303],"rotation":{"angle":22.5,"axis":"x","origin":[10.0505,8.31564,5.86403]},"faces":{"north":{"uv":[2.5,11.25,2.5,11.5],"texture":"#1"},"east":{"uv":[8,10.25,8.25,10.5],"texture":"#1"},"south":{"uv":[11.25,2.5,11.25,2.75],"texture":"#1"},"west":{"uv":[9,10.25,9.25,10.5],"texture":"#1"},"up":{"uv":[2.75,11.5,2.75,11.25],"texture":"#1"},"down":{"uv":[11.25,3,11.25,3.25],"texture":"#1"}}},{"from":[9.125,8.01564,5.31403],"to":[11.05,9.01564,5.31403],"rotation":{"angle":22.5,"axis":"x","origin":[10.0505,8.31564,5.86403]},"faces":{"north":{"uv":[9.75,6,10.25,6.25],"texture":"#1"},"east":{"uv":[11.25,3.5,11.25,3.75],"texture":"#1"},"south":{"uv":[9.75,6.5,10.25,6.75],"texture":"#1"},"west":{"uv":[11.25,4,11.25,4.25],"texture":"#1"},"up":{"uv":[11.75,0.5,11.25,0.5],"texture":"#1"},"down":{"uv":[5,11.25,4.5,11.25],"texture":"#1"}}},{"from":[11.05,8.01564,5.31303],"to":[11.05,9.01564,6.31303],"rotation":{"angle":22.5,"axis":"x","origin":[10.0505,8.31564,5.86403]},"faces":{"north":{"uv":[11.25,5,11.25,5.25],"texture":"#1"},"east":{"uv":[10.25,9,10.5,9.25],"texture":"#1"},"south":{"uv":[5.5,11.25,5.5,11.5],"texture":"#1"},"west":{"uv":[10.25,9.5,10.5,9.75],"texture":"#1"},"up":{"uv":[11.25,5.75,11.25,5.5],"texture":"#1"},"down":{"uv":[11.25,6,11.25,6.25],"texture":"#1"}}},{"from":[9.126,8.01564,5.31403],"to":[9.126,9.01564,6.31403],"rotation":{"angle":22.5,"axis":"x","origin":[10.0505,8.31564,5.86403]},"faces":{"north":{"uv":[11.25,7,11.25,7.25],"texture":"#1"},"east":{"uv":[10.25,10,10.5,10.25],"texture":"#1"},"south":{"uv":[7.25,11.25,7.25,11.5],"texture":"#1"},"west":{"uv":[0,10.5,0.25,10.75],"texture":"#1"},"up":{"uv":[7.5,11.5,7.5,11.25],"texture":"#1"},"down":{"uv":[11.25,7.5,11.25,7.75],"texture":"#1"}}},{"from":[1.47277,4.28636,5.25168],"to":[7.47277,7.28636,5.25168],"rotation":{"angle":0,"axis":"y","origin":[4.65105,5.36508,5.35168]},"faces":{"north":{"uv":[5.25,7,6.75,7.75],"texture":"#1"},"east":{"uv":[7.75,11.25,7.75,12],"texture":"#1"},"south":{"uv":[7,5.25,8.5,6],"texture":"#1"},"west":{"uv":[9,11.25,9,12],"texture":"#1"},"up":{"uv":[12.75,8,11.25,8],"texture":"#1"},"down":{"uv":[12.75,8.25,11.25,8.25],"texture":"#1"}}},{"from":[1.60105,2.68872,5.45168],"to":[7.60105,5.68872,5.45168],"rotation":{"angle":45,"axis":"z","origin":[4.65105,5.36508,5.35168]},"faces":{"north":{"uv":[7,6.25,8.5,7],"texture":"#1"},"east":{"uv":[11.25,9,11.25,9.75],"texture":"#1"},"south":{"uv":[7,7.25,8.5,8],"texture":"#1"},"west":{"uv":[9.25,11.25,9.25,12],"texture":"#1"},"up":{"uv":[12.75,10,11.25,10],"texture":"#1"},"down":{"uv":[12.75,10.25,11.25,10.25],"texture":"#1"}}},{"from":[8.52723,4.28636,5.25168],"to":[14.52723,7.28636,5.25168],"rotation":{"angle":0,"axis":"y","origin":[11.34895,5.36508,5.35168]},"faces":{"north":{"uv":[5.25,8,6.75,8.75],"texture":"#1"},"east":{"uv":[10.25,11.25,10.25,12],"texture":"#1"},"south":{"uv":[7,8.25,8.5,9],"texture":"#1"},"west":{"uv":[11.25,10.5,11.25,11.25],"texture":"#1"},"up":{"uv":[13,0,11.5,0],"texture":"#1"},"down":{"uv":[13,0.25,11.5,0.25],"texture":"#1"}}},{"from":[8.39895,2.68872,5.45168],"to":[14.39895,5.68872,5.45168],"rotation":{"angle":-45,"axis":"z","origin":[11.34895,5.36508,5.35168]},"faces":{"north":{"uv":[0,8.75,1.5,9.5],"texture":"#1"},"east":{"uv":[11,11.25,11,12],"texture":"#1"},"south":{"uv":[8.75,0,10.25,0.75],"texture":"#1"},"west":{"uv":[11.5,1,11.5,1.75],"texture":"#1"},"up":{"uv":[13,2,11.5,2],"texture":"#1"},"down":{"uv":[13,2.25,11.5,2.25],"texture":"#1"}}},{"from":[2.2677,8.19594,7.81368],"to":[8.2677,14.19594,7.81368],"rotation":{"angle":22.5,"axis":"z","origin":[4.4677,11.19594,7.73868]},"faces":{"north":{"uv":[5.25,3.5,6.75,5],"texture":"#1"},"east":{"uv":[11.5,2.5,11.5,4],"texture":"#1"},"south":{"uv":[5.25,5.25,6.75,6.75],"texture":"#1"},"west":{"uv":[4.5,11.5,4.5,13],"texture":"#1"},"up":{"uv":[13,4.25,11.5,4.25],"texture":"#1"},"down":{"uv":[13,4.5,11.5,4.5],"texture":"#1"}}},{"from":[2.2677,7.69594,7.86368],"to":[8.2677,13.69594,7.93868],"rotation":{"angle":22.5,"axis":"z","origin":[4.4677,10.79594,7.73868]},"faces":{"north":{"uv":[0,7,1.5,8.5],"texture":"#1"},"east":{"uv":[8.75,1,9,2.5],"texture":"#1"},"south":{"uv":[7,0,8.5,1.5],"texture":"#1"},"west":{"uv":[1.75,8.75,2,10.25],"texture":"#1"},"up":{"uv":[3.75,9,2.25,8.75],"texture":"#1"},"down":{"uv":[10.25,2.75,8.75,3],"texture":"#1"}}},{"from":[7.7323,7.69594,7.86368],"to":[13.7323,13.69594,7.93868],"rotation":{"angle":-22.5,"axis":"z","origin":[11.5323,10.79594,7.73868]},"faces":{"north":{"uv":[1.75,7,3.25,8.5],"texture":"#1"},"east":{"uv":[8.75,3.25,9,4.75],"texture":"#1"},"south":{"uv":[7,1.75,8.5,3.25],"texture":"#1"},"west":{"uv":[4,8.75,4.25,10.25],"texture":"#1"},"up":{"uv":[10.25,5.25,8.75,5],"texture":"#1"},"down":{"uv":[10.25,5.5,8.75,5.75],"texture":"#1"}}},{"from":[7.7323,8.19594,7.81368],"to":[13.7323,14.19594,7.81368],"rotation":{"angle":-22.5,"axis":"z","origin":[11.5323,11.19594,7.73868]},"faces":{"north":{"uv":[3.5,7,5,8.5],"texture":"#1"},"east":{"uv":[4.75,11.5,4.75,13],"texture":"#1"},"south":{"uv":[7,3.5,8.5,5],"texture":"#1"},"west":{"uv":[5,11.5,5,13],"texture":"#1"},"up":{"uv":[13,5,11.5,5],"texture":"#1"},"down":{"uv":[13,5.25,11.5,5.25],"texture":"#1"}}},{"from":[6.5,4.97134,4.65168],"to":[9.5,6.97134,5.65168],"rotation":{"angle":0,"axis":"y","origin":[7.5,5.97134,5.15168]},"faces":{"north":{"uv":[8.75,6,9.5,6.5],"texture":"#1"},"east":{"uv":[7,9.75,7.25,10.25],"texture":"#1"},"south":{"uv":[8.75,6.75,9.5,7.25],"texture":"#1"},"west":{"uv":[7.5,9.75,7.75,10.25],"texture":"#1"},"up":{"uv":[10,2.25,9.25,2],"texture":"#1"},"down":{"uv":[3,9.25,2.25,9.5],"texture":"#1"}}},{"from":[7.5,6.22134,4.57668],"to":[8.5,7.02134,4.57668],"rotation":{"angle":0,"axis":"y","origin":[8,6.47134,4.62668]},"faces":{"north":{"uv":[10.5,0,10.75,0.25],"texture":"#1"},"east":{"uv":[5.25,11.5,5.25,11.75],"texture":"#1"},"south":{"uv":[0.5,10.5,0.75,10.75],"texture":"#1"},"west":{"uv":[11.5,5.5,11.5,5.75],"texture":"#1"},"up":{"uv":[11.75,6,11.5,6],"texture":"#1"},"down":{"uv":[11.75,6.25,11.5,6.25],"texture":"#1"}}},{"from":[7.5,7.02034,4.57668],"to":[8.5,7.02034,5.17668],"rotation":{"angle":0,"axis":"y","origin":[8,7.07034,5.02668]},"faces":{"north":{"uv":[11.5,7,11.75,7],"texture":"#1"},"east":{"uv":[11.5,7.25,11.75,7.25],"texture":"#1"},"south":{"uv":[11.5,7.5,11.75,7.5],"texture":"#1"},"west":{"uv":[11.5,7.75,11.75,7.75],"texture":"#1"},"up":{"uv":[10.75,0.75,10.5,0.5],"texture":"#1"},"down":{"uv":[10.75,1,10.5,1.25],"texture":"#1"}}}],"gui_light":"front","display":{"thirdperson_righthand":{"rotation":[49,0,0],"translation":[0.5,1.5,-2.5],"scale":[0.7,0.7,0.7]},"thirdperson_lefthand":{"rotation":[49,0,0],"translation":[0.5,1.5,-2.5],"scale":[0.7,0.7,0.7]},"ground":{"rotation":[42,0,0],"translation":[0,2.25,0],"scale":[0.8,0.8,0.8]},"gui":{"rotation":[0,180,0],"translation":[0,-0.25,0],"scale":[1.7,1.7,1.7]},"head":{"translation":[0,2,-5],"scale":[2.5,2.5,2.5]},"fixed":{"translation":[0,0,-5.5],"scale":[2,2,2]}}}