{"texture_size":[64,64],"textures":{"2":"saigonmc:pets/heads/cat_fallen","particle":"saigonmc:pets/heads/cat_fallen"},"elements":[{"from":[5,4.10418,6.45272],"to":[11,10.10418,12.45272],"rotation":{"angle":0,"axis":"y","origin":[8,-4.99582,15.45272]},"faces":{"north":{"uv":[2.75,0,4.25,1.5],"texture":"#2"},"east":{"uv":[2.75,1.75,4.25,3.25],"texture":"#2"},"south":{"uv":[2.75,3.5,4.25,5],"texture":"#2"},"west":{"uv":[0,4.5,1.5,6],"texture":"#2"},"up":{"uv":[6,1.5,4.5,0],"texture":"#2"},"down":{"uv":[6,1.75,4.5,3.25],"texture":"#2"}}},{"name":"helmet","from":[4.9,4.00418,6.35272],"to":[11.1,10.20418,12.55272],"rotation":{"angle":0,"axis":"y","origin":[8,-4.99582,15.45272]},"faces":{"north":{"uv":[4.5,3.5,6,5],"texture":"#2"},"east":{"uv":[1.75,5.25,3.25,6.75],"texture":"#2"},"south":{"uv":[3.5,5.25,5,6.75],"texture":"#2"},"west":{"uv":[5.25,5.25,6.75,6.75],"texture":"#2"},"up":{"uv":[1.5,7.75,0,6.25],"texture":"#2"},"down":{"uv":[7.75,0,6.25,1.5],"texture":"#2"}}},{"name":"helmet","from":[4,6.10418,6.45272],"to":[5,8.10418,8.45272],"rotation":{"angle":0,"axis":"y","origin":[4.5,6.10418,9.45272]},"faces":{"north":{"uv":[7.75,10.75,8,11.25],"texture":"#2"},"east":{"uv":[9.75,0,10.25,0.5],"texture":"#2"},"south":{"uv":[8.25,10.75,8.5,11.25],"texture":"#2"},"west":{"uv":[9.75,0.75,10.25,1.25],"texture":"#2"},"up":{"uv":[9,11.25,8.75,10.75],"texture":"#2"},"down":{"uv":[11.25,0,11,0.5],"texture":"#2"}}},{"name":"helmet","from":[5.1,4.50418,6.65272],"to":[6.1,6.50418,7.65272],"rotation":{"angle":-22.5,"axis":"z","origin":[4.5,7.10418,7.45272]},"faces":{"north":{"uv":[11,0.75,11.25,1.25],"texture":"#2"},"east":{"uv":[11,1.5,11.25,2],"texture":"#2"},"south":{"uv":[11,2.25,11.25,2.75],"texture":"#2"},"west":{"uv":[4,11,4.25,11.5],"texture":"#2"},"up":{"uv":[11.75,2.75,11.5,2.5],"texture":"#2"},"down":{"uv":[11.75,7.25,11.5,7.5],"texture":"#2"}}},{"name":"helmet","from":[4.01,6.42075,8.00392],"to":[4.99,8.40075,10.98392],"rotation":{"angle":-22.5,"axis":"x","origin":[4.5,7.41075,8.99392]},"faces":{"north":{"uv":[11,4,11.25,4.5],"texture":"#2"},"east":{"uv":[1.75,4.5,2.5,5],"texture":"#2"},"south":{"uv":[4.5,11,4.75,11.5],"texture":"#2"},"west":{"uv":[8.75,3,9.5,3.5],"texture":"#2"},"up":{"uv":[9.75,10.75,9.5,10],"texture":"#2"},"down":{"uv":[10.25,10,10,10.75],"texture":"#2"}}},{"name":"helmet","from":[11.01,6.42075,8.00392],"to":[11.99,8.40075,10.98392],"rotation":{"angle":-22.5,"axis":"x","origin":[11.5,7.41075,8.99392]},"faces":{"north":{"uv":[5,11,5.25,11.5],"texture":"#2"},"east":{"uv":[3.25,8.75,4,9.25],"texture":"#2"},"south":{"uv":[5.5,11,5.75,11.5],"texture":"#2"},"west":{"uv":[8.75,3.75,9.5,4.25],"texture":"#2"},"up":{"uv":[3.25,11,3,10.25],"texture":"#2"},"down":{"uv":[10.5,3,10.25,3.75],"texture":"#2"}}},{"name":"helmet","from":[11,6.10418,6.45272],"to":[12,8.10418,8.45272],"rotation":{"angle":0,"axis":"y","origin":[11.5,6.10418,9.45272]},"faces":{"north":{"uv":[6,11,6.25,11.5],"texture":"#2"},"east":{"uv":[9.75,1.5,10.25,2],"texture":"#2"},"south":{"uv":[11,6.75,11.25,7.25],"texture":"#2"},"west":{"uv":[9.75,2.25,10.25,2.75],"texture":"#2"},"up":{"uv":[9.5,11.5,9.25,11],"texture":"#2"},"down":{"uv":[11.25,9.25,11,9.75],"texture":"#2"}}},{"name":"helmet","from":[9.9,4.50418,6.65272],"to":[10.9,6.50418,7.65272],"rotation":{"angle":22.5,"axis":"z","origin":[11.5,7.10418,7.45272]},"faces":{"north":{"uv":[9.75,11,10,11.5],"texture":"#2"},"east":{"uv":[11,10,11.25,10.5],"texture":"#2"},"south":{"uv":[11,10.75,11.25,11.25],"texture":"#2"},"west":{"uv":[0,11.25,0.25,11.75],"texture":"#2"},"up":{"uv":[8,11.75,7.75,11.5],"texture":"#2"},"down":{"uv":[11.75,7.75,11.5,8],"texture":"#2"}}},{"name":"helmet","from":[7,10.10418,6.45272],"to":[9,11.10418,12.45272],"rotation":{"angle":0,"axis":"y","origin":[10,-4.99582,15.45272]},"faces":{"north":{"uv":[0.5,11.25,1,11.5],"texture":"#2"},"east":{"uv":[8,4.75,9.5,5],"texture":"#2"},"south":{"uv":[1.25,11.25,1.75,11.5],"texture":"#2"},"west":{"uv":[8.75,5.25,10.25,5.5],"texture":"#2"},"up":{"uv":[8.5,4.5,8,3],"texture":"#2"},"down":{"uv":[5.75,8,5.25,9.5],"texture":"#2"}}},{"name":"helmet","from":[8,7.90418,9.25272],"to":[8,15.90418,19.25272],"rotation":{"angle":22.5,"axis":"x","origin":[8,11.90418,13.85272]},"faces":{"north":{"uv":[7.5,11.75,7.5,13.75],"texture":"#2"},"east":{"uv":[0,0,2.5,2],"texture":"#2"},"south":{"uv":[10.75,11.75,10.75,13.75],"texture":"#2"},"west":{"uv":[0,2.25,2.5,4.25],"texture":"#2"},"up":{"uv":[12,4.5,12,2],"texture":"#2"},"down":{"uv":[3.5,12,3.5,14.5],"texture":"#2"}}},{"name":"helmet","from":[7,7.60418,5.75272],"to":[9,10.60418,6.75272],"rotation":{"angle":0,"axis":"y","origin":[10,-4.99582,15.45272]},"faces":{"north":{"uv":[4.25,8.75,4.75,9.5],"texture":"#2"},"east":{"uv":[3.5,10.25,3.75,11],"texture":"#2"},"south":{"uv":[8.75,5.75,9.25,6.5],"texture":"#2"},"west":{"uv":[10.5,0,10.75,0.75],"texture":"#2"},"up":{"uv":[2.5,11.5,2,11.25],"texture":"#2"},"down":{"uv":[3.25,11.25,2.75,11.5],"texture":"#2"}}},{"name":"helmet","from":[6.25645,7.61418,6.02338],"to":[7.23645,10.59418,7.00338],"rotation":{"angle":45,"axis":"y","origin":[6.64645,9.10418,6.51338]},"faces":{"north":{"uv":[10.5,1,10.75,1.75],"texture":"#2"},"east":{"uv":[10.5,2,10.75,2.75],"texture":"#2"},"south":{"uv":[10.5,4,10.75,4.75],"texture":"#2"},"west":{"uv":[10.5,6.75,10.75,7.5],"texture":"#2"},"up":{"uv":[8.5,11.75,8.25,11.5],"texture":"#2"},"down":{"uv":[9,11.5,8.75,11.75],"texture":"#2"}}},{"name":"helmet","from":[8.76355,7.61418,6.02338],"to":[9.74355,10.59418,7.00338],"rotation":{"angle":-45,"axis":"y","origin":[9.35355,9.10418,6.51338]},"faces":{"north":{"uv":[10.5,9.25,10.75,10],"texture":"#2"},"east":{"uv":[10.5,10.25,10.75,11],"texture":"#2"},"south":{"uv":[10.75,3,11,3.75],"texture":"#2"},"west":{"uv":[7.25,10.75,7.5,11.5],"texture":"#2"},"up":{"uv":[11.75,9.5,11.5,9.25],"texture":"#2"},"down":{"uv":[11.75,9.75,11.5,10],"texture":"#2"}}},{"name":"helmet","from":[6.25645,6.11418,11.90206],"to":[7.23645,10.09418,12.88206],"rotation":{"angle":-45,"axis":"y","origin":[6.64645,7.60418,12.39206]},"faces":{"north":{"uv":[9.75,3,10,4],"texture":"#2"},"east":{"uv":[4.25,9.75,4.5,10.75],"texture":"#2"},"south":{"uv":[4.75,9.75,5,10.75],"texture":"#2"},"west":{"uv":[5.25,9.75,5.5,10.75],"texture":"#2"},"up":{"uv":[11.75,10.5,11.5,10.25],"texture":"#2"},"down":{"uv":[11.75,10.75,11.5,11],"texture":"#2"}}},{"name":"helmet","from":[7,6.10418,12.15272],"to":[9,10.10418,13.15272],"rotation":{"angle":0,"axis":"y","origin":[10,-6.49582,3.45272]},"faces":{"north":{"uv":[1.75,8.75,2.25,9.75],"texture":"#2"},"east":{"uv":[5.75,9.75,6,10.75],"texture":"#2"},"south":{"uv":[2.5,8.75,3,9.75],"texture":"#2"},"west":{"uv":[6.25,9.75,6.5,10.75],"texture":"#2"},"up":{"uv":[11.75,3.25,11.25,3],"texture":"#2"},"down":{"uv":[11.75,3.5,11.25,3.75],"texture":"#2"}}},{"name":"helmet","from":[8.76355,6.11418,11.90206],"to":[9.74355,10.09418,12.88206],"rotation":{"angle":45,"axis":"y","origin":[9.35355,7.60418,12.39206]},"faces":{"north":{"uv":[1.5,10,1.75,11],"texture":"#2"},"east":{"uv":[2,10,2.25,11],"texture":"#2"},"south":{"uv":[2.5,10,2.75,11],"texture":"#2"},"west":{"uv":[6.75,10,7,11],"texture":"#2"},"up":{"uv":[11.25,11.75,11,11.5],"texture":"#2"},"down":{"uv":[11.75,11.25,11.5,11.5],"texture":"#2"}}},{"name":"helmet","from":[5.15645,9.75352,6.46272],"to":[7.13645,10.73352,12.44272],"rotation":{"angle":45,"axis":"z","origin":[6.64645,10.04352,9.45272]},"faces":{"north":{"uv":[11.25,5.5,11.75,5.75],"texture":"#2"},"east":{"uv":[8.75,6.75,10.25,7],"texture":"#2"},"south":{"uv":[11.25,6,11.75,6.25],"texture":"#2"},"west":{"uv":[8.75,7.25,10.25,7.5],"texture":"#2"},"up":{"uv":[6.5,9.5,6,8],"texture":"#2"},"down":{"uv":[7.25,8.25,6.75,9.75],"texture":"#2"}}},{"name":"helmet","from":[8.86355,9.75352,6.46272],"to":[10.84355,10.73352,12.44272],"rotation":{"angle":-45,"axis":"z","origin":[9.35355,10.04352,9.45272]},"faces":{"north":{"uv":[6.5,11.25,7,11.5],"texture":"#2"},"east":{"uv":[8.75,7.75,10.25,8],"texture":"#2"},"south":{"uv":[11.25,8.25,11.75,8.5],"texture":"#2"},"west":{"uv":[0,9,1.5,9.25],"texture":"#2"},"up":{"uv":[8,9.75,7.5,8.25],"texture":"#2"},"down":{"uv":[8.75,8.25,8.25,9.75],"texture":"#2"}}},{"from":[5.525,7.22918,6.32772],"to":[5.925,7.62918,6.32772],"rotation":{"angle":0,"axis":"y","origin":[5.975,7.07918,6.35272]},"faces":{"north":{"uv":[0.5,11.75,0.75,12],"texture":"#2"},"east":{"uv":[5,8.75,5,9],"texture":"#2"},"south":{"uv":[1,11.75,1.25,12],"texture":"#2"},"west":{"uv":[5,9.25,5,9.5],"texture":"#2"},"up":{"uv":[9,4.5,8.75,4.5],"texture":"#2"},"down":{"uv":[9.5,4.5,9.25,4.5],"texture":"#2"}}},{"from":[4.975,6.10418,6.37772],"to":[6.775,7.90418,6.37772],"rotation":{"angle":0,"axis":"y","origin":[8,-5.19582,15.45272]},"faces":{"north":{"uv":[9.75,4.25,10.25,4.75],"texture":"#2"},"east":{"uv":[4,10.25,4,10.75],"texture":"#2"},"south":{"uv":[7.25,10,7.75,10.5],"texture":"#2"},"west":{"uv":[3.75,12,3.75,12.5],"texture":"#2"},"up":{"uv":[10.25,5,9.75,5],"texture":"#2"},"down":{"uv":[11,5.5,10.5,5.5],"texture":"#2"}}},{"from":[5.625,6.22918,6.35272],"to":[6.625,7.52918,6.35272],"rotation":{"angle":0,"axis":"y","origin":[5.975,7.07918,6.35272]},"faces":{"north":{"uv":[1.5,11.75,1.75,12],"texture":"#2"},"east":{"uv":[1.5,9.5,1.5,9.75],"texture":"#2"},"south":{"uv":[2,11.75,2.25,12],"texture":"#2"},"west":{"uv":[12,4.75,12,5],"texture":"#2"},"up":{"uv":[11.25,4.75,11,4.75],"texture":"#2"},"down":{"uv":[11.25,7.5,11,7.5],"texture":"#2"}}},{"from":[4.95,7.64849,6.21508],"to":[6.875,8.64849,6.21508],"rotation":{"angle":22.5,"axis":"x","origin":[5.9495,7.94849,6.66508]},"faces":{"north":{"uv":[11.25,8.75,11.75,9],"texture":"#2"},"east":{"uv":[12,5.25,12,5.5],"texture":"#2"},"south":{"uv":[10.25,11.25,10.75,11.5],"texture":"#2"},"west":{"uv":[12,5.75,12,6],"texture":"#2"},"up":{"uv":[12.5,6.25,12,6.25],"texture":"#2"},"down":{"uv":[12.5,6.5,12,6.5],"texture":"#2"}}},{"from":[4.95,7.64849,6.21408],"to":[4.95,8.64849,7.21408],"rotation":{"angle":22.5,"axis":"x","origin":[5.9495,7.94849,6.66508]},"faces":{"north":{"uv":[12,6.75,12,7],"texture":"#2"},"east":{"uv":[2.5,11.75,2.75,12],"texture":"#2"},"south":{"uv":[12,7.25,12,7.5],"texture":"#2"},"west":{"uv":[3,11.75,3.25,12],"texture":"#2"},"up":{"uv":[7.75,12.25,7.75,12],"texture":"#2"},"down":{"uv":[12,7.75,12,8],"texture":"#2"}}},{"from":[6.874,7.64849,6.21508],"to":[6.874,8.64849,7.21508],"rotation":{"angle":22.5,"axis":"x","origin":[5.9495,7.94849,6.66508]},"faces":{"north":{"uv":[8,12,8,12.25],"texture":"#2"},"east":{"uv":[4,11.75,4.25,12],"texture":"#2"},"south":{"uv":[8.25,12,8.25,12.25],"texture":"#2"},"west":{"uv":[4.5,11.75,4.75,12],"texture":"#2"},"up":{"uv":[12,8.5,12,8.25],"texture":"#2"},"down":{"uv":[8.5,12,8.5,12.25],"texture":"#2"}}},{"from":[9.125,7.64849,6.21508],"to":[11.05,8.64849,6.21508],"rotation":{"angle":22.5,"axis":"x","origin":[10.0505,7.94849,6.66508]},"faces":{"north":{"uv":[11.5,0,12,0.25],"texture":"#2"},"east":{"uv":[8.75,12,8.75,12.25],"texture":"#2"},"south":{"uv":[11.5,0.5,12,0.75],"texture":"#2"},"west":{"uv":[12,8.75,12,9],"texture":"#2"},"up":{"uv":[12.5,9.25,12,9.25],"texture":"#2"},"down":{"uv":[12.5,9.5,12,9.5],"texture":"#2"}}},{"from":[9.126,7.64849,6.21508],"to":[9.126,8.64849,7.21508],"rotation":{"angle":22.5,"axis":"x","origin":[10.0505,7.94849,6.66508]},"faces":{"north":{"uv":[9,12,9,12.25],"texture":"#2"},"east":{"uv":[5,11.75,5.25,12],"texture":"#2"},"south":{"uv":[12,9.75,12,10],"texture":"#2"},"west":{"uv":[5.5,11.75,5.75,12],"texture":"#2"},"up":{"uv":[12,10.5,12,10.25],"texture":"#2"},"down":{"uv":[12,10.75,12,11],"texture":"#2"}}},{"from":[4.975,6.10418,6.37772],"to":[4.975,7.90418,6.87772],"rotation":{"angle":0,"axis":"y","origin":[5,6.60418,6.87772]},"faces":{"north":{"uv":[11,12,11,12.5],"texture":"#2"},"east":{"uv":[3.5,11.25,3.75,11.75],"texture":"#2"},"south":{"uv":[11.25,12,11.25,12.5],"texture":"#2"},"west":{"uv":[11.5,1,11.75,1.5],"texture":"#2"},"up":{"uv":[12,11.5,12,11.25],"texture":"#2"},"down":{"uv":[12,11.75,12,12],"texture":"#2"}}},{"from":[9.275,7.22918,6.32772],"to":[9.675,7.62918,6.32772],"rotation":{"angle":0,"axis":"y","origin":[10.025,7.07918,6.35272]},"faces":{"north":{"uv":[6,11.75,6.25,12],"texture":"#2"},"east":{"uv":[12.25,0,12.25,0.25],"texture":"#2"},"south":{"uv":[6.5,11.75,6.75,12],"texture":"#2"},"west":{"uv":[0.5,12.25,0.5,12.5],"texture":"#2"},"up":{"uv":[12.5,0.5,12.25,0.5],"texture":"#2"},"down":{"uv":[1,12.25,0.75,12.25],"texture":"#2"}}},{"from":[9.375,6.22918,6.35272],"to":[10.375,7.52918,6.35272],"rotation":{"angle":0,"axis":"y","origin":[10.025,7.07918,6.35272]},"faces":{"north":{"uv":[7,11.75,7.25,12],"texture":"#2"},"east":{"uv":[1.25,12.25,1.25,12.5],"texture":"#2"},"south":{"uv":[9.25,11.75,9.5,12],"texture":"#2"},"west":{"uv":[1.5,12.25,1.5,12.5],"texture":"#2"},"up":{"uv":[12.5,0.75,12.25,0.75],"texture":"#2"},"down":{"uv":[2,12.25,1.75,12.25],"texture":"#2"}}},{"from":[9.225,6.10418,6.37772],"to":[11.025,7.90418,6.37772],"rotation":{"angle":0,"axis":"y","origin":[8,-5.19582,15.45272]},"faces":{"north":{"uv":[8,10,8.5,10.5],"texture":"#2"},"east":{"uv":[12.25,2,12.25,2.5],"texture":"#2"},"south":{"uv":[8.75,10,9.25,10.5],"texture":"#2"},"west":{"uv":[2.25,12.25,2.25,12.75],"texture":"#2"},"up":{"uv":[3,12.25,2.5,12.25],"texture":"#2"},"down":{"uv":[12.75,2.75,12.25,2.75],"texture":"#2"}}},{"from":[11.025,6.10418,6.37772],"to":[11.025,7.90418,6.87772],"rotation":{"angle":0,"axis":"y","origin":[11,6.60418,6.87772]},"faces":{"north":{"uv":[12.25,3,12.25,3.5],"texture":"#2"},"east":{"uv":[11.5,1.75,11.75,2.25],"texture":"#2"},"south":{"uv":[3.25,12.25,3.25,12.75],"texture":"#2"},"west":{"uv":[11.5,4,11.75,4.5],"texture":"#2"},"up":{"uv":[12.25,4,12.25,3.75],"texture":"#2"},"down":{"uv":[4,12.25,4,12.5],"texture":"#2"}}},{"from":[11.05,7.64849,6.21408],"to":[11.05,8.64849,7.21408],"rotation":{"angle":22.5,"axis":"x","origin":[10.0505,7.94849,6.66508]},"faces":{"north":{"uv":[4.25,12.25,4.25,12.5],"texture":"#2"},"east":{"uv":[9.75,11.75,10,12],"texture":"#2"},"south":{"uv":[12.25,4.25,12.25,4.5],"texture":"#2"},"west":{"uv":[10.25,11.75,10.5,12],"texture":"#2"},"up":{"uv":[4.5,12.5,4.5,12.25],"texture":"#2"},"down":{"uv":[4.75,12.25,4.75,12.5],"texture":"#2"}}},{"from":[2.12975,2.43489,5.95272],"to":[8.12975,5.03489,5.95272],"rotation":{"angle":45,"axis":"z","origin":[4.89889,4.93244,5.85272]},"faces":{"north":{"uv":[5.25,7,6.75,7.75],"texture":"#2"},"east":{"uv":[12.25,4.75,12.25,5.5],"texture":"#2"},"south":{"uv":[7,5.25,8.5,6],"texture":"#2"},"west":{"uv":[5,12.25,5,13],"texture":"#2"},"up":{"uv":[6.75,12.25,5.25,12.25],"texture":"#2"},"down":{"uv":[13.75,5.75,12.25,5.75],"texture":"#2"}}},{"from":[7.87025,2.43489,5.95272],"to":[13.87025,5.03489,5.95272],"rotation":{"angle":-45,"axis":"z","origin":[11.10111,4.93244,5.85272]},"faces":{"north":{"uv":[7,6.25,8.5,7],"texture":"#2"},"east":{"uv":[12.25,6.75,12.25,7.5],"texture":"#2"},"south":{"uv":[7,7.25,8.5,8],"texture":"#2"},"west":{"uv":[7,12.25,7,13],"texture":"#2"},"up":{"uv":[13.75,6,12.25,6],"texture":"#2"},"down":{"uv":[13.75,7.75,12.25,7.75],"texture":"#2"}}},{"from":[1.67277,4.3192,5.75272],"to":[7.67277,6.8192,5.75272],"rotation":{"angle":0,"axis":"y","origin":[4.89889,4.93244,5.85272]},"faces":{"north":{"uv":[0,8,1.5,8.75],"texture":"#2"},"east":{"uv":[7.25,12.25,7.25,13],"texture":"#2"},"south":{"uv":[8,0,9.5,0.75],"texture":"#2"},"west":{"uv":[12.25,8,12.25,8.75],"texture":"#2"},"up":{"uv":[13.75,9,12.25,9],"texture":"#2"},"down":{"uv":[13.75,9.75,12.25,9.75],"texture":"#2"}}},{"from":[8.32723,4.3192,5.75272],"to":[14.32723,6.8192,5.75272],"rotation":{"angle":0,"axis":"y","origin":[11.10111,4.93244,5.85272]},"faces":{"north":{"uv":[8,1,9.5,1.75],"texture":"#2"},"east":{"uv":[9.25,12.25,9.25,13],"texture":"#2"},"south":{"uv":[8,2,9.5,2.75],"texture":"#2"},"west":{"uv":[9.5,12.25,9.5,13],"texture":"#2"},"up":{"uv":[13.75,10,12.25,10],"texture":"#2"},"down":{"uv":[13.75,10.25,12.25,10.25],"texture":"#2"}}},{"from":[2.2677,7.82879,8.53973],"to":[8.2677,13.82879,8.61473],"rotation":{"angle":22.5,"axis":"z","origin":[4.4677,10.82879,6.73973]},"faces":{"north":{"uv":[6.25,1.75,7.75,3.25],"texture":"#2"},"east":{"uv":[9,8.25,9.25,9.75],"texture":"#2"},"south":{"uv":[6.25,3.5,7.75,5],"texture":"#2"},"west":{"uv":[0,9.5,0.25,11],"texture":"#2"},"up":{"uv":[11,6,9.5,5.75],"texture":"#2"},"down":{"uv":[11,6.25,9.5,6.5],"texture":"#2"}}},{"from":[7.7323,7.82879,8.53973],"to":[13.7323,13.82879,8.61473],"rotation":{"angle":-22.5,"axis":"z","origin":[11.5323,10.82879,6.73973]},"faces":{"north":{"uv":[1.75,7,3.25,8.5],"texture":"#2"},"east":{"uv":[0.5,9.5,0.75,11],"texture":"#2"},"south":{"uv":[3.5,7,5,8.5],"texture":"#2"},"west":{"uv":[1,9.5,1.25,11],"texture":"#2"},"up":{"uv":[11,8.5,9.5,8.25],"texture":"#2"},"down":{"uv":[11,8.75,9.5,9],"texture":"#2"}}},{"from":[6.5,4.60418,5.45272],"to":[9.5,6.60418,6.45272],"rotation":{"angle":0,"axis":"y","origin":[7.5,5.60418,5.95272]},"faces":{"north":{"uv":[3.25,9.5,4,10],"texture":"#2"},"east":{"uv":[11.5,4.75,11.75,5.25],"texture":"#2"},"south":{"uv":[9.5,9.25,10.25,9.75],"texture":"#2"},"west":{"uv":[11.5,6.5,11.75,7],"texture":"#2"},"up":{"uv":[11.25,5.25,10.5,5],"texture":"#2"},"down":{"uv":[11.25,7.75,10.5,8],"texture":"#2"}}},{"from":[7.5,5.85418,5.37772],"to":[8.5,6.65418,5.37772],"rotation":{"angle":0,"axis":"y","origin":[8,6.10418,5.42772]},"faces":{"north":{"uv":[11.5,11.75,11.75,12],"texture":"#2"},"east":{"uv":[9.75,12.25,9.75,12.5],"texture":"#2"},"south":{"uv":[0,12,0.25,12.25],"texture":"#2"},"west":{"uv":[10,12.25,10,12.5],"texture":"#2"},"up":{"uv":[10.5,12.25,10.25,12.25],"texture":"#2"},"down":{"uv":[12.5,10.5,12.25,10.5],"texture":"#2"}}},{"from":[7.5,6.65318,5.37772],"to":[8.5,6.65318,5.97772],"rotation":{"angle":0,"axis":"y","origin":[8,6.70318,5.82772]},"faces":{"north":{"uv":[12.25,10.75,12.5,10.75],"texture":"#2"},"east":{"uv":[12.25,11,12.5,11],"texture":"#2"},"south":{"uv":[12.25,11.25,12.5,11.25],"texture":"#2"},"west":{"uv":[11.5,12.25,11.75,12.25],"texture":"#2"},"up":{"uv":[12.25,1.25,12,1],"texture":"#2"},"down":{"uv":[12.25,1.5,12,1.75],"texture":"#2"}}}],"gui_light":"front","display":{"thirdperson_righthand":{"rotation":[49,0,0],"translation":[0.5,1.5,-2.5],"scale":[0.7,0.7,0.7]},"thirdperson_lefthand":{"rotation":[49,0,0],"translation":[0.5,1.5,-2.5],"scale":[0.7,0.7,0.7]},"ground":{"rotation":[42,0,0],"translation":[0,2.25,0],"scale":[0.8,0.8,0.8]},"gui":{"rotation":[0,180,0],"translation":[0,-0.25,0],"scale":[1.7,1.7,1.7]},"head":{"translation":[0,2,-3.75],"scale":[2.5,2.5,2.5]},"fixed":{"translation":[0,0,-5.5],"scale":[2,2,2]}}}