{"texture_size":[64,64],"textures":{"1":"saigonmc:pets/heads/chibi_fox","particle":"saigonmc:pets/heads/chibi_fox"},"elements":[{"from":[5,4.9,5.825],"to":[11,10.9,11.825],"rotation":{"angle":0,"axis":"y","origin":[8,-4.2,14.825]},"faces":{"north":{"uv":[0,4,1.5,5.5],"texture":"#1"},"east":{"uv":[4,0,5.5,1.5],"texture":"#1"},"south":{"uv":[1.75,4,3.25,5.5],"texture":"#1"},"west":{"uv":[4,1.75,5.5,3.25],"texture":"#1"},"up":{"uv":[5,5.5,3.5,4],"texture":"#1"},"down":{"uv":[6.75,3.5,5.25,5],"texture":"#1"}}},{"from":[7,1.9,5.775],"to":[9.6,5.9,5.775],"rotation":{"angle":45,"axis":"z","origin":[8,7.9,8.825]},"faces":{"north":{"uv":[1.75,5.75,2.375,6.75],"texture":"#1"},"east":{"uv":[4,7.75,4,8.75],"texture":"#1"},"south":{"uv":[2.75,5.75,3.375,6.75],"texture":"#1"},"west":{"uv":[7.25,8,7.25,9],"texture":"#1"},"up":{"uv":[8.875,6.5,8.25,6.5],"texture":"#1"},"down":{"uv":[8.875,6.75,8.25,6.75],"texture":"#1"}}},{"from":[6.4,1.9,5.775],"to":[9,5.9,5.775],"rotation":{"angle":-45,"axis":"z","origin":[8,7.9,8.825]},"faces":{"north":{"uv":[3.75,5.75,4.375,6.75],"texture":"#1"},"east":{"uv":[8,8.25,8,9.25],"texture":"#1"},"south":{"uv":[4.75,6.5,5.375,7.5],"texture":"#1"},"west":{"uv":[8.25,8.25,8.25,9.25],"texture":"#1"},"up":{"uv":[9.125,2.5,8.5,2.5],"texture":"#1"},"down":{"uv":[9.125,2.75,8.5,2.75],"texture":"#1"}}},{"from":[11.17835,3.96335,5.825],"to":[11.17835,7.96335,11.825],"rotation":{"angle":22.5,"axis":"z","origin":[11.17835,6.46335,8.825]},"faces":{"north":{"uv":[4.75,8.5,4.75,9.5],"texture":"#1"},"east":{"uv":[5.25,5.25,6.75,6.25],"texture":"#1"},"south":{"uv":[5,8.5,5,9.5],"texture":"#1"},"west":{"uv":[0,5.75,1.5,6.75],"texture":"#1"},"up":{"uv":[8.5,8.5,8.5,7],"texture":"#1"},"down":{"uv":[0,8.75,0,10.25],"texture":"#1"}}},{"from":[4.82165,3.96335,5.825],"to":[4.82165,7.96335,11.825],"rotation":{"angle":-22.5,"axis":"z","origin":[4.82165,6.46335,8.825]},"faces":{"north":{"uv":[8.75,0,8.75,1],"texture":"#1"},"east":{"uv":[5.75,0,7.25,1],"texture":"#1"},"south":{"uv":[0.25,8.75,0.25,9.75],"texture":"#1"},"west":{"uv":[5.75,1.25,7.25,2.25],"texture":"#1"},"up":{"uv":[0.5,10.25,0.5,8.75],"texture":"#1"},"down":{"uv":[0.75,8.75,0.75,10.25],"texture":"#1"}}},{"from":[11.05,8.44431,5.58635],"to":[11.05,9.44431,6.58635],"rotation":{"angle":22.5,"axis":"x","origin":[10.0505,8.74431,6.03735]},"faces":{"north":{"uv":[8.5,3,8.5,3.25],"texture":"#1"},"east":{"uv":[4.75,3.5,5,3.75],"texture":"#1"},"south":{"uv":[8.5,3.5,8.5,3.75],"texture":"#1"},"west":{"uv":[5.25,7.75,5.5,8],"texture":"#1"},"up":{"uv":[1,9,1,8.75],"texture":"#1"},"down":{"uv":[1.25,8.75,1.25,9],"texture":"#1"}}},{"from":[11.025,6.9,5.75],"to":[11.025,8.7,6.25],"rotation":{"angle":0,"axis":"y","origin":[11,7.4,6.25]},"faces":{"north":{"uv":[1.5,8.75,1.5,9.25],"texture":"#1"},"east":{"uv":[7.75,5.5,7.875,6],"texture":"#1"},"south":{"uv":[1.75,8.75,1.75,9.25],"texture":"#1"},"west":{"uv":[7.75,6.25,7.875,6.75],"texture":"#1"},"up":{"uv":[2,8.875,2,8.75],"texture":"#1"},"down":{"uv":[2.25,8.75,2.25,8.875],"texture":"#1"}}},{"from":[9.225,6.9,5.75],"to":[11.025,8.7,5.75],"rotation":{"angle":0,"axis":"y","origin":[8,-4.4,14.825]},"faces":{"north":{"uv":[2,7,2.5,7.5],"texture":"#1"},"east":{"uv":[2.5,8.75,2.5,9.25],"texture":"#1"},"south":{"uv":[2.75,7,3.25,7.5],"texture":"#1"},"west":{"uv":[2.75,8.75,2.75,9.25],"texture":"#1"},"up":{"uv":[7.5,6.25,7,6.25],"texture":"#1"},"down":{"uv":[9.25,1.25,8.75,1.25],"texture":"#1"}}},{"from":[9.375,7.025,5.725],"to":[10.375,8.325,5.725],"rotation":{"angle":0,"axis":"y","origin":[10.025,7.875,5.725]},"faces":{"north":{"uv":[4.75,5.75,5,6.125],"texture":"#1"},"east":{"uv":[3,8.75,3,9.125],"texture":"#1"},"south":{"uv":[7.75,4,8,4.375],"texture":"#1"},"west":{"uv":[8.75,3,8.75,3.375],"texture":"#1"},"up":{"uv":[3.5,8.75,3.25,8.75],"texture":"#1"},"down":{"uv":[9,3.75,8.75,3.75],"texture":"#1"}}},{"from":[9.275,8.025,5.7],"to":[9.675,8.425,5.7],"rotation":{"angle":0,"axis":"y","origin":[10.025,7.875,5.725]},"faces":{"north":{"uv":[8.25,5,8.375,5.125],"texture":"#1"},"east":{"uv":[3.75,8.75,3.75,8.875],"texture":"#1"},"south":{"uv":[5.25,8.25,5.375,8.375],"texture":"#1"},"west":{"uv":[8.75,4,8.75,4.125],"texture":"#1"},"up":{"uv":[8.875,4.5,8.75,4.5],"texture":"#1"},"down":{"uv":[8.875,4.75,8.75,4.75],"texture":"#1"}}},{"from":[4.975,6.9,5.75],"to":[4.975,8.7,6.25],"rotation":{"angle":0,"axis":"y","origin":[5,7.4,6.25]},"faces":{"north":{"uv":[8.75,5,8.75,5.5],"texture":"#1"},"east":{"uv":[6.75,8,6.875,8.5],"texture":"#1"},"south":{"uv":[5.25,8.75,5.25,9.25],"texture":"#1"},"west":{"uv":[8,7,8.125,7.5],"texture":"#1"},"up":{"uv":[5.5,8.875,5.5,8.75],"texture":"#1"},"down":{"uv":[8.75,5.75,8.75,5.875],"texture":"#1"}}},{"from":[9.126,8.44431,5.58735],"to":[9.126,9.44431,6.58735],"rotation":{"angle":22.5,"axis":"x","origin":[10.0505,8.74431,6.03735]},"faces":{"north":{"uv":[6.75,8.75,6.75,9],"texture":"#1"},"east":{"uv":[8,7.75,8.25,8],"texture":"#1"},"south":{"uv":[7,8.75,7,9],"texture":"#1"},"west":{"uv":[0,8.25,0.25,8.5],"texture":"#1"},"up":{"uv":[8.75,7.25,8.75,7],"texture":"#1"},"down":{"uv":[8.75,7.5,8.75,7.75],"texture":"#1"}}},{"from":[9.125,8.44431,5.58735],"to":[11.05,9.44431,5.58735],"rotation":{"angle":22.5,"axis":"x","origin":[10.0505,8.74431,6.03735]},"faces":{"north":{"uv":[4,3.5,4.5,3.75],"texture":"#1"},"east":{"uv":[8.75,8,8.75,8.25],"texture":"#1"},"south":{"uv":[7.75,2.5,8.25,2.75],"texture":"#1"},"west":{"uv":[8.5,8.75,8.5,9],"texture":"#1"},"up":{"uv":[9.25,6.25,8.75,6.25],"texture":"#1"},"down":{"uv":[9.25,8.5,8.75,8.5],"texture":"#1"}}},{"from":[6.874,8.44431,5.58735],"to":[6.874,9.44431,6.58735],"rotation":{"angle":22.5,"axis":"x","origin":[5.9495,8.74431,6.03735]},"faces":{"north":{"uv":[8.75,8.75,8.75,9],"texture":"#1"},"east":{"uv":[8.25,0,8.5,0.25],"texture":"#1"},"south":{"uv":[9,0,9,0.25],"texture":"#1"},"west":{"uv":[0.5,8.25,0.75,8.5],"texture":"#1"},"up":{"uv":[9,0.75,9,0.5],"texture":"#1"},"down":{"uv":[9,3,9,3.25],"texture":"#1"}}},{"from":[4.95,8.44431,5.58635],"to":[4.95,9.44431,6.58635],"rotation":{"angle":22.5,"axis":"x","origin":[5.9495,8.74431,6.03735]},"faces":{"north":{"uv":[3.25,9,3.25,9.25],"texture":"#1"},"east":{"uv":[8.25,0.5,8.5,0.75],"texture":"#1"},"south":{"uv":[3.5,9,3.5,9.25],"texture":"#1"},"west":{"uv":[1,8.25,1.25,8.5],"texture":"#1"},"up":{"uv":[4,9.25,4,9],"texture":"#1"},"down":{"uv":[9,4,9,4.25],"texture":"#1"}}},{"from":[4.95,8.44431,5.58735],"to":[6.875,9.44431,5.58735],"rotation":{"angle":22.5,"axis":"x","origin":[5.9495,8.74431,6.03735]},"faces":{"north":{"uv":[7.75,3,8.25,3.25],"texture":"#1"},"east":{"uv":[4.25,9,4.25,9.25],"texture":"#1"},"south":{"uv":[7.75,3.5,8.25,3.75],"texture":"#1"},"west":{"uv":[4.5,9,4.5,9.25],"texture":"#1"},"up":{"uv":[9.5,1,9,1],"texture":"#1"},"down":{"uv":[9.5,3.5,9,3.5],"texture":"#1"}}},{"from":[5.625,7.025,5.725],"to":[6.625,8.325,5.725],"rotation":{"angle":0,"axis":"y","origin":[5.975,7.875,5.725]},"faces":{"north":{"uv":[4.75,7.75,5,8.125],"texture":"#1"},"east":{"uv":[9,5,9,5.375],"texture":"#1"},"south":{"uv":[7.75,4.75,8,5.125],"texture":"#1"},"west":{"uv":[9,7,9,7.375],"texture":"#1"},"up":{"uv":[9.25,5.75,9,5.75],"texture":"#1"},"down":{"uv":[9.25,6,9,6],"texture":"#1"}}},{"from":[4.975,6.9,5.75],"to":[6.775,8.7,5.75],"rotation":{"angle":0,"axis":"y","origin":[8,-4.4,14.825]},"faces":{"north":{"uv":[7,3.25,7.5,3.75],"texture":"#1"},"east":{"uv":[9,7.75,9,8.25],"texture":"#1"},"south":{"uv":[3.5,7,4,7.5],"texture":"#1"},"west":{"uv":[9,8.75,9,9.25],"texture":"#1"},"up":{"uv":[9.75,0,9.25,0],"texture":"#1"},"down":{"uv":[9.75,0.25,9.25,0.25],"texture":"#1"}}},{"from":[5.525,8.025,5.7],"to":[5.925,8.425,5.7],"rotation":{"angle":0,"axis":"y","origin":[5.975,7.875,5.725]},"faces":{"north":{"uv":[8.25,5.5,8.375,5.625],"texture":"#1"},"east":{"uv":[9.25,0.5,9.25,0.625],"texture":"#1"},"south":{"uv":[8.25,6,8.375,6.125],"texture":"#1"},"west":{"uv":[1,9.25,1,9.375],"texture":"#1"},"up":{"uv":[2.125,9.25,2,9.25],"texture":"#1"},"down":{"uv":[9.375,3,9.25,3],"texture":"#1"}}},{"from":[0.68433,5.65925,7.76647],"to":[7.68433,12.65925,7.84147],"rotation":{"angle":22.5,"axis":"z","origin":[-3.5323,12.6246,-6.088]},"faces":{"north":{"uv":[0,0,1.75,1.75],"texture":"#1"},"east":{"uv":[4.25,7,4.375,8.75],"texture":"#1"},"south":{"uv":[0,2,1.75,3.75],"texture":"#1"},"west":{"uv":[5.75,7.5,5.875,9.25],"texture":"#1"},"up":{"uv":[9.25,1.625,7.5,1.5],"texture":"#1"},"down":{"uv":[9.25,2,7.5,2.125],"texture":"#1"}}},{"from":[7.09774,11.78219,7.76647],"to":[14.09774,18.78219,7.84147],"rotation":{"angle":-22.5,"axis":"z","origin":[3.5323,12.6246,-6.088]},"faces":{"north":{"uv":[2,0,3.75,1.75],"texture":"#1"},"east":{"uv":[6.25,7.5,6.375,9.25],"texture":"#1"},"south":{"uv":[2,2,3.75,3.75],"texture":"#1"},"west":{"uv":[7.5,7.25,7.625,9],"texture":"#1"},"up":{"uv":[1.75,7.875,0,7.75],"texture":"#1"},"down":{"uv":[3.75,7.75,2,7.875],"texture":"#1"}}},{"from":[6.4,5.3,3.225],"to":[9.6,7.5,6.425],"rotation":{"angle":0,"axis":"y","origin":[8,6.9245,3.9375]},"faces":{"north":{"uv":[6.75,2.5,7.5,3],"texture":"#1"},"east":{"uv":[6.75,6.5,7.5,7],"texture":"#1"},"south":{"uv":[0,7,0.75,7.5],"texture":"#1"},"west":{"uv":[1,7,1.75,7.5],"texture":"#1"},"up":{"uv":[6.5,3.25,5.75,2.5],"texture":"#1"},"down":{"uv":[6.5,6.5,5.75,7.25],"texture":"#1"}}},{"from":[6.8,4.85,3.25],"to":[6.8,5.85,4.25],"rotation":{"angle":-45,"axis":"x","origin":[8,6.9745,3.9375]},"faces":{"north":{"uv":[1.25,9.25,1.25,9.5],"texture":"#1"},"east":{"uv":[8.25,1,8.5,1.25],"texture":"#1"},"south":{"uv":[3.75,9.25,3.75,9.5],"texture":"#1"},"west":{"uv":[1.5,8.25,1.75,8.5],"texture":"#1"},"up":{"uv":[9.25,4,9.25,3.75],"texture":"#1"},"down":{"uv":[9.25,4.25,9.25,4.5],"texture":"#1"}}},{"from":[9.2,4.85,3.25],"to":[9.2,5.85,4.25],"rotation":{"angle":-45,"axis":"x","origin":[8,6.9745,3.9375]},"faces":{"north":{"uv":[9.25,4.75,9.25,5],"texture":"#1"},"east":{"uv":[2,8.25,2.25,8.5],"texture":"#1"},"south":{"uv":[9.25,5.25,9.25,5.5],"texture":"#1"},"west":{"uv":[2.5,8.25,2.75,8.5],"texture":"#1"},"up":{"uv":[5.5,9.5,5.5,9.25],"texture":"#1"},"down":{"uv":[9.25,6.5,9.25,6.75],"texture":"#1"}}},{"from":[7,4.9,4.325],"to":[9,6.9,6.325],"rotation":{"angle":0,"axis":"y","origin":[7.5,6.9245,3.9375]},"faces":{"north":{"uv":[7,4,7.5,4.5],"texture":"#1"},"east":{"uv":[7,4.75,7.5,5.25],"texture":"#1"},"south":{"uv":[7,5.5,7.5,6],"texture":"#1"},"west":{"uv":[6.75,7.25,7.25,7.75],"texture":"#1"},"up":{"uv":[8,0.5,7.5,0],"texture":"#1"},"down":{"uv":[8,0.75,7.5,1.25],"texture":"#1"}}},{"from":[7.5,6.75,3.15],"to":[8.5,7.55,3.15],"rotation":{"angle":0,"axis":"y","origin":[8,6.9245,3.9375]},"faces":{"north":{"uv":[3,8.25,3.25,8.5],"texture":"#1"},"east":{"uv":[6.75,9.25,6.75,9.5],"texture":"#1"},"south":{"uv":[3.5,8.25,3.75,8.5],"texture":"#1"},"west":{"uv":[7,9.25,7,9.5],"texture":"#1"},"up":{"uv":[9.5,3.25,9.25,3.25],"texture":"#1"},"down":{"uv":[9.5,7,9.25,7],"texture":"#1"}}},{"from":[7.5,7.549,3.15],"to":[8.5,7.549,3.75],"rotation":{"angle":0,"axis":"y","origin":[8,6.9245,3.9375]},"faces":{"north":{"uv":[7.25,9.25,7.5,9.25],"texture":"#1"},"east":{"uv":[9.25,7.25,9.375,7.25],"texture":"#1"},"south":{"uv":[9.25,7.5,9.5,7.5],"texture":"#1"},"west":{"uv":[9.25,7.75,9.375,7.75],"texture":"#1"},"up":{"uv":[8.5,4.125,8.25,4],"texture":"#1"},"down":{"uv":[8.5,4.5,8.25,4.625],"texture":"#1"}}}],"gui_light":"front","display":{"gui":{"rotation":[180,0,180],"translation":[0,-1,0],"scale":[1.3,1.3,1.3]},"fixed":{"translation":[0,0,-1.5]}}}