{"texture_size":[64,64],"textures":{"2":"saigonmc:pets/heads/chibi_pegasus"},"elements":[{"from":[9.2,8.95,9.1],"to":[10.2,10.95,10.1],"rotation":{"angle":-22.5,"axis":"z","origin":[9.7,9.95,9.6]},"faces":{"north":{"uv":[6.25,0.5,6.5,1],"texture":"#2"},"east":{"uv":[6.25,1.25,6.5,1.75],"texture":"#2"},"south":{"uv":[6.25,2,6.5,2.5],"texture":"#2"},"west":{"uv":[6.25,4.5,6.5,5],"texture":"#2"},"up":{"uv":[0.25,7,0,6.75],"texture":"#2"},"down":{"uv":[0.75,6.75,0.5,7],"texture":"#2"}}},{"from":[5.8,8.95,9.1],"to":[6.8,10.95,10.1],"rotation":{"angle":22.5,"axis":"z","origin":[6.3,9.95,9.6]},"faces":{"north":{"uv":[6.25,5.25,6.5,5.75],"texture":"#2"},"east":{"uv":[6.25,6,6.5,6.5],"texture":"#2"},"south":{"uv":[3,6.5,3.25,7],"texture":"#2"},"west":{"uv":[3.5,6.5,3.75,7],"texture":"#2"},"up":{"uv":[7,0.75,6.75,0.5],"texture":"#2"},"down":{"uv":[1.25,6.75,1,7],"texture":"#2"}}},{"from":[5.5,5.55,6],"to":[10.5,9.55,11],"rotation":{"angle":0,"axis":"y","origin":[6.5,-7.05,9]},"faces":{"north":{"uv":[3,3,4.25,4],"texture":"#2"},"east":{"uv":[3,4.25,4.25,5.25],"texture":"#2"},"south":{"uv":[0,4.5,1.25,5.5],"texture":"#2"},"west":{"uv":[1.5,4.5,2.75,5.5],"texture":"#2"},"up":{"uv":[1.25,4.25,0,3],"texture":"#2"},"down":{"uv":[2.75,3,1.5,4.25],"texture":"#2"}}},{"from":[5.4,7.45,5.9],"to":[6.6,8.65,7.1],"rotation":{"angle":0,"axis":"y","origin":[6.5,-7.05,9]},"faces":{"north":{"uv":[6.75,1,7,1.25],"texture":"#2"},"east":{"uv":[1.5,6.75,1.75,7],"texture":"#2"},"south":{"uv":[6.75,1.5,7,1.75],"texture":"#2"},"west":{"uv":[6.75,2,7,2.25],"texture":"#2"},"up":{"uv":[7,2.75,6.75,2.5],"texture":"#2"},"down":{"uv":[7,4.5,6.75,4.75],"texture":"#2"}}},{"from":[5.375,8.05,6],"to":[5.375,8.55,6.5],"rotation":{"angle":0,"axis":"y","origin":[6.5,-7.05,9]},"faces":{"north":{"uv":[4.25,5.5,4.25,5.75],"texture":"#2"},"east":{"uv":[6.75,5,7,5.25],"texture":"#2"},"south":{"uv":[5.5,6,5.5,6.25],"texture":"#2"},"west":{"uv":[6.75,5.5,7,5.75],"texture":"#2"},"up":{"uv":[5.5,6.75,5.5,6.5],"texture":"#2"},"down":{"uv":[6,7,6,7.25],"texture":"#2"}}},{"from":[10.625,8.05,6],"to":[10.625,8.55,6.5],"rotation":{"angle":0,"axis":"y","origin":[9.5,-7.05,9]},"faces":{"north":{"uv":[1,7.25,1,7.5],"texture":"#2"},"east":{"uv":[6.75,6,7,6.25],"texture":"#2"},"south":{"uv":[7.25,1,7.25,1.25],"texture":"#2"},"west":{"uv":[6.25,6.75,6.5,7],"texture":"#2"},"up":{"uv":[1.25,7.5,1.25,7.25],"texture":"#2"},"down":{"uv":[1.5,7.25,1.5,7.5],"texture":"#2"}}},{"from":[9.4,7.45,5.9],"to":[10.6,8.65,7.1],"rotation":{"angle":0,"axis":"y","origin":[9.5,-7.05,9]},"faces":{"north":{"uv":[6.75,6.5,7,6.75],"texture":"#2"},"east":{"uv":[7,3,7.25,3.25],"texture":"#2"},"south":{"uv":[7,3.5,7.25,3.75],"texture":"#2"},"west":{"uv":[4,7,4.25,7.25],"texture":"#2"},"up":{"uv":[7.25,4.25,7,4],"texture":"#2"},"down":{"uv":[4.75,7,4.5,7.25],"texture":"#2"}}},{"from":[9.4,7.45,5.9],"to":[10.6,8.65,7.1],"rotation":{"angle":0,"axis":"y","origin":[9.5,-7.05,9]},"faces":{"north":{"uv":[5,7,5.25,7.25],"texture":"#2"},"east":{"uv":[5.5,7,5.75,7.25],"texture":"#2"},"south":{"uv":[6.75,7,7,7.25],"texture":"#2"},"west":{"uv":[0,7.25,0.25,7.5],"texture":"#2"},"up":{"uv":[0.75,7.5,0.5,7.25],"texture":"#2"},"down":{"uv":[7.5,0.5,7.25,0.75],"texture":"#2"}}},{"from":[7.5,5.55,8],"to":[8.5,10.55,12],"rotation":{"angle":0,"axis":"y","origin":[5.5,-7.05,9]},"faces":{"north":{"uv":[2,5.75,2.25,7],"texture":"#2"},"east":{"uv":[4.5,3,5.5,4.25],"texture":"#2"},"south":{"uv":[2.5,5.75,2.75,7],"texture":"#2"},"west":{"uv":[4.5,4.5,5.5,5.75],"texture":"#2"},"up":{"uv":[6,5.5,5.75,4.5],"texture":"#2"},"down":{"uv":[6,5.75,5.75,6.75],"texture":"#2"}}},{"from":[8,0.55,7],"to":[8,11.55,16],"rotation":{"angle":0,"axis":"y","origin":[8,6.05,10.1]},"faces":{"north":{"uv":[1.75,7.25,1.75,10],"texture":"#2"},"east":{"uv":[4.75,0,2.5,2.75],"texture":"#2"},"south":{"uv":[2,7.25,2,10],"texture":"#2"},"west":{"uv":[2.5,0,4.75,2.75],"texture":"#2"},"up":{"uv":[2.25,9.5,2.25,7.25],"texture":"#2"},"down":{"uv":[2.5,7.25,2.5,9.5],"texture":"#2"}}},{"from":[6,6.55,3],"to":[10,9.55,6],"rotation":{"angle":0,"axis":"y","origin":[8,7.55,4.5]},"faces":{"north":{"uv":[5,0,6,0.75],"texture":"#2"},"east":{"uv":[0,5.75,0.75,6.5],"texture":"#2"},"south":{"uv":[5,1,6,1.75],"texture":"#2"},"west":{"uv":[1,5.75,1.75,6.5],"texture":"#2"},"up":{"uv":[6,2.75,5,2],"texture":"#2"},"down":{"uv":[4,5.5,3,6.25],"texture":"#2"}}},{"from":[6,5.55,4],"to":[10,6.55,6],"rotation":{"angle":0,"axis":"y","origin":[8,7.55,4.5]},"faces":{"north":{"uv":[4.25,6,5.25,6.25],"texture":"#2"},"east":{"uv":[4,6.5,4.5,6.75],"texture":"#2"},"south":{"uv":[6.25,0,7.25,0.25],"texture":"#2"},"west":{"uv":[4.75,6.5,5.25,6.75],"texture":"#2"},"up":{"uv":[6.75,3.5,5.75,3],"texture":"#2"},"down":{"uv":[6.75,3.75,5.75,4.25],"texture":"#2"}}}],"gui_light":"front","display":{"gui":{"rotation":[180,90,180],"translation":[-1,1.75,0],"scale":[1.2,1.2,1.2]}}}