{"texture_size":[64,64],"textures":{"2":"saigonmc:pets/heads/corgi","particle":"saigonmc:pets/heads/corgi"},"elements":[{"name":"head","from":[3,4.2,7.97304],"to":[13,13.2,14.97304],"rotation":{"angle":0,"axis":"y","origin":[12,-2.8,19.97304]},"faces":{"north":{"uv":[0,0,2.5,2.25],"texture":"#2"},"east":{"uv":[2.25,6,4,8.25],"texture":"#2"},"south":{"uv":[0,2.5,2.5,4.75],"texture":"#2"},"west":{"uv":[4.25,7,6,9.25],"texture":"#2"},"up":{"uv":[7.5,4.75,5,3],"texture":"#2"},"down":{"uv":[7.5,5,5,6.75],"texture":"#2"}}},{"name":"paupiere","from":[3.6,8.829,7.32264],"to":[6.8,10.829,9.32264],"rotation":{"angle":-22.5,"axis":"x","origin":[8,10.429,8.82264]},"faces":{"north":{"uv":[2.5,10.25,3.25,10.75],"texture":"#2"},"east":{"uv":[4.25,6,4.75,6.5],"texture":"#2"},"south":{"uv":[4.5,10.25,5.25,10.75],"texture":"#2"},"west":{"uv":[7,9.5,7.5,10],"texture":"#2"},"up":{"uv":[11,10.75,10.25,10.25],"texture":"#2"},"down":{"uv":[11.25,4.5,10.5,5],"texture":"#2"}}},{"name":"paupiere","from":[9.2,8.829,7.32264],"to":[12.4,10.829,9.32264],"rotation":{"angle":-22.5,"axis":"x","origin":[8,10.429,8.82264]},"faces":{"north":{"uv":[10.5,5.25,11.25,5.75],"texture":"#2"},"east":{"uv":[8.5,10.5,9,11],"texture":"#2"},"south":{"uv":[5.5,10.5,6.25,11],"texture":"#2"},"west":{"uv":[9.25,10.5,9.75,11],"texture":"#2"},"up":{"uv":[7.25,11,6.5,10.5],"texture":"#2"},"down":{"uv":[8.25,10.5,7.5,11],"texture":"#2"}}},{"name":"eye","from":[3.7,7.3,7.59804],"to":[6.7,10.3,8.59804],"rotation":{"angle":0,"axis":"y","origin":[5.2,8.8,8.09804]},"faces":{"north":{"uv":[6,9.5,6.75,10.25],"texture":"#2"},"east":{"uv":[2.25,5,2.5,5.75],"texture":"#2"},"south":{"uv":[10.25,0,11,0.75],"texture":"#2"},"west":{"uv":[3.5,10.25,3.75,11],"texture":"#2"},"up":{"uv":[11.5,4.25,10.75,4],"texture":"#2"},"down":{"uv":[11.5,8.25,10.75,8.5],"texture":"#2"}}},{"name":"eye","from":[9.3,7.3,7.59804],"to":[12.3,10.3,8.59804],"rotation":{"angle":0,"axis":"y","origin":[4,-3,19.97304]},"faces":{"north":{"uv":[10.25,1,11,1.75],"texture":"#2"},"east":{"uv":[4.5,11,4.75,11.75],"texture":"#2"},"south":{"uv":[1.5,10.25,2.25,11],"texture":"#2"},"west":{"uv":[5,11,5.25,11.75],"texture":"#2"},"up":{"uv":[10.75,11.25,10,11],"texture":"#2"},"down":{"uv":[11.75,11,11,11.25],"texture":"#2"}}},{"name":"glint","from":[4.3,8.8,7.49804],"to":[5.1,9.6,7.49804],"rotation":{"angle":0,"axis":"y","origin":[4.7,9.2,7.49804]},"faces":{"north":{"uv":[7.25,2.5,7.5,2.75],"texture":"#2"},"east":{"uv":[2,8,2,8.25],"texture":"#2"},"south":{"uv":[1.5,8,1.75,8.25],"texture":"#2"},"west":{"uv":[4,8.5,4,8.75],"texture":"#2"},"up":{"uv":[4.5,6.75,4.25,6.75],"texture":"#2"},"down":{"uv":[9.5,8.75,9.25,8.75],"texture":"#2"}}},{"name":"glint","from":[10,8.8,7.49804],"to":[10.8,9.6,7.49804],"rotation":{"angle":0,"axis":"y","origin":[4,-3,19.97304]},"faces":{"north":{"uv":[11.25,0,11.5,0.25],"texture":"#2"},"east":{"uv":[4,9,4,9.25],"texture":"#2"},"south":{"uv":[11.25,0.5,11.5,0.75],"texture":"#2"},"west":{"uv":[10.5,6,10.5,6.25],"texture":"#2"},"up":{"uv":[10,8.75,9.75,8.75],"texture":"#2"},"down":{"uv":[5.75,10.25,5.5,10.25],"texture":"#2"}}},{"name":"poil","from":[2.6,4.2,10.47304],"to":[2.6,13.2,15.47304],"rotation":{"angle":-22.5,"axis":"y","origin":[8,8.7,11.47304]},"faces":{"north":{"uv":[3.25,11,3.25,13.25],"texture":"#2"},"east":{"uv":[6.25,7,7.5,9.25],"texture":"#2"},"south":{"uv":[1.5,11.25,1.5,13.5],"texture":"#2"},"west":{"uv":[7.25,0,8.5,2.25],"texture":"#2"},"up":{"uv":[1.75,12.5,1.75,11.25],"texture":"#2"},"down":{"uv":[2,11.25,2,12.5],"texture":"#2"}}},{"name":"poil","from":[13.4,4.2,10.47304],"to":[13.4,13.2,15.47304],"rotation":{"angle":22.5,"axis":"y","origin":[8,8.7,11.47304]},"faces":{"north":{"uv":[2.25,11.25,2.25,13.5],"texture":"#2"},"east":{"uv":[7.75,2.5,9,4.75],"texture":"#2"},"south":{"uv":[3.5,11.25,3.5,13.5],"texture":"#2"},"west":{"uv":[7.75,5,9,7.25],"texture":"#2"},"up":{"uv":[3.75,12.5,3.75,11.25],"texture":"#2"},"down":{"uv":[5.5,11.25,5.5,12.5],"texture":"#2"}}},{"name":"ear","from":[8.73746,9.02367,12.69624],"to":[16.73746,20.02367,12.79624],"rotation":{"angle":-22.5,"axis":"z","origin":[11.83746,14.52367,12.74624]},"faces":{"north":{"uv":[2.75,0,4.75,2.75],"texture":"#2"},"east":{"uv":[0,9.5,0.25,12.25],"texture":"#2"},"south":{"uv":[2.75,3,4.75,5.75],"texture":"#2"},"west":{"uv":[0.5,9.5,0.75,12.25],"texture":"#2"},"up":{"uv":[12.25,2.25,10.25,2],"texture":"#2"},"down":{"uv":[12.25,8.75,10.25,9],"texture":"#2"}}},{"name":"ear","from":[-0.73746,9.02367,12.69624],"to":[7.26254,20.02367,12.79624],"rotation":{"angle":22.5,"axis":"z","origin":[4.16254,14.52367,12.74624]},"faces":{"north":{"uv":[0,5,2,7.75],"texture":"#2"},"east":{"uv":[1,9.5,1.25,12.25],"texture":"#2"},"south":{"uv":[5,0,7,2.75],"texture":"#2"},"west":{"uv":[4,9.5,4.25,12.25],"texture":"#2"},"up":{"uv":[12.25,9.5,10.25,9.25],"texture":"#2"},"down":{"uv":[12.25,9.75,10.25,10],"texture":"#2"}}},{"name":"nose","from":[5.5,5.7,3.97304],"to":[10.5,8.5,7.97304],"rotation":{"angle":0,"axis":"y","origin":[12.5,-2,19.97304]},"faces":{"north":{"uv":[9.25,2.5,10.5,3.25],"texture":"#2"},"east":{"uv":[9.25,4.5,10.25,5.25],"texture":"#2"},"south":{"uv":[9.25,3.5,10.5,4.25],"texture":"#2"},"west":{"uv":[9.25,5.5,10.25,6.25],"texture":"#2"},"up":{"uv":[10,1,8.75,0],"texture":"#2"},"down":{"uv":[10,1.25,8.75,2.25],"texture":"#2"}}},{"name":"nose","from":[7.1,7.1,3.67304],"to":[8.9,8.7,5.47304],"rotation":{"angle":0,"axis":"y","origin":[13,-2,19.97304]},"faces":{"north":{"uv":[10.75,2.5,11.25,3],"texture":"#2"},"east":{"uv":[10.75,3.25,11.25,3.75],"texture":"#2"},"south":{"uv":[10.75,6,11.25,6.5],"texture":"#2"},"west":{"uv":[10.75,6.75,11.25,7.25],"texture":"#2"},"up":{"uv":[11.25,8,10.75,7.5],"texture":"#2"},"down":{"uv":[3,11,2.5,11.5],"texture":"#2"}}},{"name":"mouth","from":[5.5,3.84957,4.7574],"to":[10.5,5.84957,9.7574],"rotation":{"angle":-22.5,"axis":"x","origin":[8.23648,5.48356,8.33212]},"faces":{"north":{"uv":[9.25,6.5,10.5,7],"texture":"#2"},"east":{"uv":[9.25,7.25,10.5,7.75],"texture":"#2"},"south":{"uv":[9.25,8,10.5,8.5],"texture":"#2"},"west":{"uv":[4.5,9.5,5.75,10],"texture":"#2"},"up":{"uv":[9,8.75,7.75,7.5],"texture":"#2"},"down":{"uv":[1.25,8,0,9.25],"texture":"#2"}}},{"name":"tongue","from":[6,5.94957,4.0574],"to":[10,5.94957,10.0574],"rotation":{"angle":-22.5,"axis":"x","origin":[8.23648,5.48356,8.33212]},"faces":{"north":{"uv":[11.25,1,12.25,1],"texture":"#2"},"east":{"uv":[11.25,1.25,12.75,1.25],"texture":"#2"},"south":{"uv":[11.25,1.5,12.25,1.5],"texture":"#2"},"west":{"uv":[11.25,1.75,12.75,1.75],"texture":"#2"},"up":{"uv":[2.5,10,1.5,8.5],"texture":"#2"},"down":{"uv":[3.75,8.5,2.75,10],"texture":"#2"}}},{"name":"tongue_out","from":[6,-0.72085,4.20408],"to":[10,4.27915,4.20408],"rotation":{"angle":0,"axis":"x","origin":[8.23648,5.48356,8.33212]},"faces":{"north":{"uv":[7.75,9,8.75,10.25],"texture":"#2"},"east":{"uv":[5.75,11.25,5.75,12.5],"texture":"#2"},"south":{"uv":[9,9,10,10.25],"texture":"#2"},"west":{"uv":[6,11.25,6,12.5],"texture":"#2"},"up":{"uv":[7.25,11.25,6.25,11.25],"texture":"#2"},"down":{"uv":[8.5,11.25,7.5,11.25],"texture":"#2"}}}],"gui_light":"front","display":{"ground":{"rotation":[4.08,0.73,20.57],"scale":[0.6,0.6,0.6]},"gui":{"rotation":[-180,0,180],"translation":[0,-1.5,0],"scale":[0.9,0.9,0.9]},"head":{"translation":[0,0,-7.5],"scale":[2,2,2]},"fixed":{"translation":[0,-1,-5.75]}}}