{"texture_size":[64,64],"textures":{"1":"saigonmc:pets/heads/fairy_seed","particle":"saigonmc:pets/heads/fairy_seed"},"elements":[{"from":[4,3.4375,6.025],"to":[12,10.4375,14.025],"rotation":{"angle":0,"axis":"y","origin":[8,-20.5625,10.025]},"faces":{"north":{"uv":[5,4.5,7,6.25],"texture":"#1"},"east":{"uv":[5,6.5,7,8.25],"texture":"#1"},"south":{"uv":[2.5,6.75,4.5,8.5],"texture":"#1"},"west":{"uv":[0,7.25,2,9],"texture":"#1"},"up":{"uv":[7,2,5,0],"texture":"#1"},"down":{"uv":[7,2.25,5,4.25],"texture":"#1"}}},{"from":[7.33579,4.4375,7.025],"to":[7.33579,11.4375,13.025],"rotation":{"angle":22.5,"axis":"z","origin":[6.58579,11.73039,10.025]},"faces":{"north":{"uv":[8.25,8.75,8.25,10.5],"texture":"#1"},"east":{"uv":[7.25,4,8.75,5.75],"texture":"#1"},"south":{"uv":[8.5,8.75,8.5,10.5],"texture":"#1"},"west":{"uv":[7.25,6,8.75,7.75],"texture":"#1"},"up":{"uv":[4.75,8.25,4.75,6.75],"texture":"#1"},"down":{"uv":[8.75,8.5,8.75,10],"texture":"#1"}}},{"from":[4,4.4375,10.025],"to":[12,11.4375,10.025],"rotation":{"angle":0,"axis":"y","origin":[6.58579,11.73039,10.025]},"faces":{"north":{"uv":[7.25,0,9.25,1.75],"texture":"#1"},"east":{"uv":[9,4,9,5.75],"texture":"#1"},"south":{"uv":[7.25,2,9.25,3.75],"texture":"#1"},"west":{"uv":[9,6,9,7.75],"texture":"#1"},"up":{"uv":[11,8.5,9,8.5],"texture":"#1"},"down":{"uv":[11,8.75,9,8.75],"texture":"#1"}}},{"name":"eyes","from":[9,7.6875,6],"to":[11,9.6875,6],"rotation":{"angle":0,"axis":"y","origin":[10,8.6875,6]},"faces":{"north":{"uv":[7.25,8,7.75,8.5],"texture":"#1"},"east":{"uv":[2.25,7.25,2.25,7.75],"texture":"#1"},"south":{"uv":[8,8,8.5,8.5],"texture":"#1"},"west":{"uv":[2.25,8,2.25,8.5],"texture":"#1"},"up":{"uv":[6.75,9,6.25,9],"texture":"#1"},"down":{"uv":[9.5,9,9,9],"texture":"#1"}}},{"name":"eyes","from":[9.25,8.9375,5.975],"to":[9.5,9.1875,5.975],"rotation":{"angle":0,"axis":"y","origin":[8,-19.8125,10.025]},"faces":{"north":{"uv":[4.25,8.75,4.3125,8.8125],"texture":"#1"},"east":{"uv":[7,9,7,9.0625],"texture":"#1"},"south":{"uv":[7.25,8.75,7.3125,8.8125],"texture":"#1"},"west":{"uv":[0,9.25,0,9.3125],"texture":"#1"},"up":{"uv":[0.3125,9.25,0.25,9.25],"texture":"#1"},"down":{"uv":[0.8125,9.25,0.75,9.25],"texture":"#1"}}},{"name":"eyes","from":[6.5,8.9375,5.975],"to":[6.75,9.1875,5.975],"rotation":{"angle":0,"axis":"y","origin":[8,-19.8125,10.025]},"faces":{"north":{"uv":[7.75,8.75,7.8125,8.8125],"texture":"#1"},"east":{"uv":[1.25,9.25,1.25,9.3125],"texture":"#1"},"south":{"uv":[8.75,8,8.8125,8.0625],"texture":"#1"},"west":{"uv":[1.5,9.25,1.5,9.3125],"texture":"#1"},"up":{"uv":[1.8125,9.25,1.75,9.25],"texture":"#1"},"down":{"uv":[2.3125,9.25,2.25,9.25],"texture":"#1"}}},{"name":"eyes","from":[5,7.6875,6],"to":[7,9.6875,6],"rotation":{"angle":0,"axis":"y","origin":[6,8.6875,6]},"faces":{"north":{"uv":[4.75,8.5,5.25,9],"texture":"#1"},"east":{"uv":[2.75,9.25,2.75,9.75],"texture":"#1"},"south":{"uv":[5.5,8.5,6,9],"texture":"#1"},"west":{"uv":[3,9.25,3,9.75],"texture":"#1"},"up":{"uv":[3.75,9.25,3.25,9.25],"texture":"#1"},"down":{"uv":[4.5,9.25,4,9.25],"texture":"#1"}}},{"name":"mouth","from":[7.75,7.6875,6],"to":[8.25,7.9375,6],"rotation":{"angle":0,"axis":"y","origin":[8,8.1875,6]},"faces":{"north":{"uv":[6.25,8.5,6.375,8.5625],"texture":"#1"},"east":{"uv":[9.25,4,9.25,4.0625],"texture":"#1"},"south":{"uv":[6.75,8.5,6.875,8.5625],"texture":"#1"},"west":{"uv":[9.25,4.5,9.25,4.5625],"texture":"#1"},"up":{"uv":[4.875,9.25,4.75,9.25],"texture":"#1"},"down":{"uv":[9.375,5,9.25,5],"texture":"#1"}}},{"name":"mouth","from":[8.08839,7.82767,6],"to":[8.58839,8.07767,6],"rotation":{"angle":45,"axis":"z","origin":[8.33839,7.95267,6]},"faces":{"north":{"uv":[2.25,8.75,2.375,8.8125],"texture":"#1"},"east":{"uv":[5.25,9.25,5.25,9.3125],"texture":"#1"},"south":{"uv":[2.75,8.75,2.875,8.8125],"texture":"#1"},"west":{"uv":[9.25,5.25,9.25,5.3125],"texture":"#1"},"up":{"uv":[5.625,9.25,5.5,9.25],"texture":"#1"},"down":{"uv":[9.375,5.75,9.25,5.75],"texture":"#1"}}},{"name":"mouth","from":[7.41161,7.82767,6],"to":[7.91161,8.07767,6],"rotation":{"angle":-45,"axis":"z","origin":[7.66161,7.95267,6]},"faces":{"north":{"uv":[3.25,8.75,3.375,8.8125],"texture":"#1"},"east":{"uv":[6,9.25,6,9.3125],"texture":"#1"},"south":{"uv":[3.75,8.75,3.875,8.8125],"texture":"#1"},"west":{"uv":[9.25,6,9.25,6.0625],"texture":"#1"},"up":{"uv":[6.375,9.25,6.25,9.25],"texture":"#1"},"down":{"uv":[9.375,6.5,9.25,6.5],"texture":"#1"}}},{"name":"outer","from":[12.5,10.9375,14.525],"to":[3.5,2.9375,5.525],"rotation":{"angle":0,"axis":"y","origin":[8,-20.5625,10.025]},"faces":{"north":{"uv":[2.5,0,4.75,2],"texture":"#1"},"east":{"uv":[2.5,2.25,4.75,4.25],"texture":"#1"},"south":{"uv":[2.5,4.5,4.75,6.5],"texture":"#1"},"west":{"uv":[0,5,2.25,7],"texture":"#1"},"up":{"uv":[2.25,2.25,0,0],"texture":"#1"},"down":{"uv":[2.25,2.5,0,4.75],"texture":"#1"}}}],"gui_light":"front","display":{"gui":{"rotation":[180,0,180],"translation":[0,0.75,0]}}}