{"textures":{"0":"saigonmc:pets/heads/kitsune_mount","particle":"saigonmc:pets/heads/kitsune_mount"},"elements":[{"from":[11.09507,6.61171,12.19905],"to":[11.09507,14.61171,20.19905],"rotation":{"angle":22.5,"axis":"y","origin":[8,12.14872,8]},"faces":{"north":{"uv":[2.125,11.625,2.125,12.625],"texture":"#0"},"east":{"uv":[7.625,8.875,6.625,9.875],"texture":"#0"},"south":{"uv":[2.25,11.625,2.25,12.625],"texture":"#0"},"west":{"uv":[6.625,8.875,7.625,9.875],"texture":"#0"},"up":{"uv":[2.375,12.625,2.375,11.625],"texture":"#0"},"down":{"uv":[2.5,11.625,2.5,12.625],"texture":"#0"}}},{"from":[6.87343,14.37674,7.92986],"to":[12.87343,22.37674,7.92986],"rotation":{"angle":-22.5,"axis":"z","origin":[8,12.14872,8]},"faces":{"north":{"uv":[10,7.625,9.25,8.625],"texture":"#0"},"east":{"uv":[4.25,6.875,4.25,7.875],"texture":"#0"},"south":{"uv":[9.25,7.625,10,8.625],"texture":"#0"},"west":{"uv":[4.5,5.625,4.5,6.625],"texture":"#0"},"up":{"uv":[8.625,4.875,9.375,4.875],"texture":"#0"},"down":{"uv":[0.625,11.625,1.375,11.625],"texture":"#0"}}},{"from":[12.475,9.9307,10.96243],"to":[12.475,15.9307,19.96243],"rotation":{"angle":-22.5,"axis":"x","origin":[8,12.14872,8]},"faces":{"north":{"uv":[2,9.875,2,10.625],"texture":"#0"},"east":{"uv":[2.25,9,1.125,9.75],"texture":"#0"},"south":{"uv":[2.125,9.875,2.125,10.625],"texture":"#0"},"west":{"uv":[1.125,9,2.25,9.75],"texture":"#0"},"up":{"uv":[6.125,12.5,6.125,11.375],"texture":"#0"},"down":{"uv":[3.625,11.5,3.625,12.625],"texture":"#0"}}},{"from":[7.87343,14.37674,7.90486],"to":[11.87343,19.37674,8.90486],"rotation":{"angle":-22.5,"axis":"z","origin":[8,12.14872,8]},"faces":{"north":{"uv":[1.75,10.875,1.25,11.5],"texture":"#0"},"east":{"uv":[1.5,4.75,1.375,5.375],"texture":"#0"},"south":{"uv":[2.375,10.875,1.875,11.5],"texture":"#0"},"west":{"uv":[3.125,4.25,3,4.875],"texture":"#0"},"up":{"uv":[0,11.75,0.5,11.625],"texture":"#0"},"down":{"uv":[11.625,0,12.125,0.125],"texture":"#0"}}},{"from":[4.90493,6.61171,12.19905],"to":[4.90493,14.61171,20.19905],"rotation":{"angle":-22.5,"axis":"y","origin":[8,12.14872,8]},"faces":{"north":{"uv":[2.125,11.625,2.125,12.625],"texture":"#0"},"east":{"uv":[7.625,8.875,6.625,9.875],"texture":"#0"},"south":{"uv":[2.25,11.625,2.25,12.625],"texture":"#0"},"west":{"uv":[6.625,8.875,7.625,9.875],"texture":"#0"},"up":{"uv":[2.375,12.625,2.375,11.625],"texture":"#0"},"down":{"uv":[2.5,11.625,2.5,12.625],"texture":"#0"}}},{"from":[6,7.61171,-1.09514],"to":[10,10.61171,3.90486],"rotation":{"angle":0,"axis":"y","origin":[8,12.14872,8]},"faces":{"north":{"uv":[11.375,4.25,11.875,4.625],"texture":"#0"},"east":{"uv":[6.5,0.875,7.125,1.25],"texture":"#0"},"south":{"uv":[11.375,7,11.875,7.375],"texture":"#0"},"west":{"uv":[9,3.25,9.625,3.625],"texture":"#0"},"up":{"uv":[8,11.75,7.5,11.125],"texture":"#0"},"down":{"uv":[8.625,11.125,8.125,11.75],"texture":"#0"}}},{"from":[3.525,9.9307,10.96243],"to":[3.525,15.9307,19.96243],"rotation":{"angle":-22.5,"axis":"x","origin":[8,12.14872,8]},"faces":{"north":{"uv":[2,9.875,2,10.625],"texture":"#0"},"east":{"uv":[2.25,9,1.125,9.75],"texture":"#0"},"south":{"uv":[2.125,9.875,2.125,10.625],"texture":"#0"},"west":{"uv":[1.125,9,2.25,9.75],"texture":"#0"},"up":{"uv":[6.125,12.5,6.125,11.375],"texture":"#0"},"down":{"uv":[3.625,11.5,3.625,12.625],"texture":"#0"}}},{"from":[3.12657,14.37674,7.92986],"to":[9.12657,22.37674,7.92986],"rotation":{"angle":22.5,"axis":"z","origin":[8,12.14872,8]},"faces":{"north":{"uv":[9.25,7.625,10,8.625],"texture":"#0"},"east":{"uv":[4.5,5.625,4.5,6.625],"texture":"#0"},"south":{"uv":[10,7.625,9.25,8.625],"texture":"#0"},"west":{"uv":[4.25,6.875,4.25,7.875],"texture":"#0"},"up":{"uv":[9.375,4.875,8.625,4.875],"texture":"#0"},"down":{"uv":[1.375,11.625,0.625,11.625],"texture":"#0"}}},{"from":[4.12657,14.37674,7.90486],"to":[8.12657,19.37674,8.90486],"rotation":{"angle":22.5,"axis":"z","origin":[8,12.14872,8]},"faces":{"north":{"uv":[1.25,10.875,1.75,11.5],"texture":"#0"},"east":{"uv":[3,4.25,3.125,4.875],"texture":"#0"},"south":{"uv":[1.875,10.875,2.375,11.5],"texture":"#0"},"west":{"uv":[1.375,4.75,1.5,5.375],"texture":"#0"},"up":{"uv":[0.5,11.75,0,11.625],"texture":"#0"},"down":{"uv":[12.125,0,11.625,0.125],"texture":"#0"}}},{"from":[6,6.61171,-1.09514],"to":[10,7.61171,3.90486],"rotation":{"angle":0,"axis":"y","origin":[8,12.14872,8]},"faces":{"north":{"uv":[2.375,7.875,2.875,8],"texture":"#0"},"east":{"uv":[6.25,3.875,6.875,4],"texture":"#0"},"south":{"uv":[11.5,11.375,12,11.5],"texture":"#0"},"west":{"uv":[11.5,6.125,12.125,6.25],"texture":"#0"},"up":{"uv":[0.5,11.5,0,10.875],"texture":"#0"},"down":{"uv":[1.125,10.875,0.625,11.5],"texture":"#0"}}},{"from":[3.5,6.61171,3.90486],"to":[12.5,14.61171,12.90486],"rotation":{"angle":0,"axis":"y","origin":[8,12.14872,8]},"faces":{"north":{"uv":[5.5,7.75,6.625,8.75],"texture":"#0"},"east":{"uv":[6.75,7.75,7.875,8.75],"texture":"#0"},"south":{"uv":[1.125,7.875,2.25,8.875],"texture":"#0"},"west":{"uv":[8,7.75,9.125,8.75],"texture":"#0"},"up":{"uv":[4.125,8,3,6.875],"texture":"#0"},"down":{"uv":[8.375,0.875,7.25,2],"texture":"#0"}}}],"gui_light":"front","display":{"gui":{"rotation":[0,180,0],"translation":[0,-5,0],"scale":[0.9,0.9,0.9]}}}