{"texture_size":[32,32],"textures":{"2":"saigonmc:pets/heads/otter","particle":"saigonmc:pets/heads/otter"},"elements":[{"from":[5,5.89546,6.75],"to":[11,11.89546,12.75],"rotation":{"angle":0,"axis":"y","origin":[8,-3.20454,15.75]},"faces":{"north":{"uv":[0,0,3,3],"texture":"#2"},"east":{"uv":[0,3.5,3,6.5],"texture":"#2"},"south":{"uv":[3.5,0,6.5,3],"texture":"#2"},"west":{"uv":[3.5,3.5,6.5,6.5],"texture":"#2"},"up":{"uv":[3,10,0,7],"texture":"#2"},"down":{"uv":[10,0,7,3],"texture":"#2"}}},{"from":[4.975,8.09546,6.675],"to":[5.975,9.09546,6.675],"rotation":{"angle":0,"axis":"y","origin":[8,-3.20454,15.75]},"faces":{"north":{"uv":[7,10.5,7.5,11],"texture":"#2"},"east":{"uv":[5.5,11.5,5.5,12],"texture":"#2"},"south":{"uv":[10.5,7,11,7.5],"texture":"#2"},"west":{"uv":[11.5,6,11.5,6.5],"texture":"#2"},"up":{"uv":[7.5,11.5,7,11.5],"texture":"#2"},"down":{"uv":[12,7,11.5,7],"texture":"#2"}}},{"from":[5.425,8.52046,6.575],"to":[5.825,8.92046,6.575],"rotation":{"angle":0,"axis":"y","origin":[6.1,8.59546,6.675]},"faces":{"north":{"uv":[8,10.5,8.5,11],"texture":"#2"},"east":{"uv":[11.5,7.5,11.5,8],"texture":"#2"},"south":{"uv":[10.5,8,11,8.5],"texture":"#2"},"west":{"uv":[8,11.5,8,12],"texture":"#2"},"up":{"uv":[9,11.5,8.5,11.5],"texture":"#2"},"down":{"uv":[12,8.5,11.5,8.5],"texture":"#2"}}},{"from":[10.175,8.52046,6.575],"to":[10.575,8.92046,6.575],"rotation":{"angle":0,"axis":"y","origin":[9.9,8.59546,6.675]},"faces":{"north":{"uv":[9,10.5,9.5,11],"texture":"#2"},"east":{"uv":[11.5,9,11.5,9.5],"texture":"#2"},"south":{"uv":[10.5,9,11,9.5],"texture":"#2"},"west":{"uv":[9.5,11.5,9.5,12],"texture":"#2"},"up":{"uv":[10.5,11.5,10,11.5],"texture":"#2"},"down":{"uv":[12.5,6,12,6],"texture":"#2"}}},{"from":[10.025,8.09546,6.675],"to":[11.025,9.09546,6.675],"rotation":{"angle":0,"axis":"y","origin":[8,-3.20454,15.75]},"faces":{"north":{"uv":[10,10.5,10.5,11],"texture":"#2"},"east":{"uv":[7,12,7,12.5],"texture":"#2"},"south":{"uv":[11,10,11.5,10.5],"texture":"#2"},"west":{"uv":[7.5,12,7.5,12.5],"texture":"#2"},"up":{"uv":[12.5,6.5,12,6.5],"texture":"#2"},"down":{"uv":[12.5,7.5,12,7.5],"texture":"#2"}}},{"from":[11.025,8.09546,6.675],"to":[11.025,9.09546,7.175],"rotation":{"angle":0,"axis":"y","origin":[11,8.59546,7.175]},"faces":{"north":{"uv":[8.5,12,8.5,12.5],"texture":"#2"},"east":{"uv":[11,11,11.5,11.5],"texture":"#2"},"south":{"uv":[9,12,9,12.5],"texture":"#2"},"west":{"uv":[3.5,11.5,4,12],"texture":"#2"},"up":{"uv":[12,9.5,12,9],"texture":"#2"},"down":{"uv":[10,12,10,12.5],"texture":"#2"}}},{"from":[4.975,8.09546,6.675],"to":[4.975,9.09546,7.175],"rotation":{"angle":0,"axis":"y","origin":[5,8.59546,7.175]},"faces":{"north":{"uv":[12,10,12,10.5],"texture":"#2"},"east":{"uv":[4.5,11.5,5,12],"texture":"#2"},"south":{"uv":[10.5,12,10.5,12.5],"texture":"#2"},"west":{"uv":[11.5,5,12,5.5],"texture":"#2"},"up":{"uv":[11,12.5,11,12],"texture":"#2"},"down":{"uv":[12,11,12,11.5],"texture":"#2"}}},{"from":[-0.65767,4.06627,7.75],"to":[5.34233,10.06627,7.75],"rotation":{"angle":22.5,"axis":"z","origin":[2.24233,7.06627,7.75]},"faces":{"north":{"uv":[3.5,7,6.5,10],"texture":"#2"},"east":{"uv":[11.5,12,11.5,15],"texture":"#2"},"south":{"uv":[7,3.5,10,6.5],"texture":"#2"},"west":{"uv":[12,12,12,15],"texture":"#2"},"up":{"uv":[15,8,12,8],"texture":"#2"},"down":{"uv":[6.5,12.5,3.5,12.5],"texture":"#2"}}},{"from":[10.65767,4.06627,7.75],"to":[16.65767,10.06627,7.75],"rotation":{"angle":-22.5,"axis":"z","origin":[13.75767,7.06627,7.75]},"faces":{"north":{"uv":[7,7,10,10],"texture":"#2"},"east":{"uv":[8,12.5,8,15.5],"texture":"#2"},"south":{"uv":[0,10.5,3,13.5],"texture":"#2"},"west":{"uv":[12.5,8.5,12.5,11.5],"texture":"#2"},"up":{"uv":[15.5,5,12.5,5],"texture":"#2"},"down":{"uv":[15.5,5.5,12.5,5.5],"texture":"#2"}}},{"from":[6,5.89546,5.75],"to":[10,8.89546,6.75],"rotation":{"angle":0,"axis":"y","origin":[8,7.39546,6.25]},"faces":{"north":{"uv":[10.5,0,12.5,1.5],"texture":"#2"},"east":{"uv":[10.5,5,11,6.5],"texture":"#2"},"south":{"uv":[10.5,2,12.5,3.5],"texture":"#2"},"west":{"uv":[6,10.5,6.5,12],"texture":"#2"},"up":{"uv":[5.5,11,3.5,10.5],"texture":"#2"},"down":{"uv":[12.5,4,10.5,4.5],"texture":"#2"}}}],"gui_light":"front","display":{"gui":{"rotation":[180,0,180],"translation":[0,-1.5,0],"scale":[1.7,1.7,1.7]},"head":{"translation":[0,-1,-4.5],"scale":[2.5,2.5,2.5]},"fixed":{"translation":[0,-0.25,-1.75],"scale":[2,2,2]}}}