{"textures":{"2":"saigonmc:pets/heads/panda","particle":"saigonmc:pets/heads/panda"},"elements":[{"from":[0.51956,2.5293,6.4375],"to":[15.51956,16.0293,18.4375],"rotation":{"angle":0,"axis":"y","origin":[8,8,7]},"faces":{"north":{"uv":[4.8125,0,5.75,0.875],"texture":"#2"},"east":{"uv":[3.4375,5.375,4.1875,6.25],"texture":"#2"},"south":{"uv":[2.4375,5.25,3.375,6.125],"texture":"#2"},"west":{"uv":[4.25,5.375,5,6.25],"texture":"#2"},"up":{"uv":[6.125,6,5.1875,5.25],"texture":"#2"},"down":{"uv":[1.9375,5.3125,1,6.0625],"texture":"#2"}}},{"from":[2.76956,2.5293,1.9375],"to":[13.26956,10.0293,6.4375],"rotation":{"angle":0,"axis":"y","origin":[8,8,7]},"faces":{"north":{"uv":[6.625,2.0625,7.3125,2.5625],"texture":"#2"},"east":{"uv":[2,5.3125,2.3125,5.8125],"texture":"#2"},"south":{"uv":[4.8125,6.875,5.5,7.375],"texture":"#2"},"west":{"uv":[0,8.625,0.3125,9.125],"texture":"#2"},"up":{"uv":[6.125,4.125,5.4375,3.8125],"texture":"#2"},"down":{"uv":[6.3125,2.8125,5.625,3.125],"texture":"#2"}}},{"from":[3.72642,16.49843,10.9375],"to":[8.22642,20.99843,12.4375],"rotation":{"angle":22.5,"axis":"z","origin":[8,8,7]},"faces":{"north":{"uv":[5.75,7.625,6.0625,7.9375],"texture":"#2"},"east":{"uv":[5.4375,1.5625,5.5625,1.875],"texture":"#2"},"south":{"uv":[4.1875,9,4.5,9.3125],"texture":"#2"},"west":{"uv":[6.4375,9.125,6.5625,9.4375],"texture":"#2"},"up":{"uv":[2.3125,6,2,5.875],"texture":"#2"},"down":{"uv":[6.75,3.625,6.4375,3.75],"texture":"#2"}}},{"from":[6.51956,10.4043,1.5625],"to":[9.51956,10.4043,4.5625],"rotation":{"angle":0,"axis":"y","origin":[8,8,7]},"faces":{"north":{"uv":[3.4375,5.3125,3.625,5.3125],"texture":"#2"},"east":{"uv":[3.6875,5.3125,3.875,5.3125],"texture":"#2"},"south":{"uv":[5.8125,0.8125,6,0.8125],"texture":"#2"},"west":{"uv":[5.8125,0.875,6,0.875],"texture":"#2"},"up":{"uv":[5,6.8125,4.8125,6.625],"texture":"#2"},"down":{"uv":[5,6.625,4.8125,6.8125],"texture":"#2"}}},{"from":[6.51956,7.4043,1.5625],"to":[9.51956,10.4043,1.5625],"rotation":{"angle":0,"axis":"y","origin":[8,8,7]},"faces":{"north":{"uv":[6.75,7.8125,6.9375,8],"texture":"#2"},"east":{"uv":[4,4.25,4,4.4375],"texture":"#2"},"south":{"uv":[6.9375,7.8125,6.75,8],"texture":"#2"},"west":{"uv":[2.625,4.3125,2.625,4.5],"texture":"#2"},"up":{"uv":[6.25,0.8125,6.0625,0.8125],"texture":"#2"},"down":{"uv":[6.25,0.875,6.0625,0.875],"texture":"#2"}}},{"from":[-5.06904,-0.2207,7.03527],"to":[4.93096,11.2793,7.03527],"rotation":{"angle":22.5,"axis":"y","origin":[8,8,7]},"faces":{"north":{"uv":[0,5.8125,0.625,6.5625],"texture":"#2"},"east":{"uv":[6.6875,9.125,6.6875,9.875],"texture":"#2"},"south":{"uv":[5.8125,0,6.4375,0.75],"texture":"#2"},"west":{"uv":[4.0625,9.1875,4.0625,9.9375],"texture":"#2"},"up":{"uv":[2.25,9.25,1.625,9.25],"texture":"#2"},"down":{"uv":[9.875,1.6875,9.25,1.6875],"texture":"#2"}}},{"from":[11.10518,-0.2207,7.0203],"to":[21.10518,11.2793,7.0203],"rotation":{"angle":-22.5,"axis":"y","origin":[8,8,7]},"faces":{"north":{"uv":[5.0625,6.0625,5.6875,6.8125],"texture":"#2"},"east":{"uv":[4.125,9.1875,4.125,9.9375],"texture":"#2"},"south":{"uv":[5.75,6.0625,6.375,6.8125],"texture":"#2"},"west":{"uv":[2.3125,9.25,2.3125,10],"texture":"#2"},"up":{"uv":[9.875,1.75,9.25,1.75],"texture":"#2"},"down":{"uv":[9.875,1.8125,9.25,1.8125],"texture":"#2"}}},{"from":[7.80972,16.5134,10.9375],"to":[12.30972,21.0134,12.4375],"rotation":{"angle":-22.5,"axis":"z","origin":[8,8,7]},"faces":{"north":{"uv":[6.75,9,7.0625,9.3125],"texture":"#2"},"east":{"uv":[0,9.1875,0.125,9.5],"texture":"#2"},"south":{"uv":[1.0625,9.125,1.375,9.4375],"texture":"#2"},"west":{"uv":[0.1875,9.1875,0.3125,9.5],"texture":"#2"},"up":{"uv":[6.9375,2.75,6.625,2.625],"texture":"#2"},"down":{"uv":[2.1875,6.75,1.875,6.875],"texture":"#2"}}},{"from":[-0.98044,0.85791,5.44027],"to":[17.01956,2.85791,7.44027],"rotation":{"angle":22.5,"axis":"x","origin":[8,8,7]},"faces":{"north":{"uv":[10,8.625,8.875,8.5],"rotation":180,"texture":"#2"},"east":{"uv":[1.125,4.125,1.25,4.25],"rotation":90,"texture":"#2"},"south":{"uv":[2.625,9.0625,1.5,9.1875],"texture":"#2"},"west":{"uv":[5.4375,1.9375,5.5625,2.0625],"rotation":270,"texture":"#2"},"up":{"uv":[8.875,8.3125,10,8.4375],"texture":"#2"},"down":{"uv":[8.875,1,10,1.125],"rotation":180,"texture":"#2"}}},{"from":[-4.98044,-5.14209,6.44027],"to":[6.01956,0.85791,6.44027],"rotation":{"angle":22.5,"axis":"x","origin":[8,8,7]},"faces":{"north":{"uv":[8.3125,1.125,7.625,0.75],"rotation":180,"texture":"#2"},"east":{"uv":[2.9375,6.1875,3.3125,6.1875],"rotation":90,"texture":"#2"},"south":{"uv":[8.3125,0.75,7.625,1.125],"texture":"#2"},"west":{"uv":[2.9375,6.25,3.3125,6.25],"rotation":270,"texture":"#2"},"up":{"uv":[2.5,9.25,3.1875,9.25],"texture":"#2"},"down":{"uv":[9.25,1.875,9.9375,1.875],"rotation":180,"texture":"#2"}}},{"from":[9.01956,6.27556,-3.72631],"to":[21.01956,6.27556,5.27369],"rotation":{"angle":-45,"axis":"x","origin":[8,8,7]},"faces":{"north":{"uv":[3.25,3.1875,4,3.1875],"texture":"#2"},"east":{"uv":[4.8125,0.9375,5.375,0.9375],"texture":"#2"},"south":{"uv":[9.1875,7.9375,9.9375,7.9375],"texture":"#2"},"west":{"uv":[3.4375,5.25,4,5.25],"texture":"#2"},"up":{"uv":[1.4375,6.6875,0.6875,6.125],"texture":"#2"},"down":{"uv":[1.4375,6.125,0.6875,6.6875],"texture":"#2"}}}],"gui_light":"front","display":{"gui":{"rotation":[0,180,0],"translation":[0,-1,0],"scale":[0.6,0.6,0.6]}}}