{"textures":{"0":"saigonmc:pets/heads/phantom_ghost","particle":"saigonmc:pets/heads/phantom_ghost"},"elements":[{"from":[8,13.25,4.75],"to":[8,15.25,10.75],"rotation":{"angle":0,"axis":"y","origin":[8,12,8]},"faces":{"north":{"uv":[6.375,0.875,6.375,1],"texture":"#0"},"east":{"uv":[4.4375,8.0625,4.0625,8.1875],"texture":"#0"},"south":{"uv":[5.375,6.625,5.375,6.75],"texture":"#0"},"west":{"uv":[4.0625,8.0625,4.4375,8.1875],"texture":"#0"},"up":{"uv":[4.8125,8.6875,4.8125,8.3125],"texture":"#0"},"down":{"uv":[4.875,8.3125,4.875,8.6875],"texture":"#0"}}},{"from":[6.5,12.25,4.75],"to":[9.5,13.25,10.75],"rotation":{"angle":0,"axis":"y","origin":[8,12,8]},"faces":{"north":{"uv":[5.4375,6.0625,5.625,6.125],"texture":"#0"},"east":{"uv":[7.5625,6.0625,7.9375,6.125],"texture":"#0"},"south":{"uv":[6.125,8,6.3125,8.0625],"texture":"#0"},"west":{"uv":[8.1875,1.8125,8.5625,1.875],"texture":"#0"},"up":{"uv":[5.4375,4.125,5.25,3.75],"texture":"#0"},"down":{"uv":[5.4375,4.1875,5.25,4.5625],"texture":"#0"}}},{"from":[0.5,7.25,1.75],"to":[15.5,12.25,14.75],"rotation":{"angle":0,"axis":"y","origin":[8,12,8]},"faces":{"north":{"uv":[0,6.8125,0.9375,7.125],"texture":"#0"},"east":{"uv":[7.0625,6.5625,7.875,6.875],"texture":"#0"},"south":{"uv":[6.8125,3.75,7.75,4.0625],"texture":"#0"},"west":{"uv":[7.0625,6.9375,7.875,7.25],"texture":"#0"},"up":{"uv":[2.0625,6.8125,1.125,6],"texture":"#0"},"down":{"uv":[7.0625,0,6.125,0.8125],"texture":"#0"}}}],"gui_light":"front","display":{"gui":{"rotation":[0,180,0],"translation":[0,-1.5,0],"scale":[0.9,0.9,0.9]}}}