{"texture_size":[32,32],"textures":{"1":"saigonmc:pets/heads/phoenix_baby","particle":"saigonmc:pets/heads/phoenix_baby"},"elements":[{"name":"flat","from":[8,4.09614,5.74654],"to":[8,10.09614,14.74654],"rotation":{"angle":0,"axis":"y","origin":[8,6.59614,8.24654]},"faces":{"north":{"uv":[9,11,9,14],"texture":"#1"},"east":{"uv":[0,0,4.5,3],"texture":"#1"},"south":{"uv":[9.5,11,9.5,14],"texture":"#1"},"west":{"uv":[0,3.5,4.5,6.5],"texture":"#1"},"up":{"uv":[10,15.5,10,11],"texture":"#1"},"down":{"uv":[10.5,11,10.5,15.5],"texture":"#1"}}},{"from":[7.5,4.09614,3.74654],"to":[8.5,5.09614,7.74654],"rotation":{"angle":-22.5,"axis":"x","origin":[8,4.59614,5.24654]},"faces":{"north":{"uv":[7,11,7.5,11.5],"texture":"#1"},"east":{"uv":[11,2,13,2.5],"texture":"#1"},"south":{"uv":[8,11,8.5,11.5],"texture":"#1"},"west":{"uv":[11,3,13,3.5],"texture":"#1"},"up":{"uv":[2.5,12,2,10],"texture":"#1"},"down":{"uv":[11.5,4,11,6],"texture":"#1"}}},{"from":[6.5,4.59614,4.74654],"to":[9.5,4.59614,7.74654],"rotation":{"angle":-22.5,"axis":"x","origin":[8,4.59614,5.24654]},"faces":{"north":{"uv":[11,8.5,12.5,8.5],"texture":"#1"},"east":{"uv":[11,11,12.5,11],"texture":"#1"},"south":{"uv":[11.5,9,13,9],"texture":"#1"},"west":{"uv":[11.5,9.5,13,9.5],"texture":"#1"},"up":{"uv":[4.5,8.5,3,7],"texture":"#1"},"down":{"uv":[7.5,9,6,10.5],"texture":"#1"}}},{"name":"flat","from":[7.5,5.86255,4.59953],"to":[8.5,8.86255,4.59953],"rotation":{"angle":-22.5,"axis":"x","origin":[8,8.36255,7.09953]},"faces":{"north":{"uv":[6,11,6.5,12.5],"texture":"#1"},"east":{"uv":[11,11.5,11,13],"texture":"#1"},"south":{"uv":[11,6.5,11.5,8],"texture":"#1"},"west":{"uv":[11.5,11.5,11.5,13],"texture":"#1"},"up":{"uv":[12,10,11.5,10],"texture":"#1"},"down":{"uv":[12,10.5,11.5,10.5],"texture":"#1"}}},{"name":"flat","from":[7,6.72077,5.36489],"to":[9,9.72077,5.36489],"rotation":{"angle":22.5,"axis":"x","origin":[8,9.22077,7.86489]},"faces":{"north":{"uv":[10,9,11,10.5],"texture":"#1"},"east":{"uv":[0,12,0,13.5],"texture":"#1"},"south":{"uv":[11,0,12,1.5],"texture":"#1"},"west":{"uv":[0.5,12,0.5,13.5],"texture":"#1"},"up":{"uv":[4,12,3,12],"texture":"#1"},"down":{"uv":[13,4,12,4],"texture":"#1"}}},{"name":"flat","from":[6.5,11.63326,5.74796],"to":[9.5,11.63326,8.74796],"rotation":{"angle":-22.5,"axis":"x","origin":[8,11.13326,8.24796]},"faces":{"north":{"uv":[12,4.5,13.5,4.5],"texture":"#1"},"east":{"uv":[12,5,13.5,5],"texture":"#1"},"south":{"uv":[12,5.5,13.5,5.5],"texture":"#1"},"west":{"uv":[12,6,13.5,6],"texture":"#1"},"up":{"uv":[9.5,10.5,8,9],"texture":"#1"},"down":{"uv":[1.5,10,0,11.5],"texture":"#1"}}},{"name":"flat","from":[5.5,10.8679,8.13615],"to":[10.5,10.8679,13.13615],"rotation":{"angle":22.5,"axis":"x","origin":[8,10.3679,10.63615]},"faces":{"north":{"uv":[12,6.5,14.5,6.5],"texture":"#1"},"east":{"uv":[12,7,14.5,7],"texture":"#1"},"south":{"uv":[12,7.5,14.5,7.5],"texture":"#1"},"west":{"uv":[12,8,14.5,8],"texture":"#1"},"up":{"uv":[7.5,2.5,5,0],"texture":"#1"},"down":{"uv":[7.5,3,5,5.5],"texture":"#1"}}},{"from":[5.5,4.09614,5.74654],"to":[10.5,9.09614,10.74654],"rotation":{"angle":0,"axis":"y","origin":[8,6.59614,8.24654]},"faces":{"north":{"uv":[5,6,7.5,8.5],"texture":"#1"},"east":{"uv":[0,7,2.5,9.5],"texture":"#1"},"south":{"uv":[8,0,10.5,2.5],"texture":"#1"},"west":{"uv":[8,3,10.5,5.5],"texture":"#1"},"up":{"uv":[10.5,8.5,8,6],"texture":"#1"},"down":{"uv":[5.5,9,3,11.5],"texture":"#1"}}}],"gui_light":"front","display":{"gui":{"rotation":[180,90,180],"translation":[-1.75,1.25,0],"scale":[1.25,1.25,1.25]}}}