{"textures":{"1":"saigonmc:pets/heads/sabertooth_arctic","particle":"saigonmc:pets/heads/sabertooth_arctic"},"elements":[{"from":[2,3.96172,4.63128],"to":[14,14.96172,14.63128],"rotation":{"angle":0,"axis":"y","origin":[8,8,8]},"faces":{"north":{"uv":[0.75,3.875,1.5,4.5625],"texture":"#1"},"east":{"uv":[4.625,1.5,5.25,2.1875],"texture":"#1"},"south":{"uv":[3.8125,4,4.5625,4.6875],"texture":"#1"},"west":{"uv":[4.625,2.25,5.25,2.9375],"texture":"#1"},"up":{"uv":[3.375,4.75,2.625,4.125],"texture":"#1"},"down":{"uv":[2.3125,4.375,1.5625,5],"texture":"#1"}}},{"from":[5.5,3.96172,-1.36872],"to":[10.5,5.96172,4.63128],"rotation":{"angle":0,"axis":"y","origin":[8,8,8]},"faces":{"north":{"uv":[8,1.5625,8.3125,1.6875],"texture":"#1"},"east":{"uv":[6.625,2.25,7,2.375],"texture":"#1"},"south":{"uv":[0.75,8.75,1.0625,8.875],"texture":"#1"},"west":{"uv":[7.625,7.375,8,7.5],"texture":"#1"},"up":{"uv":[1.5,5.6875,1.1875,5.3125],"texture":"#1"},"down":{"uv":[0.3125,7.625,0,8],"texture":"#1"}}},{"from":[5.5,10.47843,-0.4692],"to":[10.5,14.47843,7.5308],"rotation":{"angle":-22.5,"axis":"x","origin":[8,8,8]},"faces":{"north":{"uv":[8,1.25,8.3125,1.5],"texture":"#1"},"east":{"uv":[4.75,7.5,5.25,7.75],"texture":"#1"},"south":{"uv":[2.25,8,2.5625,8.25],"texture":"#1"},"west":{"uv":[3.8125,7.625,4.3125,7.875],"texture":"#1"},"up":{"uv":[3.75,4.625,3.4375,4.125],"texture":"#1"},"down":{"uv":[3.3125,4.8125,3,5.3125],"texture":"#1"}}},{"from":[4.5,5.96172,-1.36872],"to":[11.5,9.96172,4.63128],"rotation":{"angle":0,"axis":"y","origin":[8,8,8]},"faces":{"north":{"uv":[7.6875,5,8.125,5.25],"texture":"#1"},"east":{"uv":[7.9375,2.625,8.3125,2.875],"texture":"#1"},"south":{"uv":[3.3125,7.8125,3.75,8.0625],"texture":"#1"},"west":{"uv":[3.8125,7.9375,4.1875,8.1875],"texture":"#1"},"up":{"uv":[7.8125,3.3125,7.375,2.9375],"texture":"#1"},"down":{"uv":[7.8125,5.375,7.375,5.75],"texture":"#1"}}},{"from":[-2.78733,4.10746,4.65628],"to":[7.21267,15.10746,4.65628],"rotation":{"angle":22.5,"axis":"z","origin":[8,8,8]},"faces":{"north":{"uv":[4.625,3.8125,5.25,4.5],"texture":"#1"},"east":{"uv":[2.875,8.6875,2.875,9.375],"texture":"#1"},"south":{"uv":[5.25,3.8125,4.625,4.5],"texture":"#1"},"west":{"uv":[1.875,8.75,1.875,9.4375],"texture":"#1"},"up":{"uv":[6.6875,8.75,6.0625,8.75],"texture":"#1"},"down":{"uv":[9.4375,4.8125,8.8125,4.8125],"texture":"#1"}}},{"from":[2.92429,13.56375,11.60628],"to":[9.92429,22.56375,11.60628],"rotation":{"angle":22.5,"axis":"z","origin":[8,8,8]},"faces":{"north":{"uv":[4,6.25,4.4375,6.8125],"texture":"#1"},"east":{"uv":[3.5,8.75,3.5,9.3125],"texture":"#1"},"south":{"uv":[4.4375,6.25,4,6.8125],"texture":"#1"},"west":{"uv":[4.8125,8.75,4.8125,9.3125],"texture":"#1"},"up":{"uv":[6.3125,5.25,5.875,5.25],"texture":"#1"},"down":{"uv":[8.0625,7.5625,7.625,7.5625],"texture":"#1"}}},{"from":[4.5,2.96172,0.63128],"to":[4.5,5.96172,4.63128],"rotation":{"angle":0,"axis":"y","origin":[8,8,8]},"faces":{"north":{"uv":[3.75,1.5,3.75,1.6875],"texture":"#1"},"east":{"uv":[8.9375,8.625,8.6875,8.8125],"texture":"#1"},"south":{"uv":[3.375,4.8125,3.375,5],"texture":"#1"},"west":{"uv":[8.6875,8.625,8.9375,8.8125],"texture":"#1"},"up":{"uv":[3.375,5.3125,3.375,5.0625],"texture":"#1"},"down":{"uv":[2.125,5.75,2.125,6],"texture":"#1"}}},{"from":[4.5,0.96172,-0.86872],"to":[6.5,5.96172,1.13128],"rotation":{"angle":0,"axis":"y","origin":[8,8,8]},"faces":{"north":{"uv":[2.625,3.625,2.75,3.9375],"texture":"#1"},"east":{"uv":[2.375,4.375,2.5,4.6875],"texture":"#1"},"south":{"uv":[2.1875,5.0625,2.3125,5.375],"texture":"#1"},"west":{"uv":[1.9375,5.75,2.0625,6.0625],"texture":"#1"},"up":{"uv":[5.125,6.6875,5,6.5625],"texture":"#1"},"down":{"uv":[1.5,7,1.375,7.125],"texture":"#1"}}},{"from":[4.5,0.89139,-2.88706],"to":[5.5,4.89139,-1.88706],"rotation":{"angle":-22.5,"axis":"x","origin":[8,8,8]},"faces":{"north":{"uv":[0.375,6.875,0.4375,7.125],"texture":"#1"},"east":{"uv":[3.8125,7.3125,3.875,7.5625],"texture":"#1"},"south":{"uv":[2.25,7.6875,2.3125,7.9375],"texture":"#1"},"west":{"uv":[4.6875,8.75,4.75,9],"texture":"#1"},"up":{"uv":[2.6875,4.0625,2.625,4],"texture":"#1"},"down":{"uv":[0.5625,5.9375,0.5,6],"texture":"#1"}}},{"from":[10.5,0.89139,-2.88706],"to":[11.5,4.89139,-1.88706],"rotation":{"angle":-22.5,"axis":"x","origin":[8,8,8]},"faces":{"north":{"uv":[5.1875,8.75,5.25,9],"texture":"#1"},"east":{"uv":[5.3125,8.75,5.375,9],"texture":"#1"},"south":{"uv":[5.8125,8.75,5.875,9],"texture":"#1"},"west":{"uv":[5.9375,8.75,6,9],"texture":"#1"},"up":{"uv":[2,6.1875,1.9375,6.125],"texture":"#1"},"down":{"uv":[2.125,6.125,2.0625,6.1875],"texture":"#1"}}},{"from":[9.5,0.96172,-0.86872],"to":[11.5,5.96172,1.13128],"rotation":{"angle":0,"axis":"y","origin":[8,8,8]},"faces":{"north":{"uv":[2.5,6.25,2.625,6.5625],"texture":"#1"},"east":{"uv":[1,6.5625,1.125,6.875],"texture":"#1"},"south":{"uv":[3.8125,6.9375,3.9375,7.25],"texture":"#1"},"west":{"uv":[4.75,7.125,4.875,7.4375],"texture":"#1"},"up":{"uv":[5.8125,7.8125,5.6875,7.6875],"texture":"#1"},"down":{"uv":[2.125,8.125,2,8.25],"texture":"#1"}}},{"from":[-9.80299,-0.03828,8.32506],"to":[4.19701,14.96172,8.32506],"rotation":{"angle":45,"axis":"y","origin":[8,8,8]},"faces":{"north":{"uv":[0,0,0.875,0.9375],"texture":"#1"},"east":{"uv":[5,8.8125,5,9.75],"texture":"#1"},"south":{"uv":[0.875,0,0,0.9375],"texture":"#1"},"west":{"uv":[5.0625,8.8125,5.0625,9.75],"texture":"#1"},"up":{"uv":[9.6875,6.8125,8.8125,6.8125],"texture":"#1"},"down":{"uv":[9.6875,6.875,8.8125,6.875],"texture":"#1"}}},{"from":[-0.4,8.91172,4.50628],"to":[7.575,13.61172,4.50628],"rotation":{"angle":0,"axis":"y","origin":[8,8,8]},"faces":{"north":{"uv":[7.9375,2,8.3125,2.25],"texture":"#1"},"east":{"uv":[1.5625,3.875,1.5625,4.125],"texture":"#1"},"south":{"uv":[8.3125,2,7.9375,2.25],"texture":"#1"},"west":{"uv":[2.5625,4.375,2.5625,4.625],"texture":"#1"},"up":{"uv":[3.375,5.375,3,5.375],"texture":"#1"},"down":{"uv":[5.75,3.75,5.375,3.75],"texture":"#1"}}},{"from":[-0.3813,10.24621,4.25628],"to":[4.6187,12.24621,8.25628],"rotation":{"angle":-22.5,"axis":"z","origin":[8,8,8]},"faces":{"north":{"uv":[1.125,8.75,1.4375,8.875],"texture":"#1"},"east":{"uv":[7.0625,2.9375,7.3125,3.0625],"texture":"#1"},"south":{"uv":[1.5,8.75,1.8125,8.875],"texture":"#1"},"west":{"uv":[7.125,2.0625,7.375,2.1875],"texture":"#1"},"up":{"uv":[3.25,8.25,2.9375,8],"texture":"#1"},"down":{"uv":[0.3125,8.0625,0,8.3125],"texture":"#1"}}},{"from":[8.78733,4.10746,4.65628],"to":[18.78733,15.10746,4.65628],"rotation":{"angle":-22.5,"axis":"z","origin":[8,8,8]},"faces":{"north":{"uv":[5.25,3.8125,4.625,4.5],"texture":"#1"},"east":{"uv":[1.875,8.75,1.875,9.4375],"texture":"#1"},"south":{"uv":[4.625,3.8125,5.25,4.5],"texture":"#1"},"west":{"uv":[2.875,8.6875,2.875,9.375],"texture":"#1"},"up":{"uv":[6.0625,8.75,6.6875,8.75],"texture":"#1"},"down":{"uv":[8.8125,4.8125,9.4375,4.8125],"texture":"#1"}}},{"from":[11.80299,-0.03828,8.32506],"to":[25.80299,14.96172,8.32506],"rotation":{"angle":-45,"axis":"y","origin":[8,8,8]},"faces":{"north":{"uv":[0.875,0,0,0.9375],"texture":"#1"},"east":{"uv":[5.0625,8.8125,5.0625,9.75],"texture":"#1"},"south":{"uv":[0,0,0.875,0.9375],"texture":"#1"},"west":{"uv":[5,8.8125,5,9.75],"texture":"#1"},"up":{"uv":[8.8125,6.8125,9.6875,6.8125],"texture":"#1"},"down":{"uv":[8.8125,6.875,9.6875,6.875],"texture":"#1"}}},{"from":[11.5,2.96172,0.63128],"to":[11.5,5.96172,4.63128],"rotation":{"angle":0,"axis":"y","origin":[8,8,8]},"faces":{"north":{"uv":[3.75,1.5,3.75,1.6875],"texture":"#1"},"east":{"uv":[8.9375,8.625,8.6875,8.8125],"texture":"#1"},"south":{"uv":[3.375,4.8125,3.375,5],"texture":"#1"},"west":{"uv":[8.6875,8.625,8.9375,8.8125],"texture":"#1"},"up":{"uv":[3.375,5.3125,3.375,5.0625],"texture":"#1"},"down":{"uv":[2.125,5.75,2.125,6],"texture":"#1"}}},{"from":[11.3813,10.24621,4.25628],"to":[16.3813,12.24621,8.25628],"rotation":{"angle":22.5,"axis":"z","origin":[8,8,8]},"faces":{"north":{"uv":[1.4375,8.75,1.125,8.875],"texture":"#1"},"east":{"uv":[7.375,2.0625,7.125,2.1875],"texture":"#1"},"south":{"uv":[1.8125,8.75,1.5,8.875],"texture":"#1"},"west":{"uv":[7.3125,2.9375,7.0625,3.0625],"texture":"#1"},"up":{"uv":[2.9375,8.25,3.25,8],"texture":"#1"},"down":{"uv":[0,8.0625,0.3125,8.3125],"texture":"#1"}}},{"from":[8.425,8.91172,4.50628],"to":[16.4,13.61172,4.50628],"rotation":{"angle":0,"axis":"y","origin":[8,8,8]},"faces":{"north":{"uv":[8.3125,2,7.9375,2.25],"texture":"#1"},"east":{"uv":[2.5625,4.375,2.5625,4.625],"texture":"#1"},"south":{"uv":[7.9375,2,8.3125,2.25],"texture":"#1"},"west":{"uv":[1.5625,3.875,1.5625,4.125],"texture":"#1"},"up":{"uv":[3,5.375,3.375,5.375],"texture":"#1"},"down":{"uv":[5.375,3.75,5.75,3.75],"texture":"#1"}}},{"from":[6.07571,13.56375,11.60628],"to":[13.07571,22.56375,11.60628],"rotation":{"angle":-22.5,"axis":"z","origin":[8,8,8]},"faces":{"north":{"uv":[4.4375,6.25,4,6.8125],"texture":"#1"},"east":{"uv":[4.8125,8.75,4.8125,9.3125],"texture":"#1"},"south":{"uv":[4,6.25,4.4375,6.8125],"texture":"#1"},"west":{"uv":[3.5,8.75,3.5,9.3125],"texture":"#1"},"up":{"uv":[5.875,5.25,6.3125,5.25],"texture":"#1"},"down":{"uv":[7.625,7.5625,8.0625,7.5625],"texture":"#1"}}}],"gui_light":"front","display":{"gui":{"rotation":[0,-180,0],"translation":[0,-0.75,0],"scale":[0.6,0.6,0.6]}}}