{"textures":{"0":"saigonmc:pets/heads/stag_heavenly","particle":"saigonmc:pets/heads/stag_heavenly"},"elements":[{"from":[3.975,3.3667,-2.6364],"to":[12.025,11.3667,8.3636],"rotation":{"angle":0,"axis":"y","origin":[8,15,11]},"faces":{"north":{"uv":[3.75,4.3125,4.25,4.8125],"texture":"#0"},"east":{"uv":[4.1875,1.375,3.5,1.875],"texture":"#0"},"south":{"uv":[4.3125,4.3125,4.8125,4.8125],"texture":"#0"},"west":{"uv":[3.5,1.375,4.1875,1.875],"texture":"#0"},"up":{"uv":[1.875,4.0625,1.375,3.375],"texture":"#0"},"down":{"uv":[2.4375,3.5625,1.9375,4.25],"texture":"#0"}}},{"from":[5,9.06142,-9.43819],"to":[11,14.06142,-0.43819],"rotation":{"angle":-22.5,"axis":"x","origin":[8,15,11]},"faces":{"north":{"uv":[5.625,0.3125,6,0.625],"texture":"#0"},"east":{"uv":[5.25,5,4.6875,5.3125],"texture":"#0"},"south":{"uv":[5.625,0.75,6,1.125],"texture":"#0"},"west":{"uv":[4.6875,5,5.25,5.3125],"texture":"#0"},"up":{"uv":[0.375,5.625,0,5.0625],"texture":"#0"},"down":{"uv":[5.5,2.75,5.125,3.3125],"texture":"#0"}}},{"from":[3.75,12.09839,3.09178],"to":[3.75,17.09839,14.09178],"rotation":{"angle":-45,"axis":"x","origin":[8,15,11]},"faces":{"north":{"uv":[2,2.5,2,2.8125],"texture":"#0"},"east":{"uv":[3.875,4.875,3.1875,5.1875],"texture":"#0"},"south":{"uv":[3.3125,2.5625,3.3125,2.875],"texture":"#0"},"west":{"uv":[3.1875,4.875,3.875,5.1875],"texture":"#0"},"up":{"uv":[2.4375,8.1875,2.4375,7.5],"texture":"#0"},"down":{"uv":[6.8125,7.5,6.8125,8.1875],"texture":"#0"}}},{"from":[4,7.41647,2.80456],"to":[7,14.41647,6.80456],"rotation":{"angle":22.5,"axis":"x","origin":[8,15,11]},"faces":{"north":{"uv":[4.375,6.75,4.5625,7.1875],"texture":"#0"},"east":{"uv":[2.6875,6.375,2.9375,6.8125],"texture":"#0"},"south":{"uv":[4.375,6.75,4.5625,7.1875],"texture":"#0"},"west":{"uv":[2.6875,6.375,2.9375,6.8125],"texture":"#0"},"up":{"uv":[3.125,5.625,2.9375,5.375],"texture":"#0"},"down":{"uv":[2.9375,5.625,3.125,5.375],"texture":"#0"}}},{"from":[0.40974,13.59715,8.31659],"to":[4.40974,17.59715,16.31659],"rotation":{"angle":-45,"axis":"y","origin":[8,15,11]},"faces":{"north":{"uv":[4.75,2.75,5,3],"texture":"#0"},"east":{"uv":[2.9375,6,3.4375,5.75],"texture":"#0"},"south":{"uv":[4.75,2.75,5,3],"texture":"#0"},"west":{"uv":[2.9375,5.75,3.4375,6],"texture":"#0"},"up":{"uv":[1.125,6.25,0.875,5.75],"texture":"#0"},"down":{"uv":[0.875,6.25,1.125,5.75],"texture":"#0"}}},{"from":[-2.10152,7.97585,12.28555],"to":[1.89848,11.97585,20.28555],"rotation":{"angle":-22.5,"axis":"x","origin":[8,15,11]},"faces":{"north":{"uv":[2,7,2.25,7.25],"texture":"#0"},"east":{"uv":[5.75,5.1875,6.25,4.9375],"texture":"#0"},"south":{"uv":[2,7,2.25,7.25],"texture":"#0"},"west":{"uv":[5.75,4.9375,6.25,5.1875],"texture":"#0"},"up":{"uv":[2.3125,6.4375,2.0625,5.9375],"texture":"#0"},"down":{"uv":[2.0625,6.4375,2.3125,5.9375],"texture":"#0"}}},{"from":[-1.2288,16.32199,18.76781],"to":[1.7712,24.32199,22.76781],"rotation":{"angle":22.5,"axis":"z","origin":[8,15,11]},"faces":{"north":{"uv":[5.75,6.6875,5.9375,7.1875],"texture":"#0"},"east":{"uv":[4.375,5.9375,4.625,6.4375],"texture":"#0"},"south":{"uv":[5.75,6.6875,5.9375,7.1875],"texture":"#0"},"west":{"uv":[4.375,5.9375,4.625,6.4375],"texture":"#0"},"up":{"uv":[2.875,7.375,2.6875,7.625],"texture":"#0"},"down":{"uv":[2.875,7.375,2.6875,7.625],"texture":"#0"}}},{"from":[-4.32203,22.25795,9.48841],"to":[-1.32203,25.25795,19.48841],"rotation":{"angle":22.5,"axis":"x","origin":[8,15,11]},"faces":{"north":{"uv":[7.6875,7.25,7.5,7.4375],"texture":"#0"},"east":{"uv":[6.3125,3.1875,6.9375,3],"texture":"#0"},"south":{"uv":[7.5,7.25,7.6875,7.4375],"texture":"#0"},"west":{"uv":[6.3125,3,6.9375,3.1875],"texture":"#0"},"up":{"uv":[3.4375,6.6875,3.25,6.0625],"texture":"#0"},"down":{"uv":[3.25,6.6875,3.4375,6.0625],"texture":"#0"}}},{"from":[-4.29703,20.2699,10.14927],"to":[-1.29703,23.2699,17.14927],"rotation":{"angle":-22.5,"axis":"x","origin":[8,15,11]},"faces":{"north":{"uv":[7.5,7.5,7.6875,7.6875],"texture":"#0"},"east":{"uv":[6.6875,5.1875,7.125,5],"texture":"#0"},"south":{"uv":[7.5,7.5,7.6875,7.6875],"texture":"#0"},"west":{"uv":[6.6875,5,7.125,5.1875],"texture":"#0"},"up":{"uv":[0.1875,7.25,0,6.8125],"texture":"#0"},"down":{"uv":[0,7.25,0.1875,6.8125],"texture":"#0"}}},{"from":[-2.12652,13.49967,9.98143],"to":[1.87348,17.49967,17.98143],"rotation":{"angle":45,"axis":"x","origin":[8,15,11]},"faces":{"north":{"uv":[7,2.75,7.25,3],"texture":"#0"},"east":{"uv":[5.9375,5.5,6.4375,5.25],"texture":"#0"},"south":{"uv":[7,2.75,7.25,3],"texture":"#0"},"west":{"uv":[5.9375,5.25,6.4375,5.5],"texture":"#0"},"up":{"uv":[6.1875,6.0625,5.9375,5.5625],"texture":"#0"},"down":{"uv":[5.9375,6.0625,6.1875,5.5625],"texture":"#0"}}},{"from":[-1.10152,13.18484,19.04006],"to":[0.89848,15.18484,26.04006],"rotation":{"angle":22.5,"axis":"x","origin":[8,15,11]},"faces":{"north":{"uv":[1.75,1.4375,1.875,1.5625],"texture":"#0"},"east":{"uv":[7.3125,0.3125,7.75,0.4375],"texture":"#0"},"south":{"uv":[1.5625,4.125,1.6875,4.25],"texture":"#0"},"west":{"uv":[7.3125,0.5,7.75,0.625],"texture":"#0"},"up":{"uv":[4.6875,0.4375,4.5625,0],"texture":"#0"},"down":{"uv":[2.4375,7,2.3125,7.4375],"texture":"#0"}}},{"from":[-1.60152,6.79545,19.25875],"to":[0.39848,8.79545,26.25875],"rotation":{"angle":-45,"axis":"x","origin":[8,15,11]},"faces":{"north":{"uv":[1.75,4.125,1.875,4.25],"texture":"#0"},"east":{"uv":[7.3125,1.375,7.75,1.5],"texture":"#0"},"south":{"uv":[2.3125,4.3125,2.4375,4.4375],"texture":"#0"},"west":{"uv":[7.3125,1.5625,7.75,1.6875],"texture":"#0"},"up":{"uv":[3.125,7.4375,3,7],"texture":"#0"},"down":{"uv":[1.5625,7.1875,1.4375,7.625],"texture":"#0"}}},{"from":[0.12348,7.97,7.82955],"to":[2.12348,14.97,9.82955],"rotation":{"angle":-22.5,"axis":"x","origin":[8,15,11]},"faces":{"north":{"uv":[4.625,7.25,4.75,7.6875],"texture":"#0"},"east":{"uv":[6,7.25,6.125,7.6875],"texture":"#0"},"south":{"uv":[0.375,7.3125,0.5,7.75],"texture":"#0"},"west":{"uv":[0.5625,7.3125,0.6875,7.75],"texture":"#0"},"up":{"uv":[0.5625,4.5,0.4375,4.375],"texture":"#0"},"down":{"uv":[2.4375,4.5,2.3125,4.625],"texture":"#0"}}},{"from":[-3.82203,17.31589,20.19887],"to":[-1.82203,24.31589,22.19887],"rotation":{"angle":-22.5,"axis":"x","origin":[8,15,11]},"faces":{"north":{"uv":[2,7.3125,2.125,7.75],"texture":"#0"},"east":{"uv":[7.3125,2.3125,7.4375,2.75],"texture":"#0"},"south":{"uv":[3.1875,7.3125,3.3125,7.75],"texture":"#0"},"west":{"uv":[7.3125,3.5625,7.4375,4],"texture":"#0"},"up":{"uv":[1.4375,4.6875,1.3125,4.5625],"texture":"#0"},"down":{"uv":[4.8125,4.125,4.6875,4.25],"texture":"#0"}}},{"from":[17.82203,17.31589,20.19887],"to":[19.82203,24.31589,22.19887],"rotation":{"angle":-22.5,"axis":"x","origin":[8,15,11]},"faces":{"north":{"uv":[2.125,7.3125,2,7.75],"texture":"#0"},"east":{"uv":[7.4375,3.5625,7.3125,4],"texture":"#0"},"south":{"uv":[3.3125,7.3125,3.1875,7.75],"texture":"#0"},"west":{"uv":[7.4375,2.3125,7.3125,2.75],"texture":"#0"},"up":{"uv":[1.3125,4.6875,1.4375,4.5625],"texture":"#0"},"down":{"uv":[4.6875,4.125,4.8125,4.25],"texture":"#0"}}},{"from":[13.87652,7.97,7.82955],"to":[15.87652,14.97,9.82955],"rotation":{"angle":-22.5,"axis":"x","origin":[8,15,11]},"faces":{"north":{"uv":[4.75,7.25,4.625,7.6875],"texture":"#0"},"east":{"uv":[0.6875,7.3125,0.5625,7.75],"texture":"#0"},"south":{"uv":[0.5,7.3125,0.375,7.75],"texture":"#0"},"west":{"uv":[6.125,7.25,6,7.6875],"texture":"#0"},"up":{"uv":[0.4375,4.5,0.5625,4.375],"texture":"#0"},"down":{"uv":[2.3125,4.5,2.4375,4.625],"texture":"#0"}}},{"from":[15.60152,6.79545,19.25875],"to":[17.60152,8.79545,26.25875],"rotation":{"angle":-45,"axis":"x","origin":[8,15,11]},"faces":{"north":{"uv":[1.875,4.125,1.75,4.25],"texture":"#0"},"east":{"uv":[7.75,1.5625,7.3125,1.6875],"texture":"#0"},"south":{"uv":[2.4375,4.3125,2.3125,4.4375],"texture":"#0"},"west":{"uv":[7.75,1.375,7.3125,1.5],"texture":"#0"},"up":{"uv":[3,7.4375,3.125,7],"texture":"#0"},"down":{"uv":[1.4375,7.1875,1.5625,7.625],"texture":"#0"}}},{"from":[15.10152,13.18484,19.04006],"to":[17.10152,15.18484,26.04006],"rotation":{"angle":22.5,"axis":"x","origin":[8,15,11]},"faces":{"north":{"uv":[1.875,1.4375,1.75,1.5625],"texture":"#0"},"east":{"uv":[7.75,0.5,7.3125,0.625],"texture":"#0"},"south":{"uv":[1.6875,4.125,1.5625,4.25],"texture":"#0"},"west":{"uv":[7.75,0.3125,7.3125,0.4375],"texture":"#0"},"up":{"uv":[4.5625,0.4375,4.6875,0],"texture":"#0"},"down":{"uv":[2.3125,7,2.4375,7.4375],"texture":"#0"}}},{"from":[14.12652,13.49967,9.98143],"to":[18.12652,17.49967,17.98143],"rotation":{"angle":45,"axis":"x","origin":[8,15,11]},"faces":{"north":{"uv":[7.25,2.75,7,3],"texture":"#0"},"east":{"uv":[6.4375,5.25,5.9375,5.5],"texture":"#0"},"south":{"uv":[7.25,2.75,7,3],"texture":"#0"},"west":{"uv":[6.4375,5.5,5.9375,5.25],"texture":"#0"},"up":{"uv":[5.9375,6.0625,6.1875,5.5625],"texture":"#0"},"down":{"uv":[6.1875,6.0625,5.9375,5.5625],"texture":"#0"}}},{"from":[17.29703,20.2699,10.14927],"to":[20.29703,23.2699,17.14927],"rotation":{"angle":-22.5,"axis":"x","origin":[8,15,11]},"faces":{"north":{"uv":[7.6875,7.5,7.5,7.6875],"texture":"#0"},"east":{"uv":[7.125,5,6.6875,5.1875],"texture":"#0"},"south":{"uv":[7.6875,7.5,7.5,7.6875],"texture":"#0"},"west":{"uv":[7.125,5.1875,6.6875,5],"texture":"#0"},"up":{"uv":[0,7.25,0.1875,6.8125],"texture":"#0"},"down":{"uv":[0.1875,7.25,0,6.8125],"texture":"#0"}}},{"from":[17.32203,22.25795,9.48841],"to":[20.32203,25.25795,19.48841],"rotation":{"angle":22.5,"axis":"x","origin":[8,15,11]},"faces":{"north":{"uv":[7.5,7.25,7.6875,7.4375],"texture":"#0"},"east":{"uv":[6.9375,3,6.3125,3.1875],"texture":"#0"},"south":{"uv":[7.6875,7.25,7.5,7.4375],"texture":"#0"},"west":{"uv":[6.9375,3.1875,6.3125,3],"texture":"#0"},"up":{"uv":[3.25,6.6875,3.4375,6.0625],"texture":"#0"},"down":{"uv":[3.4375,6.6875,3.25,6.0625],"texture":"#0"}}},{"from":[14.2288,16.32199,18.76781],"to":[17.2288,24.32199,22.76781],"rotation":{"angle":-22.5,"axis":"z","origin":[8,15,11]},"faces":{"north":{"uv":[5.9375,6.6875,5.75,7.1875],"texture":"#0"},"east":{"uv":[4.625,5.9375,4.375,6.4375],"texture":"#0"},"south":{"uv":[5.9375,6.6875,5.75,7.1875],"texture":"#0"},"west":{"uv":[4.625,5.9375,4.375,6.4375],"texture":"#0"},"up":{"uv":[2.6875,7.375,2.875,7.625],"texture":"#0"},"down":{"uv":[2.6875,7.375,2.875,7.625],"texture":"#0"}}},{"from":[14.10152,7.97585,12.28555],"to":[18.10152,11.97585,20.28555],"rotation":{"angle":-22.5,"axis":"x","origin":[8,15,11]},"faces":{"north":{"uv":[2.25,7,2,7.25],"texture":"#0"},"east":{"uv":[6.25,4.9375,5.75,5.1875],"texture":"#0"},"south":{"uv":[2.25,7,2,7.25],"texture":"#0"},"west":{"uv":[6.25,5.1875,5.75,4.9375],"texture":"#0"},"up":{"uv":[2.0625,6.4375,2.3125,5.9375],"texture":"#0"},"down":{"uv":[2.3125,6.4375,2.0625,5.9375],"texture":"#0"}}},{"from":[11.59026,13.59715,8.31659],"to":[15.59026,17.59715,16.31659],"rotation":{"angle":45,"axis":"y","origin":[8,15,11]},"faces":{"north":{"uv":[5,2.75,4.75,3],"texture":"#0"},"east":{"uv":[3.4375,5.75,2.9375,6],"texture":"#0"},"south":{"uv":[5,2.75,4.75,3],"texture":"#0"},"west":{"uv":[3.4375,6,2.9375,5.75],"texture":"#0"},"up":{"uv":[0.875,6.25,1.125,5.75],"texture":"#0"},"down":{"uv":[1.125,6.25,0.875,5.75],"texture":"#0"}}},{"from":[9,7.41647,2.80456],"to":[12,14.41647,6.80456],"rotation":{"angle":22.5,"axis":"x","origin":[8,15,11]},"faces":{"north":{"uv":[4.5625,6.75,4.375,7.1875],"texture":"#0"},"east":{"uv":[2.9375,6.375,2.6875,6.8125],"texture":"#0"},"south":{"uv":[4.5625,6.75,4.375,7.1875],"texture":"#0"},"west":{"uv":[2.9375,6.375,2.6875,6.8125],"texture":"#0"},"up":{"uv":[2.9375,5.625,3.125,5.375],"texture":"#0"},"down":{"uv":[3.125,5.625,2.9375,5.375],"texture":"#0"}}},{"from":[12.25,12.09839,3.09178],"to":[12.25,17.09839,14.09178],"rotation":{"angle":-45,"axis":"x","origin":[8,15,11]},"faces":{"north":{"uv":[2,2.5,2,2.8125],"texture":"#0"},"east":{"uv":[3.875,4.875,3.1875,5.1875],"texture":"#0"},"south":{"uv":[3.3125,2.5625,3.3125,2.875],"texture":"#0"},"west":{"uv":[3.1875,4.875,3.875,5.1875],"texture":"#0"},"up":{"uv":[2.4375,8.1875,2.4375,7.5],"texture":"#0"},"down":{"uv":[6.8125,7.5,6.8125,8.1875],"texture":"#0"}}}],"gui_light":"front","display":{"gui":{"rotation":[0,90,0],"translation":[-0.75,-2.5,0],"scale":[0.45,0.45,0.45]}}}