{"texture_size":[64,64],"textures":{"1":"saigonmc:pets/heads/walle","particle":"saigonmc:pets/heads/walle"},"elements":[{"from":[7.525,2.42678,6.525],"to":[8.475,6.42678,7.525],"rotation":{"angle":-45,"axis":"x","origin":[8,4.42678,8.025]},"faces":{"north":{"uv":[6.5,7.25,6.75,8.25],"texture":"#1"},"east":{"uv":[6,8.75,6.25,9.75],"texture":"#1"},"south":{"uv":[2,11.5,2.25,12.5],"texture":"#1"},"west":{"uv":[2.5,11.5,2.75,12.5],"texture":"#1"},"up":{"uv":[3.75,5.25,3.5,5],"texture":"#1"},"down":{"uv":[9,2.5,8.75,2.75],"texture":"#1"}}},{"from":[7.525,5.67678,6.025],"to":[8.475,7.67678,7.025],"rotation":{"angle":22.5,"axis":"x","origin":[8,6.42678,6.525]},"faces":{"north":{"uv":[7.25,3,7.5,3.5],"texture":"#1"},"east":{"uv":[12.5,4.75,12.75,5.25],"texture":"#1"},"south":{"uv":[5,12.5,5.25,13],"texture":"#1"},"west":{"uv":[5.5,12.5,5.75,13],"texture":"#1"},"up":{"uv":[9.5,4.25,9.25,4],"texture":"#1"},"down":{"uv":[1.25,9.5,1,9.75],"texture":"#1"}}},{"from":[7.5,5.42678,6.025],"to":[8.5,7.42678,8.025],"rotation":{"angle":-45,"axis":"x","origin":[8,4.42678,8.025]},"faces":{"north":{"uv":[6,12.5,6.25,13],"texture":"#1"},"east":{"uv":[6.5,11.5,7,12],"texture":"#1"},"south":{"uv":[9.5,12.5,9.75,13],"texture":"#1"},"west":{"uv":[7.25,11.5,7.75,12],"texture":"#1"},"up":{"uv":[12.75,10.25,12.5,9.75],"texture":"#1"},"down":{"uv":[10.25,12.5,10,13],"texture":"#1"}}},{"from":[7.5,6.92678,4.875],"to":[8.5,8.92678,6.875],"rotation":{"angle":22.5,"axis":"x","origin":[8,4.42678,8.025]},"faces":{"north":{"uv":[12.5,10.5,12.75,11],"texture":"#1"},"east":{"uv":[11.75,4.25,12.25,4.75],"texture":"#1"},"south":{"uv":[0,12.75,0.25,13.25],"texture":"#1"},"west":{"uv":[11.75,5,12.25,5.5],"texture":"#1"},"up":{"uv":[13,0.5,12.75,0],"texture":"#1"},"down":{"uv":[0.75,12.75,0.5,13.25],"texture":"#1"}}},{"from":[9,6.42678,1.05],"to":[10,8.42678,7.025],"rotation":{"angle":45,"axis":"z","origin":[9.5,7.42678,2.025]},"faces":{"north":{"uv":[12.75,0.75,13,1.25],"texture":"#1"},"east":{"uv":[8.75,6,10.25,6.5],"texture":"#1"},"south":{"uv":[2,12.75,2.25,13.25],"texture":"#1"},"west":{"uv":[9.25,2.5,10.75,3],"texture":"#1"},"up":{"uv":[3.25,11.75,3,10.25],"texture":"#1"},"down":{"uv":[3.75,10.25,3.5,11.75],"texture":"#1"}}},{"from":[8.43934,7.78033,1.025],"to":[9.43934,11.78033,7.025],"rotation":{"angle":0,"axis":"y","origin":[8.93934,8.78033,2.025]},"faces":{"north":{"uv":[11.75,8.25,12,9.25],"texture":"#1"},"east":{"uv":[8.5,7,10,8],"texture":"#1"},"south":{"uv":[10.75,11.75,11,12.75],"texture":"#1"},"west":{"uv":[8,8.5,9.5,9.5],"texture":"#1"},"up":{"uv":[4.25,11.75,4,10.25],"texture":"#1"},"down":{"uv":[4.75,10.25,4.5,11.75],"texture":"#1"}}},{"from":[8.43934,11.78033,1.025],"to":[15.43934,12.78033,7.025],"rotation":{"angle":0,"axis":"y","origin":[8.93934,8.78033,2.025]},"faces":{"north":{"uv":[9.75,8.25,11.5,8.5],"texture":"#1"},"east":{"uv":[10.25,6.75,11.75,7],"texture":"#1"},"south":{"uv":[9.75,8.75,11.5,9],"texture":"#1"},"west":{"uv":[10.25,7.25,11.75,7.5],"texture":"#1"},"up":{"uv":[1.75,1.5,0,0],"texture":"#1"},"down":{"uv":[1.75,1.75,0,3.25],"texture":"#1"}}},{"from":[9.43934,6.78033,6.025],"to":[14.43934,11.78033,13.025],"rotation":{"angle":0,"axis":"y","origin":[8.93934,8.78033,2.025]},"faces":{"north":{"uv":[7,7,8.25,8.25],"texture":"#1"},"east":{"uv":[0,3.5,1.75,4.75],"texture":"#1"},"south":{"uv":[7.25,1.5,8.5,2.75],"texture":"#1"},"west":{"uv":[2,3.5,3.75,4.75],"texture":"#1"},"up":{"uv":[5.25,1.75,4,0],"texture":"#1"},"down":{"uv":[5.25,2,4,3.75],"texture":"#1"}}},{"from":[10.43934,9.78033,13.025],"to":[13.43934,10.78033,16.025],"rotation":{"angle":0,"axis":"y","origin":[8.93934,8.78033,4.025]},"faces":{"north":{"uv":[11.75,5.75,12.5,6],"texture":"#1"},"east":{"uv":[3,12,3.75,12.25],"texture":"#1"},"south":{"uv":[4,12,4.75,12.25],"texture":"#1"},"west":{"uv":[5,12,5.75,12.25],"texture":"#1"},"up":{"uv":[8.5,5.25,7.75,4.5],"texture":"#1"},"down":{"uv":[0.75,9.5,0,10.25],"texture":"#1"}}},{"from":[10.43934,8.86612,12.56789],"to":[13.43934,9.86612,16.81789],"rotation":{"angle":-45,"axis":"x","origin":[11.93934,8.36612,15.31789]},"faces":{"north":{"uv":[12,6.75,12.75,7],"texture":"#1"},"east":{"uv":[11.5,2.25,12.5625,2.5],"texture":"#1"},"south":{"uv":[12,7.25,12.75,7.5],"texture":"#1"},"west":{"uv":[11.5,2.75,12.5625,3],"texture":"#1"},"up":{"uv":[3.75,9.8125,3,8.75],"texture":"#1"},"down":{"uv":[4.75,8.75,4,9.8125],"texture":"#1"}}},{"from":[9.43934,6.78033,2.025],"to":[14.43934,11.78033,3.025],"rotation":{"angle":0,"axis":"y","origin":[8.93934,8.78033,2.025]},"faces":{"north":{"uv":[3.5,7.25,4.75,8.5],"texture":"#1"},"east":{"uv":[11,2.25,11.25,3.5],"texture":"#1"},"south":{"uv":[5,7.25,6.25,8.5],"texture":"#1"},"west":{"uv":[6,11,6.25,12.25],"texture":"#1"},"up":{"uv":[7.75,11.25,6.5,11],"texture":"#1"},"down":{"uv":[12.25,9.75,11,10],"texture":"#1"}}},{"from":[10.18934,8.53033,1.525],"to":[12.68934,11.03033,2.525],"rotation":{"angle":0,"axis":"y","origin":[8.93934,8.78033,2.025]},"faces":{"north":{"uv":[1,10,1.625,10.625],"texture":"#1"},"east":{"uv":[7.5,12.25,7.75,12.875],"texture":"#1"},"south":{"uv":[2,10,2.625,10.625],"texture":"#1"},"west":{"uv":[12.25,11.25,12.5,11.875],"texture":"#1"},"up":{"uv":[12.875,9.5,12.25,9.25],"texture":"#1"},"down":{"uv":[12.875,12.25,12.25,12.5],"texture":"#1"}}},{"from":[14.43934,6.78033,1.05],"to":[15.43934,11.78033,7.025],"rotation":{"angle":0,"axis":"y","origin":[10.93934,10.78033,2.025]},"faces":{"north":{"uv":[11.25,4.75,11.5,6],"texture":"#1"},"east":{"uv":[0,6.5,1.5,7.75],"texture":"#1"},"south":{"uv":[8,11.25,8.25,12.5],"texture":"#1"},"west":{"uv":[7,0,8.5,1.25],"texture":"#1"},"up":{"uv":[5.25,11.75,5,10.25],"texture":"#1"},"down":{"uv":[5.75,10.25,5.5,11.75],"texture":"#1"}}},{"from":[9.85355,6.36612,1.025],"to":[15.42855,7.36612,7.025],"rotation":{"angle":0,"axis":"y","origin":[12.27855,6.86612,2.025]},"faces":{"north":{"uv":[11,0,12.40625,0.25],"texture":"#1"},"east":{"uv":[10.25,7.75,11.75,8],"texture":"#1"},"south":{"uv":[11,0.5,12.40625,0.75],"texture":"#1"},"west":{"uv":[9,10.25,10.5,10.5],"texture":"#1"},"up":{"uv":[6.90625,3.5,5.5,2],"texture":"#1"},"down":{"uv":[4.90625,5.5,3.5,7],"texture":"#1"}}},{"name":"reflection","from":[10.43934,9.28033,1.475],"to":[10.93934,9.78033,1.475],"rotation":{"angle":0,"axis":"y","origin":[8.93934,8.78033,2.025]},"faces":{"north":{"uv":[12.75,6.25,12.875,6.375],"texture":"#1"},"east":{"uv":[1.75,6.5,1.75,6.625],"texture":"#1"},"south":{"uv":[9,12.75,9.125,12.875],"texture":"#1"},"west":{"uv":[7,1.5,7,1.625],"texture":"#1"},"up":{"uv":[5.625,3.75,5.5,3.75],"texture":"#1"},"down":{"uv":[3.125,8.5,3,8.5],"texture":"#1"}}},{"name":"reflection","from":[11.18934,9.53033,1.475],"to":[12.18934,10.78033,1.475],"rotation":{"angle":0,"axis":"y","origin":[8.93934,8.78033,2.025]},"faces":{"north":{"uv":[6.5,12.75,6.75,13.0625],"texture":"#1"},"east":{"uv":[10.5,5.75,10.5,6.0625],"texture":"#1"},"south":{"uv":[7,12.75,7.25,13.0625],"texture":"#1"},"west":{"uv":[9.5,11.25,9.5,11.5625],"texture":"#1"},"up":{"uv":[8.75,8.25,8.5,8.25],"texture":"#1"},"down":{"uv":[9,6.75,8.75,6.75],"texture":"#1"}}},{"from":[6,6.42678,1.025],"to":[7,8.42678,7.025],"rotation":{"angle":-45,"axis":"z","origin":[6.5,7.42678,2.025]},"faces":{"north":{"uv":[2.5,12.75,2.75,13.25],"texture":"#1"},"east":{"uv":[9.25,3.25,10.75,3.75],"texture":"#1"},"south":{"uv":[12.75,5.5,13,6],"texture":"#1"},"west":{"uv":[9.75,4,11.25,4.5],"texture":"#1"},"up":{"uv":[0.25,12,0,10.5],"texture":"#1"},"down":{"uv":[10.75,0,10.5,1.5],"texture":"#1"}}},{"from":[6.56066,7.78033,1.025],"to":[7.56066,11.78033,7.025],"rotation":{"angle":0,"axis":"y","origin":[7.06066,8.78033,2.025]},"faces":{"north":{"uv":[11.25,11.75,11.5,12.75],"texture":"#1"},"east":{"uv":[8.75,0,10.25,1],"texture":"#1"},"south":{"uv":[11.75,11.75,12,12.75],"texture":"#1"},"west":{"uv":[8.75,1.25,10.25,2.25],"texture":"#1"},"up":{"uv":[0.75,12,0.5,10.5],"texture":"#1"},"down":{"uv":[11,4.75,10.75,6.25],"texture":"#1"}}},{"from":[0.56066,11.78033,1.025],"to":[7.56066,12.78033,7.025],"rotation":{"angle":0,"axis":"y","origin":[7.06066,8.78033,2.025]},"faces":{"north":{"uv":[9,9.75,10.75,10],"texture":"#1"},"east":{"uv":[10.5,1.75,12,2],"texture":"#1"},"south":{"uv":[9.75,9.25,11.5,9.5],"texture":"#1"},"west":{"uv":[8,10.75,9.5,11],"texture":"#1"},"up":{"uv":[3.75,1.5,2,0],"texture":"#1"},"down":{"uv":[3.75,1.75,2,3.25],"texture":"#1"}}},{"from":[1.56066,6.78033,6.025],"to":[6.56066,11.78033,13.025],"rotation":{"angle":0,"axis":"y","origin":[7.06066,8.78033,2.025]},"faces":{"north":{"uv":[7.75,3,9,4.25],"texture":"#1"},"east":{"uv":[4,4,5.75,5.25],"texture":"#1"},"south":{"uv":[0,8,1.25,9.25],"texture":"#1"},"west":{"uv":[0,5,1.75,6.25],"texture":"#1"},"up":{"uv":[3.25,6.75,2,5],"texture":"#1"},"down":{"uv":[6.75,0,5.5,1.75],"texture":"#1"}}},{"from":[2.56066,9.78033,13.025],"to":[5.56066,10.78033,16.025],"rotation":{"angle":0,"axis":"y","origin":[7.06066,8.78033,4.025]},"faces":{"north":{"uv":[12,7.75,12.75,8],"texture":"#1"},"east":{"uv":[0,12.25,0.75,12.5],"texture":"#1"},"south":{"uv":[12.25,1.5,13,1.75],"texture":"#1"},"west":{"uv":[6.5,12.25,7.25,12.5],"texture":"#1"},"up":{"uv":[10.5,5.5,9.75,4.75],"texture":"#1"},"down":{"uv":[8.75,9.75,8,10.5],"texture":"#1"}}},{"from":[2.56066,8.86612,12.56789],"to":[5.56066,9.86612,16.81789],"rotation":{"angle":-45,"axis":"x","origin":[4.06066,8.36612,15.31789]},"faces":{"north":{"uv":[12.25,8.25,13,8.5],"texture":"#1"},"east":{"uv":[11.5,3.25,12.5625,3.5],"texture":"#1"},"south":{"uv":[12.25,8.75,13,9],"texture":"#1"},"west":{"uv":[11.5,3.75,12.5625,4],"texture":"#1"},"up":{"uv":[9.5,5.5625,8.75,4.5],"texture":"#1"},"down":{"uv":[5.75,8.75,5,9.8125],"texture":"#1"}}},{"from":[1.56066,6.78033,2.025],"to":[6.56066,11.78033,3.025],"rotation":{"angle":0,"axis":"y","origin":[7.06066,8.78033,2.025]},"faces":{"north":{"uv":[1.5,8.5,2.75,9.75],"texture":"#1"},"east":{"uv":[8.5,11.25,8.75,12.5],"texture":"#1"},"south":{"uv":[6.5,8.5,7.75,9.75],"texture":"#1"},"west":{"uv":[9,11.25,9.25,12.5],"texture":"#1"},"up":{"uv":[12.5,6.5,11.25,6.25],"texture":"#1"},"down":{"uv":[12,11.25,10.75,11.5],"texture":"#1"}}},{"from":[3.31066,8.53033,1.525],"to":[5.81066,11.03033,2.525],"rotation":{"angle":0,"axis":"y","origin":[7.06066,8.78033,2.025]},"faces":{"north":{"uv":[6,10,6.625,10.625],"texture":"#1"},"east":{"uv":[3,12.5,3.25,13.125],"texture":"#1"},"south":{"uv":[7,10,7.625,10.625],"texture":"#1"},"west":{"uv":[3.5,12.5,3.75,13.125],"texture":"#1"},"up":{"uv":[4.625,12.75,4,12.5],"texture":"#1"},"down":{"uv":[13.125,4.25,12.5,4.5],"texture":"#1"}}},{"name":"reflection","from":[4.56066,9.53033,1.475],"to":[5.56066,10.78033,1.475],"rotation":{"angle":0,"axis":"y","origin":[7.06066,8.78033,2.025]},"faces":{"north":{"uv":[8,12.75,8.25,13.0625],"texture":"#1"},"east":{"uv":[10.5,12.5,10.5,12.8125],"texture":"#1"},"south":{"uv":[8.5,12.75,8.75,13.0625],"texture":"#1"},"west":{"uv":[12.25,12.75,12.25,13.0625],"texture":"#1"},"up":{"uv":[9.25,8.25,9,8.25],"texture":"#1"},"down":{"uv":[9.5,6.75,9.25,6.75],"texture":"#1"}}},{"name":"reflection","from":[3.81066,9.28033,1.475],"to":[4.31066,9.78033,1.475],"rotation":{"angle":0,"axis":"y","origin":[7.06066,8.78033,2.025]},"faces":{"north":{"uv":[12.75,11.25,12.875,11.375],"texture":"#1"},"east":{"uv":[1.5,8,1.5,8.125],"texture":"#1"},"south":{"uv":[12.75,11.75,12.875,11.875],"texture":"#1"},"west":{"uv":[2.75,11,2.75,11.125],"texture":"#1"},"up":{"uv":[9.875,5.75,9.75,5.75],"texture":"#1"},"down":{"uv":[9.875,6.75,9.75,6.75],"texture":"#1"}}},{"from":[0.56066,6.78033,1.025],"to":[1.56066,11.78033,7.025],"rotation":{"angle":0,"axis":"y","origin":[5.06066,10.78033,2.025]},"faces":{"north":{"uv":[1,11.5,1.25,12.75],"texture":"#1"},"east":{"uv":[1.75,7,3.25,8.25],"texture":"#1"},"south":{"uv":[1.5,11.5,1.75,12.75],"texture":"#1"},"west":{"uv":[7,5.5,8.5,6.75],"texture":"#1"},"up":{"uv":[10,12.25,9.75,10.75],"texture":"#1"},"down":{"uv":[10.5,10.75,10.25,12.25],"texture":"#1"}}},{"from":[0.57145,6.36612,1.025],"to":[6.14645,7.36612,7.025],"rotation":{"angle":0,"axis":"y","origin":[3.72145,6.86612,2.025]},"faces":{"north":{"uv":[1,11,2.40625,11.25],"texture":"#1"},"east":{"uv":[10.75,10.25,12.25,10.5],"texture":"#1"},"south":{"uv":[11,1,12.40625,1.25],"texture":"#1"},"west":{"uv":[10.75,10.75,12.25,11],"texture":"#1"},"up":{"uv":[6.65625,7,5.25,5.5],"texture":"#1"},"down":{"uv":[7.40625,3.75,6,5.25],"texture":"#1"}}}],"gui_light":"front","display":{"thirdperson_righthand":{"scale":[0.5,0.5,0.5]},"thirdperson_lefthand":{"scale":[0.5,0.5,0.5]},"gui":{"rotation":[180,0,180],"scale":[0.8,0.8,0.8]},"head":{"rotation":[11.5,0,0],"translation":[0,4.75,-1.25],"scale":[1.2,1.2,1.2]}}}