{"providers":[{"file":"char/black.png","chars":[""],"height":1,"ascent":-5000,"type":"bitmap"},{"file":"char/black.png","chars":[""],"height":2,"ascent":-5000,"type":"bitmap"},{"file":"char/black.png","chars":[""],"height":3,"ascent":-5000,"type":"bitmap"},{"file":"char/black.png","chars":[""],"height":4,"ascent":-5000,"type":"bitmap"},{"file":"char/black.png","chars":[""],"height":5,"ascent":-5000,"type":"bitmap"},{"file":"char/black.png","chars":[""],"height":6,"ascent":-5000,"type":"bitmap"},{"file":"char/black.png","chars":[""],"height":7,"ascent":-5000,"type":"bitmap"},{"file":"char/black.png","chars":[""],"height":15,"ascent":-5000,"type":"bitmap"},{"file":"char/black.png","chars":[""],"height":31,"ascent":-5000,"type":"bitmap"},{"file":"char/black.png","chars":[""],"height":63,"ascent":-5000,"type":"bitmap"},{"file":"char/black.png","chars":[""],"height":127,"ascent":-5000,"type":"bitmap"},{"file":"char/black.png","chars":[""],"height":256,"ascent":-5000,"type":"bitmap"},{"file":"char/black.png","chars":[""],"height":512,"ascent":-5000,"type":"bitmap"},{"file":"char/black.png","chars":[""],"height":1024,"ascent":-5000,"type":"bitmap"},{"file":"char/black.png","chars":[""],"height":-3,"ascent":-5000,"type":"bitmap"},{"file":"char/black.png","chars":[""],"height":-4,"ascent":-5000,"type":"bitmap"},{"file":"char/black.png","chars":[""],"height":-5,"ascent":-5000,"type":"bitmap"},{"file":"char/black.png","chars":[""],"height":-6,"ascent":-5000,"type":"bitmap"},{"file":"char/black.png","chars":[""],"height":-7,"ascent":-5000,"type":"bitmap"},{"file":"char/black.png","chars":[""],"height":-8,"ascent":-5000,"type":"bitmap"},{"file":"char/black.png","chars":[""],"height":-9,"ascent":-5000,"type":"bitmap"},{"file":"char/black.png","chars":[""],"height":-10,"ascent":-5000,"type":"bitmap"},{"file":"char/black.png","chars":[""],"height":-18,"ascent":-5000,"type":"bitmap"},{"file":"char/black.png","chars":[""],"height":-34,"ascent":-5000,"type":"bitmap"},{"file":"char/black.png","chars":[""],"height":-66,"ascent":-5000,"type":"bitmap"},{"file":"char/black.png","chars":[""],"height":-130,"ascent":-5000,"type":"bitmap"},{"file":"char/black.png","chars":[""],"height":-259,"ascent":-5000,"type":"bitmap"},{"file":"char/black.png","chars":[""],"height":-515,"ascent":-5000,"type":"bitmap"},{"file":"char/black.png","chars":[""],"height":-1027,"ascent":-5000,"type":"bitmap"},{"file":"saigonmc:gui/logo/part_01.png","chars":["笜"],"height":64,"ascent":18,"type":"bitmap"},{"file":"saigonmc:gui/logo/part_02.png","chars":["笐"],"height":64,"ascent":18,"type":"bitmap"},{"file":"saigonmc:gui/logo/part_01.png","chars":[""],"height":96,"ascent":50,"type":"bitmap"},{"file":"saigonmc:gui/logo/part_02.png","chars":[""],"height":96,"ascent":50,"type":"bitmap"},{"file":"saigonmc:gui/logo/part_01.png","chars":["覟"],"height":39,"ascent":25,"type":"bitmap"},{"file":"saigonmc:gui/logo/part_02.png","chars":["覛"],"height":39,"ascent":25,"type":"bitmap"},{"file":"saigonmc:gui/logo/part_01.png","chars":[""],"height":390,"ascent":210,"type":"bitmap"},{"file":"saigonmc:gui/logo/part_02.png","chars":[""],"height":390,"ascent":210,"type":"bitmap"},{"file":"saigonmc:gui/emoji/heart.png","chars":["❤"],"height":7,"ascent":7,"type":"bitmap"},{"file":"saigonmc:gui/emoji/smile.png","chars":["😄"],"height":7,"ascent":7,"type":"bitmap"},{"file":"saigonmc:gui/emoji/slight_smile.png","chars":["🙂"],"height":7,"ascent":7,"type":"bitmap"},{"file":"saigonmc:gui/emoji/sus.png","chars":["🦐"],"height":7,"ascent":7,"type":"bitmap"},{"file":"saigonmc:gui/emoji/eyes.png","chars":["👀"],"height":7,"ascent":7,"type":"bitmap"},{"file":"saigonmc:gui/icons/error_red.png","chars":["𫚭"],"height":7,"ascent":7,"type":"bitmap"},{"file":"saigonmc:gui/icons/error_green.png","chars":["𬺓"],"height":7,"ascent":7,"type":"bitmap"},{"file":"saigonmc:gui/icons/error_yellow.png","chars":["𤫉"],"height":7,"ascent":7,"type":"bitmap"},{"file":"saigonmc:gui/icons/error_gray.png","chars":["𬙋"],"height":7,"ascent":7,"type":"bitmap"},{"file":"saigonmc:gui/icons/error_blue.png","chars":["鴒"],"height":7,"ascent":7,"type":"bitmap"},{"file":"saigonmc:gui/icons/chat_message.png","chars":["鱓"],"height":7,"ascent":7,"type":"bitmap"},{"file":"saigonmc:gui/icons/token_gem.png","chars":["𬒔"],"height":7,"ascent":7,"type":"bitmap"},{"file":"saigonmc:gui/icons/token_gem.png","chars":["💎"],"height":7,"ascent":7,"type":"bitmap"},{"file":"saigonmc:gui/icons/infobar_clock.png","chars":["蟢"],"height":9,"ascent":8,"type":"bitmap"},{"file":"saigonmc:gui/icons/infobar_globe.png","chars":["蟅"],"height":9,"ascent":8,"type":"bitmap"},{"file":"saigonmc:gui/titles/icon_saigonmc_color_small.png","chars":["鱀"],"height":7,"ascent":7,"type":"bitmap"},{"file":"saigonmc:gui/titles/icon_saigonmc_color_big.png","chars":["鰿"],"height":9,"ascent":8,"type":"bitmap"},{"file":"saigonmc:gui/titles/icon_saigonmc_grey_small.png","chars":["鯨"],"height":7,"ascent":7,"type":"bitmap"},{"file":"saigonmc:gui/titles/icon_saigonmc_grey_big.png","chars":["鮪"],"height":9,"ascent":8,"type":"bitmap"},{"file":"saigonmc:gui/titles/icon_admin_small.png","chars":["鮅"],"height":7,"ascent":7,"type":"bitmap"},{"file":"saigonmc:gui/titles/icon_admin_big.png","chars":["魿"],"height":9,"ascent":8,"type":"bitmap"},{"file":"saigonmc:gui/titles/icon_mod_small.png","chars":["魽"],"height":7,"ascent":7,"type":"bitmap"},{"file":"saigonmc:gui/titles/icon_mod_big.png","chars":["骔"],"height":9,"ascent":8,"type":"bitmap"},{"file":"saigonmc:gui/titles/icon_guider_small.png","chars":["騊"],"height":7,"ascent":7,"type":"bitmap"},{"file":"saigonmc:gui/titles/icon_guider_big.png","chars":["頦"],"height":9,"ascent":8,"type":"bitmap"},{"file":"saigonmc:gui/titles/icon_discord.png","chars":["鍱"],"height":7,"ascent":7,"type":"bitmap"},{"file":"saigonmc:gui/titles/plate_1.png","chars":["鍚"],"height":7,"ascent":7,"type":"bitmap"},{"file":"saigonmc:gui/titles/plate_3.png","chars":["鮎"],"height":7,"ascent":7,"type":"bitmap"},{"file":"saigonmc:gui/titles/plate_4.png","chars":["鮇"],"height":7,"ascent":7,"type":"bitmap"},{"file":"saigonmc:gui/titles/plate_5.png","chars":["靷"],"height":7,"ascent":7,"type":"bitmap"},{"file":"saigonmc:gui/titles/plate_6.png","chars":["鑪"],"height":7,"ascent":7,"type":"bitmap"},{"file":"saigonmc:gui/titles/plate_7.png","chars":["骣"],"height":7,"ascent":7,"type":"bitmap"},{"file":"saigonmc:gui/titles/plate_8.png","chars":["穟"],"height":7,"ascent":7,"type":"bitmap"},{"file":"saigonmc:gui/titles/plate_9.png","chars":["秺"],"height":7,"ascent":7,"type":"bitmap"},{"file":"saigonmc:gui/titles/text_admin.png","chars":["鮘"],"height":7,"ascent":7,"type":"bitmap"},{"file":"saigonmc:gui/titles/text_mod.png","chars":["鵪"],"height":7,"ascent":7,"type":"bitmap"},{"file":"saigonmc:gui/titles/text_guider.png","chars":["鵣"],"height":7,"ascent":7,"type":"bitmap"},{"file":"saigonmc:gui/titles/text_vip.png","chars":["鴞"],"height":7,"ascent":7,"type":"bitmap"},{"file":"saigonmc:gui/titles/text_player.png","chars":["鴙"],"height":7,"ascent":7,"type":"bitmap"},{"file":"saigonmc:gui/titles/text_guest.png","chars":["鮭"],"height":7,"ascent":7,"type":"bitmap"},{"file":"saigonmc:gui/titles/text_discord.png","chars":["礤"],"height":7,"ascent":7,"type":"bitmap"},{"file":"saigonmc:gui/container/vote.png","chars":["鲖"],"height":98,"ascent":20,"type":"bitmap"},{"file":"saigonmc:gui/container/setting.png","chars":["錧"],"height":81,"ascent":20,"type":"bitmap"},{"file":"saigonmc:gui/container/trade.png","chars":["銲"],"height":117,"ascent":20,"type":"bitmap"},{"file":"saigonmc:gui/container/trade_countdown_3.png","chars":["莙"],"height":12,"ascent":-5,"type":"bitmap"},{"file":"saigonmc:gui/container/trade_countdown_2.png","chars":["莕"],"height":12,"ascent":-5,"type":"bitmap"},{"file":"saigonmc:gui/container/trade_countdown_1.png","chars":["荙"],"height":12,"ascent":-5,"type":"bitmap"},{"file":"saigonmc:gui/container/gtm_deposit.png","chars":["鉽"],"height":134,"ascent":20,"type":"bitmap"},{"file":"saigonmc:gui/container/gtm_withdraw.png","chars":["豰"],"height":134,"ascent":20,"type":"bitmap"},{"file":"saigonmc:gui/container/shop_playtime.png","chars":["襽"],"height":118,"ascent":20,"type":"bitmap"},{"file":"saigonmc:gui/container/shop_food.png","chars":["訞"],"height":134,"ascent":20,"type":"bitmap"},{"file":"saigonmc:gui/container/shop_items.png","chars":["襘"],"height":134,"ascent":20,"type":"bitmap"},{"file":"saigonmc:gui/container/shop_purchase.png","chars":["蜼"],"height":134,"ascent":20,"type":"bitmap"},{"file":"saigonmc:gui/container/shop_event.png","chars":["関"],"height":100,"ascent":20,"type":"bitmap"},{"file":"saigonmc:gui/container/addons_filter.png","chars":["襌"],"height":134,"ascent":20,"type":"bitmap"},{"file":"saigonmc:gui/container/addons_auction.png","chars":["釿"],"height":134,"ascent":20,"type":"bitmap"},{"file":"saigonmc:gui/container/addons_auction_my_items.png","chars":["迍"],"height":134,"ascent":20,"type":"bitmap"},{"file":"saigonmc:gui/container/addons_auction_expires.png","chars":["躭"],"height":134,"ascent":20,"type":"bitmap"},{"file":"saigonmc:gui/container/addons_auction_buying.png","chars":["躒"],"height":134,"ascent":20,"type":"bitmap"},{"file":"saigonmc:gui/container/addons_auction_purchase.png","chars":["谼"],"height":45,"ascent":20,"type":"bitmap"},{"file":"saigonmc:gui/container/addons_auction_remove.png","chars":["繿"],"height":45,"ascent":20,"type":"bitmap"},{"file":"saigonmc:gui/container/telecard.png","chars":["蟧"],"height":134,"ascent":20,"type":"bitmap"},{"file":"saigonmc:gui/container/title_stonecutter.png","chars":["縧"],"height":20,"ascent":20,"type":"bitmap"},{"file":"saigonmc:gui/container/title_cartography.png","chars":["縛"],"height":20,"ascent":20,"type":"bitmap"},{"file":"saigonmc:gui/container/title_grindstone.png","chars":["縀"],"height":20,"ascent":20,"type":"bitmap"},{"file":"saigonmc:gui/container/title_loom.png","chars":["絣"],"height":22,"ascent":21,"type":"bitmap"},{"file":"saigonmc:gui/container/title_furnace.png","chars":["箋"],"height":20,"ascent":20,"type":"bitmap"},{"file":"saigonmc:gui/container/title_smoker.png","chars":["磠"],"height":20,"ascent":20,"type":"bitmap"},{"file":"saigonmc:gui/container/title_enchant.png","chars":["睻"],"height":20,"ascent":20,"type":"bitmap"},{"file":"saigonmc:gui/container/title_brewing.png","chars":["睱"],"height":20,"ascent":20,"type":"bitmap"},{"file":"saigonmc:gui/container/title_barrel.png","chars":["盉"],"height":20,"ascent":20,"type":"bitmap"},{"file":"saigonmc:gui/container/title_enderchest.png","chars":["魒"],"height":20,"ascent":20,"type":"bitmap"},{"file":"saigonmc:gui/container/title_chest_double.png","chars":["鬳"],"height":20,"ascent":20,"type":"bitmap"},{"file":"saigonmc:gui/container/title_chest.png","chars":["驆"],"height":20,"ascent":20,"type":"bitmap"},{"file":"saigonmc:gui/container/title_shulker.png","chars":["餽"],"height":20,"ascent":20,"type":"bitmap"},{"file":"saigonmc:gui/container/title_hopper.png","chars":["餫"],"height":20,"ascent":20,"type":"bitmap"},{"file":"saigonmc:gui/container/title_blast_furnace.png","chars":["餟"],"height":20,"ascent":20,"type":"bitmap"},{"file":"saigonmc:gui/container/title_dropper.png","chars":["颻"],"height":20,"ascent":20,"type":"bitmap"},{"file":"saigonmc:gui/container/title_dispenser.png","chars":["鏸"],"height":20,"ascent":20,"type":"bitmap"},{"file":"saigonmc:gui/container/title_trash.png","chars":["羙"],"height":20,"ascent":20,"type":"bitmap"},{"file":"saigonmc:gui/container/title_deathchest.png","chars":["蘂"],"height":20,"ascent":20,"type":"bitmap"},{"file":"saigonmc:gui/container/title_confirm.png","chars":["縚"],"height":20,"ascent":20,"type":"bitmap"},{"file":"saigonmc:gui/container/title_claim_info.png","chars":["緵"],"height":20,"ascent":20,"type":"bitmap"},{"file":"saigonmc:gui/container/title_claim_list.png","chars":["緤"],"height":20,"ascent":20,"type":"bitmap"},{"file":"saigonmc:gui/container/title_claim_trust.png","chars":["籋"],"height":20,"ascent":20,"type":"bitmap"},{"file":"saigonmc:gui/container/addons_claim_confim.png","chars":["笎"],"height":46,"ascent":20,"type":"bitmap"},{"file":"saigonmc:gui/container/addons_tags.png","chars":["窫"],"height":134,"ascent":20,"type":"bitmap"},{"file":"saigonmc:gui/container/title_homes.png","chars":["貒"],"height":20,"ascent":20,"type":"bitmap"},{"file":"saigonmc:gui/container/title_pets.png","chars":["艸"],"height":20,"ascent":20,"type":"bitmap"},{"file":"saigonmc:gui/container/title_pets_pets.png","chars":["羮"],"height":20,"ascent":20,"type":"bitmap"},{"file":"saigonmc:gui/container/title_pets_mounts.png","chars":["肰"],"height":20,"ascent":20,"type":"bitmap"},{"file":"saigonmc:gui/container/shop_title_color.png","chars":["螧"],"height":134,"ascent":20,"type":"bitmap"},{"file":"saigonmc:gui/container/island_create.png","chars":["袽"],"height":82,"ascent":20,"type":"bitmap"},{"file":"saigonmc:gui/container/island_delete_confirm.png","chars":["蠚"],"height":82,"ascent":20,"type":"bitmap"},{"file":"saigonmc:gui/container/island_list_members.png","chars":["螥"],"height":134,"ascent":20,"type":"bitmap"},{"file":"saigonmc:gui/container/island_list_visitors.png","chars":["蜽"],"height":134,"ascent":20,"type":"bitmap"},{"file":"saigonmc:gui/container/island_list_members_manage.png","chars":["蜫"],"height":82,"ascent":20,"type":"bitmap"},{"file":"saigonmc:gui/container/shop_pets_pets.png","chars":["糮"],"height":134,"ascent":20,"type":"bitmap"},{"file":"saigonmc:gui/container/shop_pets_mounts.png","chars":["穽"],"height":134,"ascent":20,"type":"bitmap"},{"file":"_iainternal:hud/small_cooldown_bar/0.png","chars":[""],"height":22,"ascent":-42,"type":"bitmap"},{"file":"_iainternal:hud/small_cooldown_bar/1.png","chars":[""],"height":22,"ascent":-42,"type":"bitmap"},{"file":"_iainternal:hud/small_cooldown_bar/2.png","chars":[""],"height":22,"ascent":-42,"type":"bitmap"},{"file":"_iainternal:hud/small_cooldown_bar/3.png","chars":[""],"height":22,"ascent":-42,"type":"bitmap"},{"file":"_iainternal:hud/small_cooldown_bar/4.png","chars":[""],"height":22,"ascent":-42,"type":"bitmap"},{"file":"_iainternal:hud/small_cooldown_bar/5.png","chars":[""],"height":22,"ascent":-42,"type":"bitmap"},{"file":"_iainternal:hud/small_cooldown_bar/6.png","chars":[""],"height":22,"ascent":-42,"type":"bitmap"},{"file":"_iainternal:hud/small_cooldown_bar/7.png","chars":[""],"height":22,"ascent":-42,"type":"bitmap"},{"file":"_iainternal:hud/small_cooldown_bar/8.png","chars":[""],"height":22,"ascent":-42,"type":"bitmap"},{"file":"_iainternal:hud/small_cooldown_bar/9.png","chars":[""],"height":22,"ascent":-42,"type":"bitmap"},{"file":"_iainternal:hud/small_cooldown_bar/10.png","chars":[""],"height":22,"ascent":-42,"type":"bitmap"},{"file":"_iainternal:hud/small_cooldown_bar/11.png","chars":[""],"height":22,"ascent":-42,"type":"bitmap"},{"file":"_iainternal:hud/small_cooldown_bar/12.png","chars":[""],"height":22,"ascent":-42,"type":"bitmap"},{"file":"_iainternal:hud/small_cooldown_bar/13.png","chars":[""],"height":22,"ascent":-42,"type":"bitmap"},{"file":"_iainternal:hud/small_cooldown_bar/14.png","chars":[""],"height":22,"ascent":-42,"type":"bitmap"},{"file":"_iainternal:hud/small_cooldown_bar/15.png","chars":[""],"height":22,"ascent":-42,"type":"bitmap"},{"file":"_iainternal:hud/small_cooldown_bar/16.png","chars":[""],"height":22,"ascent":-42,"type":"bitmap"},{"file":"_iainternal:hud/small_cooldown_bar/17.png","chars":[""],"height":22,"ascent":-42,"type":"bitmap"},{"file":"_iainternal:hud/small_cooldown_bar/18.png","chars":[""],"height":22,"ascent":-42,"type":"bitmap"},{"file":"_iainternal:hud/small_cooldown_bar/19.png","chars":[""],"height":22,"ascent":-42,"type":"bitmap"},{"file":"_iainternal:hud/small_cooldown_bar/20.png","chars":[""],"height":22,"ascent":-42,"type":"bitmap"},{"file":"saigonmc:gui/tags/state_afk.png","chars":["鈵"],"height":7,"ascent":7,"type":"bitmap"},{"file":"saigonmc:gui/tags/state_trading.png","chars":["鱄"],"height":7,"ascent":7,"type":"bitmap"},{"file":"saigonmc:gui/tags/type_currency.png","chars":["賷"],"height":7,"ascent":7,"type":"bitmap"},{"file":"saigonmc:gui/tags/type_tool.png","chars":["螠"],"height":7,"ascent":7,"type":"bitmap"},{"file":"saigonmc:gui/tags/type_npc.png","chars":["謄"],"height":7,"ascent":7,"type":"bitmap"},{"file":"saigonmc:gui/tags/type_unobtainable.png","chars":["祩"],"height":7,"ascent":7,"type":"bitmap"},{"file":"saigonmc:gui/tags/type_legendary.png","chars":["礿"],"height":7,"ascent":7,"type":"bitmap"},{"file":"saigonmc:gui/tags/type_mythical.png","chars":["瞞"],"height":7,"ascent":7,"type":"bitmap"},{"file":"saigonmc:gui/tags/type_epic.png","chars":["眘"],"height":7,"ascent":7,"type":"bitmap"},{"file":"saigonmc:gui/tags/type_rare.png","chars":["盢"],"height":7,"ascent":7,"type":"bitmap"},{"file":"saigonmc:gui/tags/type_common.png","chars":["齜"],"height":7,"ascent":7,"type":"bitmap"},{"file":"saigonmc:gui/tags/type_normal.png","chars":["鷺"],"height":7,"ascent":7,"type":"bitmap"},{"file":"saigonmc:gui/tags/type_event.png","chars":["鷦"],"height":7,"ascent":7,"type":"bitmap"},{"file":"saigonmc:gui/tags/role_member.png","chars":["蝑"],"height":7,"ascent":7,"type":"bitmap"},{"file":"saigonmc:gui/tags/role_owner.png","chars":["蒪"],"height":7,"ascent":7,"type":"bitmap"},{"file":"saigonmc:gui/tags/role_trusted.png","chars":["葟"],"height":7,"ascent":7,"type":"bitmap"},{"file":"saigonmc:gui/tags/role_visitor.png","chars":["葇"],"height":7,"ascent":7,"type":"bitmap"},{"file":"_iainternal:gui/no_recipe.png","chars":[""],"height":170,"ascent":47,"type":"bitmap"},{"file":"_iainternal:gui/crafting.png","chars":[""],"height":170,"ascent":47,"type":"bitmap"},{"file":"_iainternal:gui/cooking.png","chars":[""],"height":170,"ascent":47,"type":"bitmap"},{"file":"_iainternal:gui/blank_menu.png","chars":[""],"height":170,"ascent":47,"type":"bitmap"},{"file":"_iainternal:gui/anvil_repair.png","chars":[""],"height":170,"ascent":47,"type":"bitmap"},{"file":"_iainternal:gui/smithing.png","chars":[""],"height":170,"ascent":47,"type":"bitmap"},{"file":"saigonmc:gui/menu/banner_esc.png","chars":[""],"height":50,"ascent":-107,"type":"bitmap"},{"file":"saigonmc:gui/misc/black_box.png","chars":["虜"],"height":3000,"ascent":500,"type":"bitmap"},{"file":"saigonmc:gameplay/bossbar/mutant_zombie.png","chars":["銫"],"height":12,"ascent":11,"type":"bitmap"},{"type":"bitmap","file":"saigonmc:gui/hud/comma.png","ascent":-28,"height":8,"chars":["豧"]},{"type":"bitmap","file":"saigonmc:gui/hud/numbers.png","ascent":-27,"height":8,"chars":["謚諧誻詐詇詅褸褣裺裶"]}]}