{"textures":{"0":"saigonmc_models:entity/cat6"},"elements":[{"from":[6.5,6.4,6.2],"to":[9.5,8.4,9.2],"faces":{"east":{"uv":[11.5,0.75,12.25,1.25],"tintindex":0,"rotation":0,"texture":"#0"},"south":{"uv":[11.5,1.5,12.25,2.0],"tintindex":0,"rotation":0,"texture":"#0"},"north":{"uv":[11.5,0.0,12.25,0.5],"tintindex":0,"rotation":0,"texture":"#0"},"west":{"uv":[11.5,2.25,12.25,2.75],"tintindex":0,"rotation":0,"texture":"#0"},"up":{"uv":[11.25,2.75,10.5,2.0],"tintindex":0,"rotation":0,"texture":"#0"},"down":{"uv":[11.25,3.0,10.5,3.75],"tintindex":0,"rotation":0,"texture":"#0"}}}],"display":{"gui":{"rotation":[30,225,0]}}}