{"textures":{"0":"saigonmc_models:entity/cat6"},"elements":[{"from":[6.35,4.102094,6.854558],"to":[9.05,8.802094,9.554558],"faces":{"east":{"uv":[7.0,7.75,7.75,9.0],"tintindex":0,"rotation":0,"texture":"#0"},"south":{"uv":[0.0,8.0,0.75,9.25],"tintindex":0,"rotation":0,"texture":"#0"},"north":{"uv":[2.5,7.25,3.25,8.5],"tintindex":0,"rotation":0,"texture":"#0"},"west":{"uv":[3.5,8.0,4.25,9.25],"tintindex":0,"rotation":0,"texture":"#0"},"up":{"uv":[11.25,4.75,10.5,4.0],"tintindex":0,"rotation":0,"texture":"#0"},"down":{"uv":[7.25,10.5,6.5,11.25],"tintindex":0,"rotation":0,"texture":"#0"}}}],"display":{"gui":{"rotation":[30,225,0]}}}