{"textures":{"0":"saigonmc_models:entity/cat6"},"elements":[{"from":[6.5,6.4,6.2],"to":[9.5,8.4,9.2],"faces":{"east":{"uv":[12.25,2.25,11.5,2.75],"tintindex":0,"rotation":0,"texture":"#0"},"south":{"uv":[12.25,1.5,11.5,2.0],"tintindex":0,"rotation":0,"texture":"#0"},"north":{"uv":[12.25,0.0,11.5,0.5],"tintindex":0,"rotation":0,"texture":"#0"},"west":{"uv":[12.25,0.75,11.5,1.25],"tintindex":0,"rotation":0,"texture":"#0"},"up":{"uv":[10.5,2.75,11.25,2.0],"tintindex":0,"rotation":0,"texture":"#0"},"down":{"uv":[10.5,3.0,11.25,3.75],"tintindex":0,"rotation":0,"texture":"#0"}}}],"display":{"gui":{"rotation":[30,225,0]}}}