{"textures":{"0":"saigonmc_models:entity/cat6"},"elements":[{"from":[6.9500003,4.102094,6.854558],"to":[9.650001,8.802094,9.554558],"faces":{"east":{"uv":[4.25,8.0,3.5,9.25],"tintindex":0,"rotation":0,"texture":"#0"},"south":{"uv":[0.75,8.0,0.0,9.25],"tintindex":0,"rotation":0,"texture":"#0"},"north":{"uv":[3.25,7.25,2.5,8.5],"tintindex":0,"rotation":0,"texture":"#0"},"west":{"uv":[7.75,7.75,7.0,9.0],"tintindex":0,"rotation":0,"texture":"#0"},"up":{"uv":[10.5,4.75,11.25,4.0],"tintindex":0,"rotation":0,"texture":"#0"},"down":{"uv":[6.5,10.5,7.25,11.25],"tintindex":0,"rotation":0,"texture":"#0"}}}],"display":{"gui":{"rotation":[30,225,0]}}}