{"textures":{"0":"saigonmc_models:entity/cat6"},"elements":[{"from":[6.9500003,5.5020947,6.945442],"to":[9.650001,9.202095,9.645443],"faces":{"east":{"uv":[9.5,2.5,10.25,3.5],"tintindex":0,"rotation":0,"texture":"#0"},"south":{"uv":[3.5,9.5,4.25,10.5],"tintindex":0,"rotation":0,"texture":"#0"},"north":{"uv":[9.5,1.25,10.25,2.25],"tintindex":0,"rotation":0,"texture":"#0"},"west":{"uv":[9.5,3.75,10.25,4.75],"tintindex":0,"rotation":0,"texture":"#0"},"up":{"uv":[11.25,0.75,10.5,0.0],"tintindex":0,"rotation":0,"texture":"#0"},"down":{"uv":[11.25,1.0,10.5,1.75],"tintindex":0,"rotation":0,"texture":"#0"}}}],"display":{"gui":{"rotation":[30,225,0]}}}