{"textures":{"particle":"saigonmc:items/gears/cyber/cyber_techblade"},"elements":[{"from":[7,-13,7],"to":[9,-3,9],"faces":{"north":{"uv":[2.75,2.25,3.25,4.75],"texture":"#particle"},"east":{"uv":[2.75,2.25,3.25,4.75],"texture":"#particle"},"south":{"uv":[2.75,2.25,3.25,4.75],"texture":"#particle"},"west":{"uv":[2.75,2.25,3.25,4.75],"texture":"#particle"}}},{"from":[6,-15,6],"to":[10,-14,10],"faces":{"north":{"uv":[9,1.25,10,1.5],"texture":"#particle"},"east":{"uv":[9,1.25,10,1.5],"texture":"#particle"},"south":{"uv":[9,1.25,10,1.5],"texture":"#particle"},"west":{"uv":[9,1.25,10,1.5],"texture":"#particle"},"up":{"uv":[10,1.25,9,0.25],"texture":"#particle"},"down":{"uv":[10,2.5,9,1.5],"texture":"#particle"}}},{"from":[4,-3,6.5],"to":[12,0,9.5],"faces":{"north":{"uv":[4.5,1,6.5,1.75],"texture":"#particle"},"east":{"uv":[3.75,1,4.5,1.75],"texture":"#particle"},"south":{"uv":[6.5,1,4.5,1.75],"texture":"#particle"},"west":{"uv":[6.5,1,7.25,1.75],"texture":"#particle"},"up":{"uv":[6.5,1,4.5,0.25],"texture":"#particle"},"down":{"uv":[6.5,2.5,4.5,1.75],"texture":"#particle"}}},{"from":[6.5,-16,6.5],"to":[9.5,-13,9.5],"faces":{"north":{"uv":[7.75,1,8.5,1.75],"texture":"#particle"},"east":{"uv":[7.75,1,8.5,1.75],"texture":"#particle"},"south":{"uv":[7.75,1,8.5,1.75],"texture":"#particle"},"west":{"uv":[7.75,1,8.5,1.75],"texture":"#particle"},"up":{"uv":[8.5,1,7.75,0.25],"texture":"#particle"},"down":{"uv":[8.5,2.5,7.75,1.75],"texture":"#particle"}}},{"from":[4,0,6.5],"to":[7,3,9.5],"faces":{"north":{"uv":[6.75,3,7.5,3.75],"texture":"#particle"},"east":{"uv":[6,3,6.75,3.75],"texture":"#particle"},"south":{"uv":[7.5,3,6.75,3.75],"texture":"#particle"},"west":{"uv":[7.5,3,8.25,3.75],"texture":"#particle"}}},{"from":[4,3,6.5],"to":[10,5,9.5],"faces":{"north":{"uv":[6,5,7.5,5.5],"texture":"#particle"},"east":{"uv":[5.25,5,6,5.5],"texture":"#particle"},"south":{"uv":[7.5,5,6,5.5],"texture":"#particle"},"west":{"uv":[7.5,5,8.25,5.5],"texture":"#particle"},"up":{"uv":[7.5,5,6,4.25],"texture":"#particle"},"down":{"uv":[7.5,6.25,6,5.5],"texture":"#particle"}}},{"from":[9,0,6.5],"to":[10,3,9.5],"faces":{"north":{"uv":[3.5,5.5,3.75,6.25],"texture":"#particle"},"east":{"uv":[2.75,5.5,3.5,6.25],"texture":"#particle"},"south":{"uv":[3.75,5.5,3.5,6.25],"texture":"#particle"},"west":{"uv":[3.75,5.5,4.5,6.25],"texture":"#particle"}}},{"from":[5,0,7.5],"to":[11,27,8.5],"faces":{"north":{"uv":[0.5,0.25,2,7],"texture":"#particle"},"east":{"uv":[0.25,0.25,0.5,7],"texture":"#particle"},"south":{"uv":[2,0.25,0.5,7],"texture":"#particle"},"west":{"uv":[2,0.25,2.25,7],"texture":"#particle"}}},{"from":[5,27,7.5],"to":[6,32,8.5],"faces":{"north":{"uv":[2.75,0.5,3,1.75],"texture":"#particle"},"south":{"uv":[3,0.5,2.75,1.75],"texture":"#particle"},"west":{"uv":[3,0.5,3.25,1.75],"texture":"#particle"},"up":{"uv":[3,0.5,2.75,0.25],"texture":"#particle"}}},{"from":[6,27,7.5],"to":[10,31,8.5],"faces":{"north":{"uv":[3.75,4,4.75,5],"texture":"#particle"},"south":{"uv":[4.75,4,3.75,5],"texture":"#particle"}}},{"from":[-10.38478,22.55635,7.4875],"to":[-3.30978,23.55635,8.5125],"rotation":{"angle":-45,"axis":"z","origin":[8,8,8]},"faces":{"north":{"uv":[3.75,3.25,5.5,3.5],"texture":"#particle"},"south":{"uv":[5.5,3.25,3.75,3.5],"texture":"#particle"},"up":{"uv":[5.5,3.25,3.75,3],"texture":"#particle"}}}],"gui_light":"front","display":{"thirdperson_righthand":{"rotation":[0,90,0],"translation":[0,6.75,1],"scale":[0.55,0.55,0.55]},"thirdperson_lefthand":{"rotation":[0,-90,0],"translation":[0,6.75,1],"scale":[0.55,0.55,0.55]},"firstperson_righthand":{"rotation":[8,90,0],"translation":[0.5,5,0],"scale":[0.4,0.4,0.4]},"firstperson_lefthand":{"rotation":[8,-90,0],"translation":[0.5,5,0],"scale":[0.4,0.4,0.4]},"ground":{"translation":[0,9,0],"scale":[0.5,0.5,0.5]},"gui":{"rotation":[0,0,-45],"scale":[0.4,0.4,0.4]},"fixed":{"rotation":[-90,0,0],"translation":[0,0,-35],"scale":[1.5,1.5,1.5]}}}