{"textures":{"0":"saigonmc_models:entity/basilisk_wild"},"elements":[{"from":[14.269281,14.5671835,4.268182],"to":[16.269283,19.567184,6.268182],"faces":{"east":{"uv":[3.125,7.5625,3.25,7.875],"tintindex":0,"rotation":0,"texture":"#0"},"south":{"uv":[3.375,7.9375,3.5,8.25],"tintindex":0,"rotation":0,"texture":"#0"},"north":{"uv":[5.8125,3.6875,5.9375,4.0],"tintindex":0,"rotation":0,"texture":"#0"},"west":{"uv":[8.0625,1.1875,8.1875,1.5],"tintindex":0,"rotation":0,"texture":"#0"},"up":{"uv":[4.6875,3.75,4.5625,3.625],"tintindex":0,"rotation":0,"texture":"#0"},"down":{"uv":[6.25,0.875,6.125,1.0],"tintindex":0,"rotation":0,"texture":"#0"}},"rotation":{"origin":[9.2717495,12.372367,27.51818],"angle":-22.5,"axis":"z"}},{"from":[0.32060766,13.504441,3.2681818],"to":[4.320608,17.50444,7.268182],"faces":{"east":{"uv":[6.0,7.5,5.75,7.75],"tintindex":0,"rotation":0,"texture":"#0"},"south":{"uv":[5.6875,7.5,5.4375,7.75],"tintindex":0,"rotation":0,"texture":"#0"},"north":{"uv":[7.75,2.375,7.5,2.625],"tintindex":0,"rotation":0,"texture":"#0"},"west":{"uv":[7.75,3.5625,7.5,3.8125],"tintindex":0,"rotation":0,"texture":"#0"},"up":{"uv":[6.0625,7.75,6.3125,7.5],"tintindex":0,"rotation":0,"texture":"#0"},"down":{"uv":[7.5,7.4375,7.75,7.6875],"tintindex":0,"rotation":0,"texture":"#0"}},"rotation":{"origin":[6.31916,12.372367,27.51818],"angle":45.0,"axis":"z"}},{"from":[2.3247914,15.50497,-0.7318182],"to":[4.324791,19.50497,1.2681818],"faces":{"east":{"uv":[8.4375,5.9375,8.3125,6.1875],"tintindex":0,"rotation":0,"texture":"#0"},"south":{"uv":[8.4375,5.625,8.3125,5.875],"tintindex":0,"rotation":0,"texture":"#0"},"north":{"uv":[8.4375,5.0,8.3125,5.25],"tintindex":0,"rotation":0,"texture":"#0"},"west":{"uv":[8.4375,5.3125,8.3125,5.5625],"tintindex":0,"rotation":0,"texture":"#0"},"up":{"uv":[3.875,6.9375,4.0,6.8125],"tintindex":0,"rotation":0,"texture":"#0"},"down":{"uv":[7.6875,5.8125,7.8125,5.9375],"tintindex":0,"rotation":0,"texture":"#0"}},"rotation":{"origin":[6.31916,12.372367,27.51818],"angle":45.0,"axis":"z"}},{"from":[-2.2174873,4.926148,-3.7068186],"to":[3.7825122,10.926148,4.2931814],"faces":{"east":{"uv":[4.0,6.375,3.5,6.75],"tintindex":0,"rotation":0,"texture":"#0"},"south":{"uv":[7.3125,5.4375,6.9375,5.8125],"tintindex":0,"rotation":0,"texture":"#0"},"north":{"uv":[5.375,6.9375,5.0,7.3125],"tintindex":0,"rotation":0,"texture":"#0"},"west":{"uv":[3.4375,6.375,2.9375,6.75],"tintindex":0,"rotation":0,"texture":"#0"},"up":{"uv":[4.625,6.5625,5.0,6.0625],"tintindex":0,"rotation":0,"texture":"#0"},"down":{"uv":[1.3125,6.3125,1.6875,6.8125],"tintindex":0,"rotation":0,"texture":"#0"}},"rotation":{"origin":[6.31916,12.372367,27.51818],"angle":22.5,"axis":"z"}},{"from":[-0.6783724,14.5671835,4.268182],"to":[1.3216276,19.567184,6.268182],"faces":{"east":{"uv":[8.1875,1.1875,8.0625,1.5],"tintindex":0,"rotation":0,"texture":"#0"},"south":{"uv":[3.5,7.9375,3.375,8.25],"tintindex":0,"rotation":0,"texture":"#0"},"north":{"uv":[5.9375,3.6875,5.8125,4.0],"tintindex":0,"rotation":0,"texture":"#0"},"west":{"uv":[3.25,7.5625,3.125,7.875],"tintindex":0,"rotation":0,"texture":"#0"},"up":{"uv":[4.5625,3.75,4.6875,3.625],"tintindex":0,"rotation":0,"texture":"#0"},"down":{"uv":[6.125,0.875,6.25,1.0],"tintindex":0,"rotation":0,"texture":"#0"}},"rotation":{"origin":[6.31916,12.372367,27.51818],"angle":22.5,"axis":"z"}},{"from":[14.018385,11.884326,-0.7318182],"to":[16.018387,15.884326,1.2681818],"faces":{"east":{"uv":[8.3125,5.3125,8.4375,5.5625],"tintindex":0,"rotation":0,"texture":"#0"},"south":{"uv":[8.3125,5.625,8.4375,5.875],"tintindex":0,"rotation":0,"texture":"#0"},"north":{"uv":[8.3125,5.0,8.4375,5.25],"tintindex":0,"rotation":0,"texture":"#0"},"west":{"uv":[8.3125,5.9375,8.4375,6.1875],"tintindex":0,"rotation":0,"texture":"#0"},"up":{"uv":[4.0,6.9375,3.875,6.8125],"tintindex":0,"rotation":0,"texture":"#0"},"down":{"uv":[7.8125,5.8125,7.6875,5.9375],"tintindex":0,"rotation":0,"texture":"#0"}},"rotation":{"origin":[15.018385,13.884326,0.2681818],"angle":-45.0,"axis":"z"}},{"from":[11.808397,4.926148,-3.7068186],"to":[17.808397,10.926148,4.2931814],"faces":{"east":{"uv":[2.9375,6.375,3.4375,6.75],"tintindex":0,"rotation":0,"texture":"#0"},"south":{"uv":[6.9375,5.4375,7.3125,5.8125],"tintindex":0,"rotation":0,"texture":"#0"},"north":{"uv":[5.0,6.9375,5.375,7.3125],"tintindex":0,"rotation":0,"texture":"#0"},"west":{"uv":[3.5,6.375,4.0,6.75],"tintindex":0,"rotation":0,"texture":"#0"},"up":{"uv":[5.0,6.5625,4.625,6.0625],"tintindex":0,"rotation":0,"texture":"#0"},"down":{"uv":[1.6875,6.3125,1.3125,6.8125],"tintindex":0,"rotation":0,"texture":"#0"}},"rotation":{"origin":[9.2717495,12.372367,27.51818],"angle":-22.5,"axis":"z"}},{"from":[3.2954545,4.2125115,-3.7318182],"to":[12.295454,10.212512,-1.7318182],"faces":{"east":{"uv":[2.8125,0.6875,2.9375,1.0625],"tintindex":0,"rotation":0,"texture":"#0"},"south":{"uv":[3.5625,5.9375,4.125,6.3125],"tintindex":0,"rotation":0,"texture":"#0"},"north":{"uv":[2.9375,5.9375,3.5,6.3125],"tintindex":0,"rotation":0,"texture":"#0"},"west":{"uv":[6.375,7.5,6.5,7.875],"tintindex":0,"rotation":0,"texture":"#0"},"up":{"uv":[7.9375,6.125,7.375,6.0],"tintindex":0,"rotation":0,"texture":"#0"},"down":{"uv":[1.25,7.5,0.6875,7.625],"tintindex":0,"rotation":0,"texture":"#0"}}},{"from":[11.270301,13.504441,3.2681818],"to":[15.270302,17.50444,7.268182],"faces":{"east":{"uv":[7.5,3.5625,7.75,3.8125],"tintindex":0,"rotation":0,"texture":"#0"},"south":{"uv":[5.4375,7.5,5.6875,7.75],"tintindex":0,"rotation":0,"texture":"#0"},"north":{"uv":[7.5,2.375,7.75,2.625],"tintindex":0,"rotation":0,"texture":"#0"},"west":{"uv":[5.75,7.5,6.0,7.75],"tintindex":0,"rotation":0,"texture":"#0"},"up":{"uv":[6.3125,7.75,6.0625,7.5],"tintindex":0,"rotation":0,"texture":"#0"},"down":{"uv":[7.75,7.4375,7.5,7.6875],"tintindex":0,"rotation":0,"texture":"#0"}},"rotation":{"origin":[9.2717495,12.372367,27.51818],"angle":-45.0,"axis":"z"}},{"from":[17.808397,4.926148,2.2931814],"to":[21.808397,9.926148,2.2931814],"faces":{"south":{"uv":[7.625,5.625,7.375,5.9375],"tintindex":0,"rotation":0,"texture":"#0"},"north":{"uv":[7.375,5.625,7.625,5.9375],"tintindex":0,"rotation":0,"texture":"#0"}},"rotation":{"origin":[9.2717495,12.372367,27.51818],"angle":-22.5,"axis":"z"}},{"from":[3.2954545,6.212512,-15.731819],"to":[12.295454,10.212512,-3.7318182],"faces":{"east":{"uv":[0.5,6.125,1.25,6.375],"tintindex":0,"rotation":0,"texture":"#0"},"south":{"uv":[6.9375,2.6875,7.5,2.9375],"tintindex":0,"rotation":0,"texture":"#0"},"north":{"uv":[1.0625,2.3125,1.625,2.5625],"tintindex":0,"rotation":0,"texture":"#0"},"west":{"uv":[2.125,6.1875,2.875,6.4375],"tintindex":0,"rotation":0,"texture":"#0"},"up":{"uv":[1.4375,5.375,0.875,4.625],"tintindex":0,"rotation":0,"texture":"#0"},"down":{"uv":[2.0625,4.8125,1.5,5.5625],"tintindex":0,"rotation":0,"texture":"#0"}}},{"from":[12.295454,4.2125115,-15.731819],"to":[12.295454,6.212512,-3.7318182],"faces":{"east":{"uv":[3.0625,0.5,3.8125,0.625],"tintindex":0,"rotation":0,"texture":"#0"},"west":{"uv":[2.375,4.25,3.125,4.375],"tintindex":0,"rotation":0,"texture":"#0"}}},{"from":[7.7954545,10.212512,-13.731819],"to":[7.7954545,14.212512,-1.7318182],"faces":{"east":{"uv":[6.4375,0.0,7.1875,0.25],"tintindex":0,"rotation":0,"texture":"#0"},"west":{"uv":[7.1875,0.0,6.4375,0.25],"tintindex":0,"rotation":0,"texture":"#0"}}},{"from":[-6.2174873,4.926148,2.2931814],"to":[-2.2174873,9.926148,2.2931814],"faces":{"south":{"uv":[7.375,5.625,7.625,5.9375],"tintindex":0,"rotation":0,"texture":"#0"},"north":{"uv":[7.625,5.625,7.375,5.9375],"tintindex":0,"rotation":0,"texture":"#0"}},"rotation":{"origin":[6.31916,12.372367,27.51818],"angle":22.5,"axis":"z"}},{"from":[1.2954545,4.2125115,-1.7318182],"to":[14.295454,13.212512,8.268182],"faces":{"east":{"uv":[2.5,4.875,3.125,5.4375],"tintindex":0,"rotation":0,"texture":"#0"},"south":{"uv":[4.0625,1.6875,4.875,2.25],"tintindex":0,"rotation":0,"texture":"#0"},"north":{"uv":[4.0625,1.0625,4.875,1.625],"tintindex":0,"rotation":0,"texture":"#0"},"west":{"uv":[4.9375,1.0625,5.5625,1.625],"tintindex":0,"rotation":0,"texture":"#0"},"up":{"uv":[0.8125,4.3125,0.0,3.6875],"tintindex":0,"rotation":0,"texture":"#0"},"down":{"uv":[4.5,3.125,3.6875,3.75],"tintindex":0,"rotation":0,"texture":"#0"}}},{"from":[3.2954545,4.2125115,-15.731819],"to":[12.295454,6.212512,-15.731819],"faces":{"south":{"uv":[7.5,1.8125,8.0625,1.9375],"tintindex":0,"rotation":0,"texture":"#0"},"north":{"uv":[7.5,1.625,8.0625,1.75],"tintindex":0,"rotation":0,"texture":"#0"}}}],"display":{"gui":{"rotation":[30,225,0]}}}