{"textures":{"0":"saigonmc_models:entity/basilisk_wild"},"elements":[{"from":[12.662988,4.697222,4.236622],"to":[14.662988,7.697222,8.236622],"faces":{"east":{"uv":[7.8125,4.4375,8.0625,4.625],"tintindex":0,"rotation":0,"texture":"#0"},"south":{"uv":[4.4375,8.4375,4.5625,8.625],"tintindex":0,"rotation":0,"texture":"#0"},"north":{"uv":[4.25,8.4375,4.375,8.625],"tintindex":0,"rotation":0,"texture":"#0"},"west":{"uv":[7.8125,4.6875,8.0625,4.875],"tintindex":0,"rotation":0,"texture":"#0"},"up":{"uv":[8.375,3.0,8.25,2.75],"tintindex":0,"rotation":0,"texture":"#0"},"down":{"uv":[8.375,3.0625,8.25,3.3125],"tintindex":0,"rotation":0,"texture":"#0"}},"rotation":{"origin":[0.32178688,19.657978,27.026001],"angle":22.5,"axis":"y"}},{"from":[6.997733,4.697222,-0.55242443],"to":[8.997733,7.697222,3.4475746],"faces":{"east":{"uv":[5.625,1.4375,5.875,1.625],"tintindex":0,"rotation":0,"texture":"#0"},"south":{"uv":[8.3125,0.9375,8.4375,1.125],"tintindex":0,"rotation":0,"texture":"#0"},"north":{"uv":[7.625,3.0,7.75,3.1875],"tintindex":0,"rotation":0,"texture":"#0"},"west":{"uv":[6.0,5.5625,6.25,5.75],"tintindex":0,"rotation":0,"texture":"#0"},"up":{"uv":[4.875,4.3125,4.75,4.0625],"tintindex":0,"rotation":0,"texture":"#0"},"down":{"uv":[0.3125,7.5,0.1875,7.75],"tintindex":0,"rotation":0,"texture":"#0"}}},{"from":[7.997733,4.697222,-3.5524244],"to":[7.997733,7.697222,-0.55242443],"faces":{"east":{"uv":[8.0625,0.625,8.25,0.8125],"tintindex":0,"rotation":0,"texture":"#0"},"west":{"uv":[8.25,0.625,8.0625,0.8125],"tintindex":0,"rotation":0,"texture":"#0"}}},{"from":[14.375975,6.197222,4.304531],"to":[17.375977,6.197222,9.304531],"faces":{"up":{"uv":[3.125,5.8125,2.9375,5.5],"tintindex":0,"rotation":0,"texture":"#0"},"down":{"uv":[3.125,5.5,2.9375,5.8125],"tintindex":0,"rotation":0,"texture":"#0"}},"rotation":{"origin":[0.32178688,19.157978,27.151001],"angle":22.5,"axis":"y"}},{"from":[13.280304,4.697222,1.1605015],"to":[13.280304,7.697222,4.1605015],"faces":{"east":{"uv":[8.125,2.25,8.3125,2.4375],"tintindex":0,"rotation":0,"texture":"#0"},"west":{"uv":[8.3125,2.25,8.125,2.4375],"tintindex":0,"rotation":0,"texture":"#0"}},"rotation":{"origin":[0.32178688,19.657978,27.026001],"angle":22.5,"axis":"y"}},{"from":[-2.4706745,6.197222,-1.3988104],"to":[0.5293255,6.197222,3.6011896],"faces":{"up":{"uv":[7.9375,2.3125,7.75,2.0],"tintindex":0,"rotation":0,"texture":"#0"},"down":{"uv":[7.9375,2.0,7.75,2.3125],"tintindex":0,"rotation":0,"texture":"#0"}},"rotation":{"origin":[0.32178688,19.157978,27.151001],"angle":-22.5,"axis":"y"}},{"from":[4.497733,4.672222,3.4475746],"to":[11.497733,8.672222,9.447575],"faces":{"east":{"uv":[4.0625,2.3125,4.4375,2.5625],"tintindex":0,"rotation":0,"texture":"#0"},"south":{"uv":[7.0625,7.125,7.5,7.375],"tintindex":0,"rotation":0,"texture":"#0"},"north":{"uv":[6.5625,7.125,7.0,7.375],"tintindex":0,"rotation":0,"texture":"#0"},"west":{"uv":[3.1875,4.875,3.5625,5.125],"tintindex":0,"rotation":0,"texture":"#0"},"up":{"uv":[5.5,6.875,5.0625,6.5],"tintindex":0,"rotation":0,"texture":"#0"},"down":{"uv":[7.0,2.0,6.5625,2.375],"tintindex":0,"rotation":0,"texture":"#0"}}},{"from":[0.24231291,4.697222,-1.4667196],"to":[2.242313,7.697222,2.5332794],"faces":{"east":{"uv":[7.75,1.3125,8.0,1.5],"tintindex":0,"rotation":0,"texture":"#0"},"south":{"uv":[4.0625,8.4375,4.1875,8.625],"tintindex":0,"rotation":0,"texture":"#0"},"north":{"uv":[3.875,8.4375,4.0,8.625],"tintindex":0,"rotation":0,"texture":"#0"},"west":{"uv":[7.8125,2.375,8.0625,2.5625],"tintindex":0,"rotation":0,"texture":"#0"},"up":{"uv":[3.0625,8.375,2.9375,8.125],"tintindex":0,"rotation":0,"texture":"#0"},"down":{"uv":[2.1875,8.25,2.0625,8.5],"tintindex":0,"rotation":0,"texture":"#0"}},"rotation":{"origin":[0.32178688,19.657978,27.026001],"angle":-22.5,"axis":"y"}},{"from":[1.6249962,4.697222,-4.54284],"to":[1.6249962,7.697222,-1.54284],"faces":{"east":{"uv":[1.3125,8.125,1.5,8.3125],"tintindex":0,"rotation":0,"texture":"#0"},"west":{"uv":[1.5,8.125,1.3125,8.3125],"tintindex":0,"rotation":0,"texture":"#0"}},"rotation":{"origin":[0.32178688,19.657978,27.026001],"angle":-22.5,"axis":"y"}}],"display":{"gui":{"rotation":[30,225,0]}}}