{"textures":{"0":"saigonmc_models:entity/basilisk_wild"},"elements":[{"from":[5.49796,-7.046295,14.937935],"to":[10.49796,0.95370436,20.937935],"faces":{"east":{"uv":[4.1875,6.0,4.5625,6.5],"tintindex":0,"rotation":0,"texture":"#0"},"south":{"uv":[6.4375,3.9375,6.75,4.4375],"tintindex":0,"rotation":0,"texture":"#0"},"north":{"uv":[0.9375,6.5,1.25,7.0],"tintindex":0,"rotation":0,"texture":"#0"},"west":{"uv":[5.9375,5.8125,6.3125,6.3125],"tintindex":0,"rotation":0,"texture":"#0"},"up":{"uv":[7.375,0.6875,7.0625,0.3125],"tintindex":0,"rotation":0,"texture":"#0"},"down":{"uv":[1.25,7.0625,0.9375,7.4375],"tintindex":0,"rotation":0,"texture":"#0"}},"rotation":{"origin":[0.32201338,16.280401,22.970888],"angle":45.0,"axis":"x"}}],"display":{"gui":{"rotation":[30,225,0]}}}