{"textures":{"0":"saigonmc_models:entity/basilisk_wild"},"elements":[{"from":[4.5,4.4999995,7.8500004],"to":[11.5,11.5,27.85],"faces":{"east":{"uv":[3.0625,0.0,4.3125,0.4375],"tintindex":0,"rotation":0,"texture":"#0"},"south":{"uv":[6.125,0.375,6.5625,0.8125],"tintindex":0,"rotation":0,"texture":"#0"},"north":{"uv":[0.0,6.125,0.4375,6.5625],"tintindex":0,"rotation":0,"texture":"#0"},"west":{"uv":[3.1875,2.625,4.4375,3.0625],"tintindex":0,"rotation":0,"texture":"#0"},"up":{"uv":[3.625,4.375,3.1875,3.125],"tintindex":0,"rotation":0,"texture":"#0"},"down":{"uv":[1.4375,3.3125,1.0,4.5625],"tintindex":0,"rotation":0,"texture":"#0"}}},{"from":[8.0,11.5,15.85],"to":[8.0,17.5,27.85],"faces":{"east":{"uv":[2.0,0.6875,2.75,1.0625],"tintindex":0,"rotation":0,"texture":"#0"},"west":{"uv":[2.75,0.6875,2.0,1.0625],"tintindex":0,"rotation":0,"texture":"#0"}}}],"display":{"gui":{"rotation":[30,225,0]}}}