{"textures":{"0":"saigonmc_models:entity/basilisk_wild"},"elements":[{"from":[5.5,4.9999995,7.833332],"to":[10.5,11.0,26.833332],"faces":{"east":{"uv":[4.375,0.0,5.5625,0.375],"tintindex":0,"rotation":0,"texture":"#0"},"south":{"uv":[0.0,7.0625,0.3125,7.4375],"tintindex":0,"rotation":0,"texture":"#0"},"north":{"uv":[4.1875,7.0,4.5,7.375],"tintindex":0,"rotation":0,"texture":"#0"},"west":{"uv":[3.6875,4.375,4.875,4.75],"tintindex":0,"rotation":0,"texture":"#0"},"up":{"uv":[5.0,6.0,4.6875,4.8125],"tintindex":0,"rotation":0,"texture":"#0"},"down":{"uv":[2.4375,4.875,2.125,6.0625],"tintindex":0,"rotation":0,"texture":"#0"}}},{"from":[8.0,11.0,7.833332],"to":[8.0,17.0,26.833332],"faces":{"east":{"uv":[2.375,4.4375,3.5625,4.8125],"tintindex":0,"rotation":0,"texture":"#0"},"west":{"uv":[3.5625,4.4375,2.375,4.8125],"tintindex":0,"rotation":0,"texture":"#0"}}},{"from":[8.0,-1.0,9.833332],"to":[8.0,4.9999995,28.833332],"faces":{"east":{"uv":[4.5625,2.75,5.75,3.125],"tintindex":0,"rotation":0,"texture":"#0"},"west":{"uv":[5.75,2.75,4.5625,3.125],"tintindex":0,"rotation":0,"texture":"#0"}}}],"display":{"gui":{"rotation":[30,225,0]}}}