{"textures":{"0":"saigonmc_models:entity/basilisk_snowstorm"},"elements":[{"from":[4.502267,4.672222,3.4475746],"to":[11.502267,8.672222,9.447575],"faces":{"east":{"uv":[3.5625,4.875,3.1875,5.125],"tintindex":0,"rotation":0,"texture":"#0"},"south":{"uv":[7.5,7.125,7.0625,7.375],"tintindex":0,"rotation":0,"texture":"#0"},"north":{"uv":[7.0,7.125,6.5625,7.375],"tintindex":0,"rotation":0,"texture":"#0"},"west":{"uv":[4.4375,2.3125,4.0625,2.5625],"tintindex":0,"rotation":0,"texture":"#0"},"up":{"uv":[5.0625,6.875,5.5,6.5],"tintindex":0,"rotation":0,"texture":"#0"},"down":{"uv":[6.5625,2.0,7.0,2.375],"tintindex":0,"rotation":0,"texture":"#0"}}},{"from":[8.002267,4.697222,-3.5524254],"to":[8.002267,7.697222,-0.5524254],"faces":{"east":{"uv":[8.0625,0.625,8.25,0.8125],"tintindex":0,"rotation":0,"texture":"#0"},"west":{"uv":[8.25,0.625,8.0625,0.8125],"tintindex":0,"rotation":0,"texture":"#0"}}},{"from":[2.719696,4.697222,1.160501],"to":[2.719696,7.697222,4.1605005],"faces":{"east":{"uv":[8.125,2.25,8.3125,2.4375],"tintindex":0,"rotation":0,"texture":"#0"},"west":{"uv":[8.3125,2.25,8.125,2.4375],"tintindex":0,"rotation":0,"texture":"#0"}},"rotation":{"origin":[15.678213,19.657978,27.026001],"angle":-22.5,"axis":"y"}},{"from":[-1.3759756,6.197222,4.304531],"to":[1.6240253,6.197222,9.304531],"faces":{"up":{"uv":[2.9375,5.8125,3.125,5.5],"tintindex":0,"rotation":0,"texture":"#0"},"down":{"uv":[2.9375,5.5,3.125,5.8125],"tintindex":0,"rotation":0,"texture":"#0"}},"rotation":{"origin":[15.678213,19.157978,27.151001],"angle":-22.5,"axis":"y"}},{"from":[1.3370123,4.697222,4.2366214],"to":[3.3370123,7.697222,8.236622],"faces":{"east":{"uv":[8.0625,4.6875,7.8125,4.875],"tintindex":0,"rotation":0,"texture":"#0"},"south":{"uv":[4.5625,8.4375,4.4375,8.625],"tintindex":0,"rotation":0,"texture":"#0"},"north":{"uv":[4.375,8.4375,4.25,8.625],"tintindex":0,"rotation":0,"texture":"#0"},"west":{"uv":[8.0625,4.4375,7.8125,4.625],"tintindex":0,"rotation":0,"texture":"#0"},"up":{"uv":[8.25,3.0,8.375,2.75],"tintindex":0,"rotation":0,"texture":"#0"},"down":{"uv":[8.25,3.0625,8.375,3.3125],"tintindex":0,"rotation":0,"texture":"#0"}},"rotation":{"origin":[15.678213,19.657978,27.026001],"angle":-22.5,"axis":"y"}},{"from":[7.002267,4.697222,-0.5524254],"to":[9.002267,7.697222,3.4475746],"faces":{"east":{"uv":[6.25,5.5625,6.0,5.75],"tintindex":0,"rotation":0,"texture":"#0"},"south":{"uv":[8.4375,0.9375,8.3125,1.125],"tintindex":0,"rotation":0,"texture":"#0"},"north":{"uv":[7.75,3.0,7.625,3.1875],"tintindex":0,"rotation":0,"texture":"#0"},"west":{"uv":[5.875,1.4375,5.625,1.625],"tintindex":0,"rotation":0,"texture":"#0"},"up":{"uv":[4.75,4.3125,4.875,4.0625],"tintindex":0,"rotation":0,"texture":"#0"},"down":{"uv":[0.1875,7.5,0.3125,7.75],"tintindex":0,"rotation":0,"texture":"#0"}}},{"from":[14.375004,4.697222,-4.542841],"to":[14.375004,7.697222,-1.542841],"faces":{"east":{"uv":[1.3125,8.125,1.5,8.3125],"tintindex":0,"rotation":0,"texture":"#0"},"west":{"uv":[1.5,8.125,1.3125,8.3125],"tintindex":0,"rotation":0,"texture":"#0"}},"rotation":{"origin":[15.678213,19.657978,27.026001],"angle":22.5,"axis":"y"}},{"from":[13.757687,4.697222,-1.4667206],"to":[15.757687,7.697222,2.5332794],"faces":{"east":{"uv":[8.0625,2.375,7.8125,2.5625],"tintindex":0,"rotation":0,"texture":"#0"},"south":{"uv":[4.1875,8.4375,4.0625,8.625],"tintindex":0,"rotation":0,"texture":"#0"},"north":{"uv":[4.0,8.4375,3.875,8.625],"tintindex":0,"rotation":0,"texture":"#0"},"west":{"uv":[8.0,1.3125,7.75,1.5],"tintindex":0,"rotation":0,"texture":"#0"},"up":{"uv":[2.9375,8.375,3.0625,8.125],"tintindex":0,"rotation":0,"texture":"#0"},"down":{"uv":[2.0625,8.25,2.1875,8.5],"tintindex":0,"rotation":0,"texture":"#0"}},"rotation":{"origin":[15.678213,19.657978,27.026001],"angle":22.5,"axis":"y"}},{"from":[15.4706745,6.197222,-1.3988113],"to":[18.470675,6.197222,3.6011887],"faces":{"up":{"uv":[7.75,2.3125,7.9375,2.0],"tintindex":0,"rotation":0,"texture":"#0"},"down":{"uv":[7.75,2.0,7.9375,2.3125],"tintindex":0,"rotation":0,"texture":"#0"}},"rotation":{"origin":[15.678213,19.157978,27.151001],"angle":22.5,"axis":"y"}}],"display":{"gui":{"rotation":[30,225,0]}}}