{"textures":{"0":"saigonmc_models:entity/basilisk_snowstorm"},"elements":[{"from":[3.6812553,-2.6761627,4.4280806],"to":[9.681255,7.3238363,11.428081],"faces":{"east":{"uv":[5.0625,4.4375,5.5,5.0625],"tintindex":0,"rotation":0,"texture":"#0"},"south":{"uv":[0.9375,5.4375,1.3125,6.0625],"tintindex":0,"rotation":0,"texture":"#0"},"north":{"uv":[0.5,5.4375,0.875,6.0625],"tintindex":0,"rotation":0,"texture":"#0"},"west":{"uv":[5.0625,5.125,5.5,5.75],"tintindex":0,"rotation":0,"texture":"#0"},"up":{"uv":[2.875,6.9375,2.5,6.5],"tintindex":0,"rotation":0,"texture":"#0"},"down":{"uv":[6.875,2.8125,6.5,3.25],"tintindex":0,"rotation":0,"texture":"#0"}},"rotation":{"origin":[4.549472,10.702657,23.678082],"angle":22.5,"axis":"z"}}],"display":{"gui":{"rotation":[30,225,0]}}}