{
    "sources": [
        {
            "type": "single",
            "resource": "saigonmc:items/gears/platinum/platinum_boots"
        },
        {
            "type": "single",
            "resource": "saigonmc:items/gears/spirit/spirit_sword"
        },
        {
            "type": "single",
            "resource": "saigonmc:gui/blocks/switch_on"
        },
        {
            "type": "single",
            "resource": "saigonmc:items/gears/platinum/platinum_shovel"
        },
        {
            "type": "single",
            "resource": "saigonmc:items/foods/lettuce"
        },
        {
            "type": "single",
            "resource": "saigonmc:pets/heads/phoenix_baby"
        },
        {
            "type": "single",
            "resource": "saigonmc:items/currencies/gem_1"
        },
        {
            "type": "single",
            "resource": "saigonmc:gui/blocks/misc_question"
        },
        {
            "type": "single",
            "resource": "saigonmc_models:entity/dragon_nether"
        },
        {
            "type": "single",
            "resource": "saigonmc:items/gears/cyber/cyber_techblade"
        },
        {
            "type": "single",
            "resource": "saigonmc:items/foods/chilli"
        },
        {
            "type": "single",
            "resource": "saigonmc:gui/blocks/trade_status_deny"
        },
        {
            "type": "single",
            "resource": "saigonmc:pets/heads/stag_rune"
        },
        {
            "type": "single",
            "resource": "saigonmc:items/foods/potato_gold"
        },
        {
            "type": "single",
            "resource": "saigonmc:items/addons/paintbucket"
        },
        {
            "type": "single",
            "resource": "saigonmc_models:entity/phoenix_baby"
        },
        {
            "type": "single",
            "resource": "saigonmc:items/gears/platinum/platinum_chestplate"
        },
        {
            "type": "single",
            "resource": "saigonmc:gui/titles/icon_mod_big"
        },
        {
            "type": "single",
            "resource": "saigonmc_models:entity/basilisk_snowstorm"
        },
        {
            "type": "single",
            "resource": "saigonmc:items/gears/spirit/spirit_bow_0"
        },
        {
            "type": "single",
            "resource": "saigonmc:items/gears/spirit/spirit_bow_1"
        },
        {
            "type": "single",
            "resource": "saigonmc:items/gears/spirit/spirit_bow_2"
        },
        {
            "type": "single",
            "resource": "saigonmc:items/gears/platinum/platinum_leggings"
        },
        {
            "type": "single",
            "resource": "saigonmc:items/addons/skull"
        },
        {
            "type": "single",
            "resource": "saigonmc:items/events/hungking/wrapped_gift"
        },
        {
            "type": "single",
            "resource": "saigonmc:items/gears/platinum/platinum_bow"
        },
        {
            "type": "single",
            "resource": "saigonmc_models:entity/chibi_salamender"
        },
        {
            "type": "single",
            "resource": "saigonmc_models:entity/thread_ball"
        },
        {
            "type": "single",
            "resource": "saigonmc_models:entity/nocsy_chibi_pegasus"
        },
        {
            "type": "single",
            "resource": "saigonmc:pets/heads/stag_demonic"
        },
        {
            "type": "single",
            "resource": "saigonmc:items/gears/spirit/spirit_pickaxe"
        },
        {
            "type": "single",
            "resource": "saigonmc:items/gears/platinum/platinum_pickaxe"
        },
        {
            "type": "single",
            "resource": "saigonmc:items/events/hungking/wrapping_paper"
        },
        {
            "type": "single",
            "resource": "saigonmc:items/foods/beetroot_gold"
        },
        {
            "type": "single",
            "resource": "saigonmc:items/gears/lunar_dragon/lunar_dragon_crossbow_1"
        },
        {
            "type": "single",
            "resource": "saigonmc:pets/heads/dragon_sculk"
        },
        {
            "type": "single",
            "resource": "saigonmc:items/gears/lunar_dragon/lunar_dragon_leggings"
        },
        {
            "type": "single",
            "resource": "saigonmc_models:entity/sabertooth_arctic"
        },
        {
            "type": "single",
            "resource": "saigonmc:gui/blocks/planet_s4"
        },
        {
            "type": "single",
            "resource": "saigonmc:gui/blocks/planet_s3"
        },
        {
            "type": "single",
            "resource": "saigonmc:gui/blocks/planet_s2"
        },
        {
            "type": "single",
            "resource": "saigonmc:items/gears/lunar_dragon/lunar_dragon_crossbow"
        },
        {
            "type": "single",
            "resource": "saigonmc:items/events/hungking/trash"
        },
        {
            "type": "single",
            "resource": "saigonmc:gui/blocks/planet_s1"
        },
        {
            "type": "single",
            "resource": "saigonmc:items/gears/jade/jade_shield"
        },
        {
            "type": "single",
            "resource": "saigonmc:gui/blocks/planet_s0"
        },
        {
            "type": "single",
            "resource": "saigonmc_models:entity/sabertooth_midnight"
        },
        {
            "type": "single",
            "resource": "saigonmc:pets/heads/stag_void"
        },
        {
            "type": "single",
            "resource": "saigonmc:items/foods/chilli_gold"
        },
        {
            "type": "single",
            "resource": "saigonmc:gui/titles/icon_guider_big"
        },
        {
            "type": "single",
            "resource": "saigonmc:items/gears/spirit/spirit_leggings"
        },
        {
            "type": "single",
            "resource": "saigonmc:gui/blocks/auction_sort"
        },
        {
            "type": "single",
            "resource": "saigonmc:gui/titles/icon_saigonmc_color_big"
        },
        {
            "type": "single",
            "resource": "saigonmc_models:entity/sabertooth_savanna"
        },
        {
            "type": "single",
            "resource": "saigonmc:items/gears/spirit/spirit_hoe"
        },
        {
            "type": "single",
            "resource": "saigonmc_models:entity/zc_runner"
        },
        {
            "type": "single",
            "resource": "saigonmc:items/gears/lunar_dragon/lunar_dragon_shovel"
        },
        {
            "type": "single",
            "resource": "saigonmc_models:entity/capybara_small"
        },
        {
            "type": "single",
            "resource": "saigonmc:gui/titles/title_bg"
        },
        {
            "type": "single",
            "resource": "saigonmc_models:entity/utahraptor3"
        },
        {
            "type": "single",
            "resource": "saigonmc:items/gears/lunar_dragon/lunar_dragon_bow"
        },
        {
            "type": "single",
            "resource": "saigonmc:items/gears/jade/jade_bow"
        },
        {
            "type": "single",
            "resource": "saigonmc:pets/heads/cat_fallen"
        },
        {
            "type": "single",
            "resource": "saigonmc:items/addons/swap"
        },
        {
            "type": "single",
            "resource": "saigonmc:items/gears/lunar_dragon/lunar_dragon_crossbow_2"
        },
        {
            "type": "single",
            "resource": "saigonmc_models:entity/fluffy_ram_chibi"
        },
        {
            "type": "single",
            "resource": "saigonmc:pets/heads/dragon_nether"
        },
        {
            "type": "single",
            "resource": "saigonmc:pets/heads/chibi_salamander"
        },
        {
            "type": "single",
            "resource": "saigonmc:items/foods/mango_gold"
        },
        {
            "type": "single",
            "resource": "saigonmc_models:entity/zc_corrupted_spire"
        },
        {
            "type": "single",
            "resource": "saigonmc:pets/heads/walle"
        },
        {
            "type": "single",
            "resource": "saigonmc:items/gears/lunar_dragon/lunar_dragon_staff"
        },
        {
            "type": "single",
            "resource": "saigonmc:items/foods/lettuce_gold"
        },
        {
            "type": "single",
            "resource": "saigonmc:items/gears/lunar_dragon/lunar_dragon_hoe"
        },
        {
            "type": "single",
            "resource": "saigonmc:items/addons/remote"
        },
        {
            "type": "single",
            "resource": "saigonmc:items/currencies/gem_100"
        },
        {
            "type": "single",
            "resource": "saigonmc_models:entity/phantom_ender"
        },
        {
            "type": "single",
            "resource": "saigonmc:items/foods/corn"
        },
        {
            "type": "single",
            "resource": "saigonmc_models:entity/otter"
        },
        {
            "type": "single",
            "resource": "saigonmc_models:entity/zc_impaler"
        },
        {
            "type": "single",
            "resource": "saigonmc:items/gears/lunar_dragon/lunar_dragon_shield"
        },
        {
            "type": "single",
            "resource": "saigonmc_models:entity/dragon_glacial"
        },
        {
            "type": "single",
            "resource": "saigonmc_models:entity/dragon_sculk"
        },
        {
            "type": "single",
            "resource": "saigonmc:items/gears/lunar_dragon/lunar_dragon_helmet"
        },
        {
            "type": "single",
            "resource": "saigonmc:pets/heads/chibi_fluffy_ram"
        },
        {
            "type": "single",
            "resource": "saigonmc:pets/heads/sabertooth_savanna"
        },
        {
            "type": "single",
            "resource": "saigonmc:items/foods/pineapple_gold"
        },
        {
            "type": "single",
            "resource": "saigonmc:items/gears/platinum/platinum_fishing_rod_cast"
        },
        {
            "type": "single",
            "resource": "saigonmc:items/gears/jade/jade_axe"
        },
        {
            "type": "single",
            "resource": "saigonmc_models:entity/zc_walker"
        },
        {
            "type": "single",
            "resource": "saigonmc:gui/blocks/trade_status_allow"
        },
        {
            "type": "single",
            "resource": "saigonmc:items/foods/tomato"
        },
        {
            "type": "single",
            "resource": "saigonmc:items/gears/lunar_dragon/lunar_dragon_fishing_rod"
        },
        {
            "type": "single",
            "resource": "saigonmc:items/gears/spirit/spirit_helmet"
        },
        {
            "type": "single",
            "resource": "saigonmc:gui/blocks/misc_filter"
        },
        {
            "type": "single",
            "resource": "saigonmc:pets/heads/chibi_fox"
        },
        {
            "type": "single",
            "resource": "saigonmc:items/gears/spirit/spirit_bow"
        },
        {
            "type": "single",
            "resource": "saigonmc_models:entity/capybara"
        },
        {
            "type": "single",
            "resource": "saigonmc:items/gears/lunar_dragon/lunar_dragon_greatsword"
        },
        {
            "type": "single",
            "resource": "saigonmc_models:entity/chibi_djinn_dragon"
        },
        {
            "type": "single",
            "resource": "saigonmc:gui/titles/icon_saigonmc_grey_big"
        },
        {
            "type": "single",
            "resource": "saigonmc:gui/titles/icon_admin_big"
        },
        {
            "type": "single",
            "resource": "saigonmc_models:entity/cat_fallen"
        },
        {
            "type": "single",
            "resource": "saigonmc:items/events/lunar/red_envelope"
        },
        {
            "type": "single",
            "resource": "saigonmc:items/addons/threadball"
        },
        {
            "type": "single",
            "resource": "saigonmc:items/gears/jade/jade_bow_2"
        },
        {
            "type": "single",
            "resource": "saigonmc:pets/heads/corgi"
        },
        {
            "type": "single",
            "resource": "saigonmc:items/gears/jade/jade_bow_0"
        },
        {
            "type": "single",
            "resource": "saigonmc_models:entity/stag_demonic"
        },
        {
            "type": "single",
            "resource": "saigonmc:items/gears/jade/jade_bow_1"
        },
        {
            "type": "single",
            "resource": "saigonmc:items/foods/banana"
        },
        {
            "type": "single",
            "resource": "saigonmc:items/gears/lunar_dragon/animations/animations_2"
        },
        {
            "type": "single",
            "resource": "saigonmc:items/gears/lunar_dragon/animations/animations_3"
        },
        {
            "type": "single",
            "resource": "saigonmc:items/gears/platinum/platinum_axe"
        },
        {
            "type": "single",
            "resource": "saigonmc:items/gears/jade/jade_sword"
        },
        {
            "type": "single",
            "resource": "saigonmc:items/gears/lunar_dragon/animations/animations_1"
        },
        {
            "type": "single",
            "resource": "saigonmc:gui/blocks/vote_off"
        },
        {
            "type": "single",
            "resource": "saigonmc:pets/heads/stag_heavenly"
        },
        {
            "type": "single",
            "resource": "saigonmc_models:entity/phantom_ghost"
        },
        {
            "type": "single",
            "resource": "saigonmc:items/events/rewards/large_trophy"
        },
        {
            "type": "single",
            "resource": "saigonmc:items/currencies/gem_100k"
        },
        {
            "type": "single",
            "resource": "saigonmc:items/foods/egg_plant"
        },
        {
            "type": "single",
            "resource": "saigonmc:items/gears/platinum/platinum"
        },
        {
            "type": "single",
            "resource": "saigonmc:items/gears/platinum/platinum_fishing_rod"
        },
        {
            "type": "single",
            "resource": "saigonmc:gui/blocks/auction_buying"
        },
        {
            "type": "single",
            "resource": "saigonmc_models:entity/fairy_seed"
        },
        {
            "type": "single",
            "resource": "saigonmc:gui/blocks/misc_arrow_right"
        },
        {
            "type": "single",
            "resource": "saigonmc:items/gears/lunar_dragon/lunar_dragon_pickaxe"
        },
        {
            "type": "single",
            "resource": "saigonmc_models:entity/kitsune_demonic"
        },
        {
            "type": "single",
            "resource": "saigonmc:items/gears/spirit/spirit_axe"
        },
        {
            "type": "single",
            "resource": "saigonmc:pets/heads/kitsune_mount"
        },
        {
            "type": "single",
            "resource": "saigonmc_models:entity/zc_corrupted_spike_2"
        },
        {
            "type": "single",
            "resource": "saigonmc:items/foods/mango"
        },
        {
            "type": "single",
            "resource": "saigonmc:pets/heads/cat1"
        },
        {
            "type": "single",
            "resource": "saigonmc:pets/heads/cat2"
        },
        {
            "type": "single",
            "resource": "saigonmc:pets/heads/cat3"
        },
        {
            "type": "single",
            "resource": "saigonmc_models:entity/zc_corrupted_spike_1"
        },
        {
            "type": "single",
            "resource": "saigonmc:pets/heads/cat4"
        },
        {
            "type": "single",
            "resource": "saigonmc:pets/heads/cat5"
        },
        {
            "type": "single",
            "resource": "saigonmc_models:entity/cat_fallen_eyes"
        },
        {
            "type": "single",
            "resource": "saigonmc:pets/heads/cat6"
        },
        {
            "type": "single",
            "resource": "saigonmc:items/gears/lunar_dragon/lunar_dragon_scythe"
        },
        {
            "type": "single",
            "resource": "saigonmc:pets/heads/utahraptor"
        },
        {
            "type": "single",
            "resource": "saigonmc_models:entity/panda"
        },
        {
            "type": "single",
            "resource": "saigonmc_models:entity/kitsune_inferno"
        },
        {
            "type": "single",
            "resource": "saigonmc:items/gears/jade/jade_pickaxe"
        },
        {
            "type": "single",
            "resource": "saigonmc:pets/heads/dragon_desert"
        },
        {
            "type": "single",
            "resource": "saigonmc:gui/blocks/misc_filter_blacklist"
        },
        {
            "type": "single",
            "resource": "saigonmc:pets/heads/basilisk_wild"
        },
        {
            "type": "single",
            "resource": "saigonmc:pets/heads/fairy_seed"
        },
        {
            "type": "single",
            "resource": "saigonmc:pets/heads/otter"
        },
        {
            "type": "single",
            "resource": "saigonmc_models:entity/kitsune"
        },
        {
            "type": "single",
            "resource": "saigonmc:gui/blocks/trade_unready"
        },
        {
            "type": "single",
            "resource": "saigonmc:items/foods/pineapple"
        },
        {
            "type": "single",
            "resource": "saigonmc:pets/heads/kitsune_demonic"
        },
        {
            "type": "single",
            "resource": "saigonmc:items/gears/spirit/spirit_chestplate"
        },
        {
            "type": "single",
            "resource": "saigonmc:items/gears/lunar_dragon/lunar_dragon_chestplate"
        },
        {
            "type": "single",
            "resource": "saigonmc:items/currencies/gem_1k"
        },
        {
            "type": "single",
            "resource": "saigonmc:items/foods/wheat_gold"
        },
        {
            "type": "single",
            "resource": "saigonmc:items/addons/pokeball"
        },
        {
            "type": "single",
            "resource": "saigonmc_models:entity/walle"
        },
        {
            "type": "single",
            "resource": "saigonmc_models:entity/dragon_desert"
        },
        {
            "type": "single",
            "resource": "saigonmc_models:entity/zc_scavenger"
        },
        {
            "type": "single",
            "resource": "saigonmc:pets/heads/basilisk_snowstorm"
        },
        {
            "type": "single",
            "resource": "saigonmc:items/currencies/gem_10k"
        },
        {
            "type": "single",
            "resource": "saigonmc_models:entity/zc_crusher"
        },
        {
            "type": "single",
            "resource": "saigonmc:pets/heads/sabertooth_arctic"
        },
        {
            "type": "single",
            "resource": "saigonmc:items/gears/lunar_dragon/lunar_dragon_boots"
        },
        {
            "type": "single",
            "resource": "saigonmc:items/events/lunar/lunar_key_nhu"
        },
        {
            "type": "single",
            "resource": "saigonmc:items/gears/lunar_dragon/lunar_dragon_hammer"
        },
        {
            "type": "single",
            "resource": "saigonmc:pets/heads/panda"
        },
        {
            "type": "single",
            "resource": "saigonmc:items/events/lunar/lunar_key_y"
        },
        {
            "type": "single",
            "resource": "saigonmc_models:entity/stag_rune"
        },
        {
            "type": "single",
            "resource": "saigonmc:items/gears/spirit/spirit_boots"
        },
        {
            "type": "single",
            "resource": "saigonmc:pets/heads/kitsune_inferno"
        },
        {
            "type": "single",
            "resource": "saigonmc_models:entity/corgi"
        },
        {
            "type": "single",
            "resource": "saigonmc:gui/blocks/misc_arrow_left"
        },
        {
            "type": "single",
            "resource": "saigonmc:items/gears/lunar_dragon/lunar_dragon_spear"
        },
        {
            "type": "single",
            "resource": "saigonmc:gui/blocks/transparent"
        },
        {
            "type": "single",
            "resource": "saigonmc:items/gears/jade/jade_hoe"
        },
        {
            "type": "single",
            "resource": "saigonmc_models:entity/zc_spitter"
        },
        {
            "type": "single",
            "resource": "saigonmc:gui/blocks/auction_expired"
        },
        {
            "type": "single",
            "resource": "saigonmc:items/foods/egg_plant_gold"
        },
        {
            "type": "single",
            "resource": "saigonmc:items/gears/spirit/spirit_relic"
        },
        {
            "type": "single",
            "resource": "saigonmc:items/gears/lunar_dragon/lunar_dragon_head"
        },
        {
            "type": "single",
            "resource": "saigonmc:items/gears/lunar_dragon/lunar_dragon_bow_2"
        },
        {
            "type": "single",
            "resource": "saigonmc:items/gears/lunar_dragon/lunar_dragon_bow_1"
        },
        {
            "type": "single",
            "resource": "saigonmc:items/gears/jade/jade_shovel"
        },
        {
            "type": "single",
            "resource": "saigonmc:pets/heads/chibi_djinn_dragon"
        },
        {
            "type": "single",
            "resource": "saigonmc:pets/heads/phantom_ghost"
        },
        {
            "type": "single",
            "resource": "saigonmc:pets/heads/sabertooth_midnight"
        },
        {
            "type": "single",
            "resource": "saigonmc:items/addons/toy_bone"
        },
        {
            "type": "single",
            "resource": "saigonmc:gui/blocks/planet_hub"
        },
        {
            "type": "single",
            "resource": "saigonmc_models:entity/chibi_fox"
        },
        {
            "type": "single",
            "resource": "saigonmc:pets/heads/basilisk_obsidian"
        },
        {
            "type": "single",
            "resource": "saigonmc:items/events/lunar/lunar_key_khai"
        },
        {
            "type": "single",
            "resource": "saigonmc:items/gears/lunar_dragon/lunar_dragon_sword"
        },
        {
            "type": "single",
            "resource": "saigonmc_models:entity/toy_bone"
        },
        {
            "type": "single",
            "resource": "saigonmc:items/gears/lunar_dragon/lunar_dragon_trident"
        },
        {
            "type": "single",
            "resource": "saigonmc:items/gears/spirit/spirit_shovel"
        },
        {
            "type": "single",
            "resource": "saigonmc:gui/blocks/trade_cancel"
        },
        {
            "type": "single",
            "resource": "saigonmc:gui/blocks/misc_clear"
        },
        {
            "type": "single",
            "resource": "saigonmc:items/events/hungking/wrapping_tie"
        },
        {
            "type": "single",
            "resource": "saigonmc:items/gears/lunar_dragon/lunar_dragon_axe"
        },
        {
            "type": "single",
            "resource": "saigonmc:items/gears/platinum/platinum_bow_2"
        },
        {
            "type": "single",
            "resource": "saigonmc:items/foods/mace"
        },
        {
            "type": "single",
            "resource": "saigonmc:items/gears/platinum/platinum_hoe"
        },
        {
            "type": "single",
            "resource": "saigonmc:items/gears/platinum/platinum_bow_1"
        },
        {
            "type": "single",
            "resource": "saigonmc:items/gears/platinum/platinum_bow_0"
        },
        {
            "type": "single",
            "resource": "saigonmc_models:entity/cat1"
        },
        {
            "type": "single",
            "resource": "saigonmc:pets/heads/dragon_glacial"
        },
        {
            "type": "single",
            "resource": "saigonmc_models:entity/cat2"
        },
        {
            "type": "single",
            "resource": "saigonmc_models:entity/cat3"
        },
        {
            "type": "single",
            "resource": "saigonmc_models:entity/cat4"
        },
        {
            "type": "single",
            "resource": "saigonmc_models:entity/cat5"
        },
        {
            "type": "single",
            "resource": "saigonmc_models:entity/cat6"
        },
        {
            "type": "single",
            "resource": "saigonmc:items/gears/platinum/platinum_helmet"
        },
        {
            "type": "single",
            "resource": "saigonmc:pets/heads/capybara_small"
        },
        {
            "type": "single",
            "resource": "saigonmc_models:entity/basilisk_wild"
        },
        {
            "type": "single",
            "resource": "saigonmc:items/foods/banana_gold"
        },
        {
            "type": "single",
            "resource": "saigonmc:items/gears/platinum/platinum_sword"
        },
        {
            "type": "single",
            "resource": "saigonmc_models:entity/stag_heavenly"
        },
        {
            "type": "single",
            "resource": "saigonmc:gui/blocks/trade_ready"
        },
        {
            "type": "single",
            "resource": "saigonmc_models:entity/stag_void"
        },
        {
            "type": "single",
            "resource": "saigonmc:pets/heads/chibi_pegasus"
        },
        {
            "type": "single",
            "resource": "saigonmc:pets/heads/capybara"
        },
        {
            "type": "single",
            "resource": "saigonmc:items/foods/corn_gold"
        },
        {
            "type": "single",
            "resource": "saigonmc:items/staff/mumei_hat"
        },
        {
            "type": "single",
            "resource": "saigonmc:gui/blocks/deny"
        },
        {
            "type": "single",
            "resource": "saigonmc:gui/blocks/vote_on"
        },
        {
            "type": "single",
            "resource": "saigonmc_models:entity/basilisk_obsidian"
        },
        {
            "type": "single",
            "resource": "saigonmc:gui/blocks/switch_off"
        },
        {
            "type": "single",
            "resource": "saigonmc:items/staff/bunny_ears2"
        },
        {
            "type": "single",
            "resource": "saigonmc:gui/blocks/auction_my_items"
        },
        {
            "type": "single",
            "resource": "saigonmc:pets/heads/phantom_ender"
        },
        {
            "type": "single",
            "resource": "saigonmc:items/events/lunar/lunar_key_xuan"
        }
    ]
}