{"textures":{"particle":"saigonmc:items/staff/bunny_ears2"},"elements":[{"from":[4,8,8],"to":[7,13,9],"faces":{"north":{"uv":[6,1,9,6],"texture":"#particle"},"east":{"uv":[10,1,9,6],"texture":"#particle"},"south":{"uv":[10,1,13,6],"texture":"#particle"},"west":{"uv":[9,1,10,6],"texture":"#particle"},"down":{"uv":[9,7,6,6],"texture":"#particle"}}},{"from":[9,8,8],"to":[12,13,9],"faces":{"north":{"uv":[6,1,9,6],"texture":"#particle"},"east":{"uv":[10,1,9,6],"texture":"#particle"},"south":{"uv":[10,1,13,6],"texture":"#particle"},"west":{"uv":[9,1,10,6],"texture":"#particle"},"down":{"uv":[9,7,6,6],"texture":"#particle"}}},{"from":[4,13,5],"to":[7,14,9],"faces":{"north":{"uv":[1,5,4,6],"texture":"#particle"},"east":{"uv":[10,9,6,10],"texture":"#particle"},"south":{"uv":[10,9,13,10],"texture":"#particle"},"west":{"uv":[6,9,10,10],"texture":"#particle"},"up":{"uv":[4,5,1,1],"texture":"#particle"},"down":{"uv":[4,10,1,6],"texture":"#particle"}}},{"from":[9,13,5],"to":[12,14,9],"faces":{"north":{"uv":[1,5,4,6],"texture":"#particle"},"east":{"uv":[10,9,6,10],"texture":"#particle"},"south":{"uv":[10,9,13,10],"texture":"#particle"},"west":{"uv":[6,9,10,10],"texture":"#particle"},"up":{"uv":[4,5,1,1],"texture":"#particle"},"down":{"uv":[4,10,1,6],"texture":"#particle"}}}],"display":{"thirdperson_righthand":{"rotation":[75,45,0],"translation":[0,1,-1.5],"scale":[0.55,0.55,0.55]},"thirdperson_lefthand":{"rotation":[75,45,0],"translation":[0,1,-1.5],"scale":[0.55,0.55,0.55]},"firstperson_righthand":{"rotation":[0,135,0],"translation":[0,1,0.5],"scale":[0.4,0.4,0.4]},"firstperson_lefthand":{"rotation":[0,135,0],"translation":[0,1,0.5],"scale":[0.4,0.4,0.4]},"gui":{"rotation":[30,225,0],"translation":[0,-2.5,0]},"head":{"translation":[0,6.4,0],"scale":[1.6,1.6,1.6]},"fixed":{"rotation":[-90,0,0],"translation":[0,0,1],"scale":[2,2,2]}}}