{"texture_size":[128,128],"textures":{"0":"saigonmc:items/staff/mumei_hat"},"elements":[{"name":"Hat Layer","from":[3.5,18,3.5],"to":[12.5,27,12.5],"rotation":{"angle":0,"axis":"y","origin":[8,0,8]},"faces":{"north":{"uv":[5,1,6,2],"texture":"#0"},"east":{"uv":[4,1,5,2],"texture":"#0"},"south":{"uv":[7,1,8,2],"texture":"#0"},"west":{"uv":[6,1,7,2],"texture":"#0"},"up":{"uv":[6,1,5,0],"texture":"#0"},"down":{"uv":[7,0,6,1],"texture":"#0"}}},{"name":"base","from":[4.90925,-1,12.4],"to":[12.90925,27,13.4],"rotation":{"angle":22.5,"axis":"z","origin":[10.55,31.7,13.9]},"faces":{"north":{"uv":[14.5,12.5,13.5,16],"texture":"#0"},"east":{"uv":[14.625,12.5,14.5,16],"texture":"#0"},"south":{"uv":[15.625,12.5,14.625,16],"texture":"#0"},"west":{"uv":[13.5,12.5,13.375,16],"texture":"#0"},"up":{"uv":[13.5,12.5,14.5,12.375],"texture":"#0"},"down":{"uv":[14.5,12.375,15.5,12.5],"texture":"#0"}}},{"name":"base","from":[3.09075,-1,12.4],"to":[11.09075,27,13.4],"rotation":{"angle":-22.5,"axis":"z","origin":[5.45,31.7,13.9]},"faces":{"north":{"uv":[13.5,12.5,14.5,16],"texture":"#0"},"east":{"uv":[13.375,12.5,13.5,16],"texture":"#0"},"south":{"uv":[14.625,12.5,15.625,16],"texture":"#0"},"west":{"uv":[14.5,12.5,14.625,16],"texture":"#0"},"up":{"uv":[14.5,12.5,13.5,12.375],"texture":"#0"},"down":{"uv":[15.5,12.375,14.5,12.5],"texture":"#0"}}},{"from":[2.3,26,12.6],"to":[5.3,32,12.6],"rotation":{"angle":22.5,"axis":"z","origin":[7.3,32.8,12.8]},"faces":{"north":{"uv":[14.25,10.5,14.625,11.25],"texture":"#0"},"east":{"uv":[14.25,10.5,14.25,11.25],"texture":"#0"},"south":{"uv":[14.75,10.5,15.125,11.25],"texture":"#0"},"west":{"uv":[14.625,10.5,14.625,11.25],"texture":"#0"},"up":{"uv":[14.625,10.5,14.25,10.5],"texture":"#0"},"down":{"uv":[15,10.5,14.625,10.5],"texture":"#0"}}},{"from":[10.7,26,12.6],"to":[13.7,32,12.6],"rotation":{"angle":-22.5,"axis":"z","origin":[8.7,32.8,12.8]},"faces":{"north":{"uv":[14.625,10.5,14.25,11.25],"texture":"#0"},"east":{"uv":[14.625,10.5,14.625,11.25],"texture":"#0"},"south":{"uv":[15.125,10.5,14.75,11.25],"texture":"#0"},"west":{"uv":[14.25,10.5,14.25,11.25],"texture":"#0"},"up":{"uv":[14.25,10.5,14.625,10.5],"texture":"#0"},"down":{"uv":[14.625,10.5,15,10.5],"texture":"#0"}}},{"name":"extra","from":[2,13.20831,7.54466],"to":[14,22.20831,7.54466],"rotation":{"angle":22.5,"axis":"x","origin":[8,23.70831,5.04466]},"faces":{"north":{"uv":[9.375,11.625,10.875,12.875],"texture":"#0"},"east":{"uv":[9.375,11.625,9.375,12.875],"texture":"#0"},"south":{"uv":[10.875,11.625,12.375,12.875],"texture":"#0"},"west":{"uv":[10.875,11.625,10.875,12.875],"texture":"#0"},"up":{"uv":[10.875,11.625,9.375,11.625],"texture":"#0"},"down":{"uv":[12.375,11.625,10.875,11.625],"texture":"#0"}}},{"name":"extra","from":[7.2,23,7.82646],"to":[16.2,32,7.82646],"rotation":{"angle":-22.5,"axis":"x","origin":[8,30.03397,7.62646]},"faces":{"north":{"uv":[11,15,12.125,16],"texture":"#0"},"east":{"uv":[11,15,11,16],"texture":"#0"},"south":{"uv":[11.125,15,12.25,16],"texture":"#0"},"west":{"uv":[12.125,15,12.125,16],"texture":"#0"},"up":{"uv":[12.125,15,11,15],"texture":"#0"},"down":{"uv":[13.25,15,12.125,15],"texture":"#0"}}},{"name":"extra","from":[1.36964,17,6.48792],"to":[4.36964,27,6.48792],"rotation":{"angle":0,"axis":"x","origin":[2.66964,27.64305,6.38792]},"faces":{"north":{"uv":[12.5,11.625,12.875,12.875],"texture":"#0"},"east":{"uv":[12.5,11.625,12.5,12.875],"texture":"#0"},"south":{"uv":[12.875,11.625,13.25,12.875],"texture":"#0"},"west":{"uv":[12.875,11.625,12.875,12.875],"texture":"#0"},"up":{"uv":[12.875,11.625,12.5,11.625],"texture":"#0"},"down":{"uv":[13.25,11.625,12.875,11.625],"texture":"#0"}}},{"name":"extra","from":[11.63036,17,6.48792],"to":[14.63036,27,6.48792],"rotation":{"angle":0,"axis":"x","origin":[13.33036,27.64305,6.38792]},"faces":{"north":{"uv":[12.875,11.625,12.5,12.875],"texture":"#0"},"east":{"uv":[12.875,11.625,12.875,12.875],"texture":"#0"},"south":{"uv":[13.25,11.625,12.875,12.875],"texture":"#0"},"west":{"uv":[12.5,11.625,12.5,12.875],"texture":"#0"},"up":{"uv":[12.5,11.625,12.875,11.625],"texture":"#0"},"down":{"uv":[12.875,11.625,13.25,11.625],"texture":"#0"}}}],"display":{"thirdperson_righthand":{"translation":[0,-6.5,0],"scale":[0.5,0.5,0.51]},"thirdperson_lefthand":{"translation":[0,-6.5,0],"scale":[0.5,0.5,0.5]},"firstperson_righthand":{"translation":[0,-3,0],"scale":[0.5,0.5,0.5]},"firstperson_lefthand":{"translation":[0,-3,0],"scale":[0.5,0.5,0.5]},"gui":{"rotation":[0,180,0],"translation":[0,-4,0],"scale":[0.5,0.5,0.5]},"head":{"translation":[0,-21.5,0],"scale":[1.5,1.5,1.5]},"fixed":{"translation":[0,-13,-6.25]}}}