{"textures":{"particle":"saigonmc:items/events/rewards/large_trophy"},"elements":[{"from":[-8,9,-8],"to":[24,25,24],"faces":{"north":{"uv":[0.125,4.125,4.125,6.125],"texture":"#particle"},"east":{"uv":[0.125,4.125,4.125,6.125],"texture":"#particle"},"south":{"uv":[0.125,4.125,4.125,6.125],"texture":"#particle"},"west":{"uv":[0.125,4.125,4.125,6.125],"texture":"#particle"},"up":{"uv":[4.125,4.125,0.125,0.125],"texture":"#particle"},"down":{"uv":[4.125,10.125,0.125,6.125],"texture":"#particle"}}},{"from":[-6,29,-6],"to":[18,32,-2],"faces":{"north":{"uv":[0.125,10.875,3.125,11.25],"texture":"#particle"},"south":{"uv":[3.625,10.875,6.625,11.25],"texture":"#particle"},"west":{"uv":[3.125,10.875,3.625,11.25],"texture":"#particle"},"up":{"uv":[3.125,10.875,0.125,10.375],"texture":"#particle"},"down":{"uv":[3.125,11.75,0.125,11.25],"texture":"#particle"}}},{"from":[18,29,-6],"to":[22,32,18],"faces":{"north":{"uv":[3.125,10.875,3.625,11.25],"texture":"#particle"},"east":{"uv":[0.125,10.875,3.125,11.25],"texture":"#particle"},"west":{"uv":[3.625,10.875,6.625,11.25],"texture":"#particle"},"up":{"uv":[3.125,10.875,0.125,10.375],"rotation":90,"texture":"#particle"},"down":{"uv":[3.125,11.75,0.125,11.25],"rotation":270,"texture":"#particle"}}},{"from":[-2,29,18],"to":[22,32,22],"faces":{"north":{"uv":[3.625,10.875,6.625,11.25],"texture":"#particle"},"east":{"uv":[3.125,10.875,3.625,11.25],"texture":"#particle"},"south":{"uv":[0.125,10.875,3.125,11.25],"texture":"#particle"},"up":{"uv":[3.125,10.875,0.125,10.375],"rotation":180,"texture":"#particle"},"down":{"uv":[3.125,11.75,0.125,11.25],"rotation":180,"texture":"#particle"}}},{"from":[-6,29,-2],"to":[-2,32,22],"faces":{"east":{"uv":[3.625,10.875,6.625,11.25],"texture":"#particle"},"south":{"uv":[3.125,10.875,3.625,11.25],"texture":"#particle"},"west":{"uv":[0.125,10.875,3.125,11.25],"texture":"#particle"},"up":{"uv":[3.125,10.875,0.125,10.375],"rotation":270,"texture":"#particle"},"down":{"uv":[3.125,11.75,0.125,11.25],"rotation":90,"texture":"#particle"}}},{"from":[-8,28,5],"to":[-6,30,11],"faces":{"north":{"uv":[11.125,2.125,11.375,2.375],"texture":"#particle"},"east":{"uv":[12.125,2.125,11.375,2.375],"texture":"#particle"},"south":{"uv":[11.375,2.125,11.125,2.375],"texture":"#particle"},"west":{"uv":[11.375,2.125,12.125,2.375],"texture":"#particle"}}},{"from":[22,28,5],"to":[24,30,11],"faces":{"north":{"uv":[11.375,2.125,11.125,2.375],"texture":"#particle"},"east":{"uv":[12.125,2.125,11.375,2.375],"texture":"#particle"},"south":{"uv":[11.125,2.125,11.375,2.375],"texture":"#particle"},"west":{"uv":[11.375,2.125,12.125,2.375],"texture":"#particle"}}},{"from":[-10,26,5],"to":[-6,28,11],"faces":{"north":{"uv":[11.125,3.375,11.625,3.625],"texture":"#particle"},"east":{"uv":[10.375,3.375,11.125,3.625],"texture":"#particle"},"south":{"uv":[11.625,3.375,11.125,3.625],"texture":"#particle"},"west":{"uv":[11.625,3.375,12.375,3.625],"texture":"#particle"},"up":{"uv":[11.625,3.375,11.125,2.625],"texture":"#particle"},"down":{"uv":[11.625,4.375,11.125,3.625],"texture":"#particle"}}},{"from":[22,26,5],"to":[26,28,11],"faces":{"north":{"uv":[11.625,3.375,11.125,3.625],"texture":"#particle"},"east":{"uv":[12.375,3.375,11.625,3.625],"texture":"#particle"},"south":{"uv":[11.125,3.375,11.625,3.625],"texture":"#particle"},"west":{"uv":[11.125,3.375,10.375,3.625],"texture":"#particle"},"up":{"uv":[11.125,3.375,11.625,2.625],"texture":"#particle"},"down":{"uv":[11.125,4.375,11.625,3.625],"texture":"#particle"}}},{"from":[-16,20,5],"to":[-14,30,11],"faces":{"north":{"uv":[13.375,0.125,13.625,1.375],"texture":"#particle"},"east":{"uv":[12.625,0.125,13.375,1.375],"texture":"#particle"},"south":{"uv":[13.625,0.125,13.375,1.375],"texture":"#particle"},"west":{"uv":[13.625,0.125,14.375,1.375],"texture":"#particle"}}},{"from":[30,20,5],"to":[32,30,11],"faces":{"north":{"uv":[13.625,0.125,13.375,1.375],"texture":"#particle"},"east":{"uv":[14.375,0.125,13.625,1.375],"texture":"#particle"},"south":{"uv":[13.375,0.125,13.625,1.375],"texture":"#particle"},"west":{"uv":[13.375,0.125,12.625,1.375],"texture":"#particle"}}},{"from":[-16,30,5],"to":[-6,32,11],"faces":{"north":{"uv":[10.375,0.875,11.625,1.125],"texture":"#particle"},"south":{"uv":[11.625,0.875,10.375,1.125],"texture":"#particle"},"west":{"uv":[11.625,0.875,12.375,1.125],"texture":"#particle"},"up":{"uv":[11.625,0.875,10.375,0.125],"texture":"#particle"},"down":{"uv":[11.625,1.875,10.375,1.125],"texture":"#particle"}}},{"from":[22,30,5],"to":[32,32,11],"faces":{"north":{"uv":[11.625,0.875,10.375,1.125],"texture":"#particle"},"east":{"uv":[12.375,0.875,11.625,1.125],"texture":"#particle"},"south":{"uv":[10.375,0.875,11.625,1.125],"texture":"#particle"},"up":{"uv":[10.375,0.875,11.625,0.125],"texture":"#particle"},"down":{"uv":[10.375,1.875,11.625,1.125],"texture":"#particle"}}},{"from":[-16,18,5],"to":[-8,20,11],"faces":{"north":{"uv":[12.625,2.375,13.625,2.625],"texture":"#particle"},"south":{"uv":[13.625,2.375,12.625,2.625],"texture":"#particle"},"west":{"uv":[13.625,2.375,14.375,2.625],"texture":"#particle"},"up":{"uv":[13.625,2.375,12.625,1.625],"texture":"#particle"},"down":{"uv":[13.625,3.375,12.625,2.625],"texture":"#particle"}}},{"from":[24,18,5],"to":[32,20,11],"faces":{"north":{"uv":[13.625,2.375,12.625,2.625],"texture":"#particle"},"east":{"uv":[14.375,2.375,13.625,2.625],"texture":"#particle"},"south":{"uv":[12.625,2.375,13.625,2.625],"texture":"#particle"},"up":{"uv":[12.625,2.375,13.625,1.625],"texture":"#particle"},"down":{"uv":[12.625,3.375,13.625,2.625],"texture":"#particle"}}},{"from":[-14,12,5],"to":[-8,14,11],"faces":{"north":{"uv":[10.125,4.625,10.875,4.875],"texture":"#particle"},"south":{"uv":[10.875,4.625,10.125,4.875],"texture":"#particle"},"west":{"uv":[10.875,4.625,11.625,4.875],"texture":"#particle"},"up":{"uv":[10.875,4.625,10.125,3.875],"texture":"#particle"},"down":{"uv":[10.875,5.625,10.125,4.875],"texture":"#particle"}}},{"from":[24,12,5],"to":[30,14,11],"faces":{"north":{"uv":[10.875,4.625,10.125,4.875],"texture":"#particle"},"east":{"uv":[11.625,4.625,10.875,4.875],"texture":"#particle"},"south":{"uv":[10.125,4.625,10.875,4.875],"texture":"#particle"},"up":{"uv":[10.125,4.625,10.875,3.875],"texture":"#particle"},"down":{"uv":[10.125,5.625,10.875,4.875],"texture":"#particle"}}},{"from":[-10,14,5],"to":[-8,18,11],"faces":{"north":{"uv":[12.625,3.625,12.875,4.125],"texture":"#particle"},"south":{"uv":[12.875,3.625,12.625,4.125],"texture":"#particle"},"west":{"uv":[12.875,3.625,13.625,4.125],"texture":"#particle"}}},{"from":[24,14,5],"to":[26,18,11],"faces":{"north":{"uv":[12.875,3.625,12.625,4.125],"texture":"#particle"},"east":{"uv":[13.625,3.625,12.875,4.125],"texture":"#particle"},"south":{"uv":[12.625,3.625,12.875,4.125],"texture":"#particle"}}},{"from":[-14,14,5],"to":[-12,16,11],"faces":{"north":{"uv":[11.875,5.125,12.125,5.375],"texture":"#particle"},"east":{"uv":[11.125,5.125,11.875,5.375],"texture":"#particle"},"south":{"uv":[12.125,5.125,11.875,5.375],"texture":"#particle"},"west":{"uv":[12.125,5.125,12.875,5.375],"texture":"#particle"},"up":{"uv":[12.125,5.125,11.875,4.375],"texture":"#particle"}}},{"from":[28,14,5],"to":[30,16,11],"faces":{"north":{"uv":[12.125,5.125,11.875,5.375],"texture":"#particle"},"east":{"uv":[12.875,5.125,12.125,5.375],"texture":"#particle"},"south":{"uv":[11.875,5.125,12.125,5.375],"texture":"#particle"},"west":{"uv":[11.875,5.125,11.125,5.375],"texture":"#particle"},"up":{"uv":[11.875,5.125,12.125,4.375],"texture":"#particle"}}},{"from":[-2,6,-2],"to":[18,9,18],"faces":{"north":{"uv":[4.375,3.875,6.875,4.25],"texture":"#particle"},"east":{"uv":[4.375,3.875,6.875,4.25],"texture":"#particle"},"south":{"uv":[4.375,3.875,6.875,4.25],"texture":"#particle"},"west":{"uv":[4.375,3.875,6.875,4.25],"texture":"#particle"},"down":{"uv":[6.875,6.75,4.375,4.25],"texture":"#particle"}}},{"from":[-2,-12,-2],"to":[18,-4,18],"faces":{"north":{"uv":[7.625,2.625,10.125,3.625],"texture":"#particle"},"east":{"uv":[7.625,2.625,10.125,3.625],"texture":"#particle"},"south":{"uv":[7.625,2.625,10.125,3.625],"texture":"#particle"},"west":{"uv":[7.625,2.625,10.125,3.625],"texture":"#particle"},"up":{"uv":[10.125,2.625,7.625,0.125],"texture":"#particle"}}},{"from":[0,-4,0],"to":[16,-2,16],"faces":{"north":{"uv":[4.375,9,6.375,9.25],"texture":"#particle"},"east":{"uv":[4.375,9,6.375,9.25],"texture":"#particle"},"south":{"uv":[4.375,9,6.375,9.25],"texture":"#particle"},"west":{"uv":[4.375,9,6.375,9.25],"texture":"#particle"},"up":{"uv":[6.375,9,4.375,7],"texture":"#particle"}}},{"from":[-3,-16,-3],"to":[19,-12,19],"faces":{"north":{"uv":[7.125,6.625,9.875,7.125],"texture":"#particle"},"east":{"uv":[7.125,6.625,9.875,7.125],"texture":"#particle"},"south":{"uv":[7.125,6.625,9.875,7.125],"texture":"#particle"},"west":{"uv":[7.125,6.625,9.875,7.125],"texture":"#particle"},"up":{"uv":[9.875,6.625,7.125,3.875],"texture":"#particle"},"down":{"uv":[9.875,9.875,7.125,7.125],"texture":"#particle"}}},{"from":[5,-2,5],"to":[11,6,11],"faces":{"north":{"uv":[4.375,9.5,5.125,10.5],"texture":"#particle"},"east":{"uv":[4.375,9.5,5.125,10.5],"texture":"#particle"},"south":{"uv":[4.375,9.5,5.125,10.5],"texture":"#particle"},"west":{"uv":[4.375,9.5,5.125,10.5],"texture":"#particle"}}},{"from":[-4,25,-4],"to":[20,29,20],"faces":{"north":{"uv":[4.375,3.125,7.375,3.625],"texture":"#particle"},"east":{"uv":[4.375,3.125,7.375,3.625],"texture":"#particle"},"south":{"uv":[4.375,3.125,7.375,3.625],"texture":"#particle"},"west":{"uv":[4.375,3.125,7.375,3.625],"texture":"#particle"},"up":{"uv":[7.375,3.125,4.375,0.125],"texture":"#particle"}}}],"gui_light":"front","display":{"thirdperson_righthand":{"rotation":[75,45,0],"translation":[0,2.5,0],"scale":[0.375,0.375,0.375]},"thirdperson_lefthand":{"rotation":[75,45,0],"translation":[0,2.5,0],"scale":[0.375,0.375,0.375]},"firstperson_righthand":{"rotation":[0,135,0],"translation":[4,-4,-4],"scale":[0.4,0.4,0.4]},"firstperson_lefthand":{"rotation":[0,135,0],"translation":[4,-4,-4],"scale":[0.4,0.4,0.4]},"ground":{"translation":[0,9,0],"scale":[0.5,0.5,0.5]},"gui":{"scale":[0.25,0.25,0.25]},"fixed":{"rotation":[-90,-90,0],"translation":[0,0,-80],"scale":[3.5,3.5,3.5]}}}