{"textures":{"0":"saigonmc_models:entity/cat5"},"elements":[{"from":[6.5,6.6,6.2],"to":[9.5,8.6,9.2],"faces":{"east":{"uv":[4.75,7.75,5.125,8.0],"tintindex":0,"rotation":0,"texture":"#0"},"south":{"uv":[5.25,7.75,5.625,8.0],"tintindex":0,"rotation":0,"texture":"#0"},"north":{"uv":[4.25,7.75,4.625,8.0],"tintindex":0,"rotation":0,"texture":"#0"},"west":{"uv":[5.75,7.75,6.125,8.0],"tintindex":0,"rotation":0,"texture":"#0"},"up":{"uv":[2.375,7.75,2.0,7.375],"tintindex":0,"rotation":0,"texture":"#0"},"down":{"uv":[6.75,7.375,6.375,7.75],"tintindex":0,"rotation":0,"texture":"#0"}}}],"display":{"gui":{"rotation":[30,225,0]}}}