{"textures":{"0":"saigonmc_models:entity/cat5"},"elements":[{"from":[6.9500003,4.1081715,6.7850986],"to":[9.650001,8.808172,9.485099],"faces":{"east":{"uv":[1.875,6.625,1.5,7.25],"tintindex":0,"rotation":0,"texture":"#0"},"south":{"uv":[1.375,6.5,1.0,7.125],"tintindex":0,"rotation":0,"texture":"#0"},"north":{"uv":[0.375,6.375,0.0,7.0],"tintindex":0,"rotation":0,"texture":"#0"},"west":{"uv":[6.875,0.5,6.5,1.125],"tintindex":0,"rotation":0,"texture":"#0"},"up":{"uv":[6.875,7.75,7.25,7.375],"tintindex":0,"rotation":0,"texture":"#0"},"down":{"uv":[7.375,7.375,7.75,7.75],"tintindex":0,"rotation":0,"texture":"#0"}}}],"display":{"gui":{"rotation":[30,225,0]}}}