{"textures":{"0":"saigonmc_models:entity/cat5"},"elements":[{"from":[5.5,4.9979005,3.582882],"to":[10.5,9.997901,13.582882],"faces":{"east":{"uv":[0.0,0.0,1.25,0.625],"tintindex":0,"rotation":0,"texture":"#0"},"south":{"uv":[5.25,1.625,5.875,2.25],"tintindex":0,"rotation":0,"texture":"#0"},"north":{"uv":[5.25,0.875,5.875,1.5],"tintindex":0,"rotation":0,"texture":"#0"},"west":{"uv":[0.0,0.75,1.25,1.375],"tintindex":0,"rotation":0,"texture":"#0"},"up":{"uv":[2.0,1.25,1.375,0.0],"tintindex":0,"rotation":0,"texture":"#0"},"down":{"uv":[2.0,1.375,1.375,2.625],"tintindex":0,"rotation":0,"texture":"#0"}}},{"from":[4.881343,0.28770208,3.582882],"to":[4.881343,5.287702,13.582882],"faces":{"east":{"uv":[0.0,2.25,1.25,2.875],"tintindex":0,"rotation":0,"texture":"#0"},"west":{"uv":[2.125,2.25,3.375,2.875],"tintindex":0,"rotation":0,"texture":"#0"}},"rotation":{"origin":[7.9813433,4.287702,8.582882],"angle":-22.5,"axis":"z"}},{"from":[5.5,2.378212,2.3064704],"to":[10.5,5.378212,2.3064704],"faces":{"south":{"uv":[6.375,6.25,7.0,6.625],"tintindex":0,"rotation":0,"texture":"#0"},"north":{"uv":[5.625,6.25,6.25,6.625],"tintindex":0,"rotation":0,"texture":"#0"}},"rotation":{"origin":[7.5,2.378212,5.30647],"angle":22.5,"axis":"x"}},{"from":[4.881343,2.887702,3.582882],"to":[4.881343,7.887702,13.582882],"faces":{"east":{"uv":[0.0,1.5,1.25,2.125],"tintindex":0,"rotation":0,"texture":"#0"},"west":{"uv":[2.125,0.0,3.375,0.625],"tintindex":0,"rotation":0,"texture":"#0"}},"rotation":{"origin":[7.9813433,6.887702,8.582882],"angle":-22.5,"axis":"z"}},{"from":[5.5,5.1120815,3.0088568],"to":[10.5,8.112082,3.0088568],"faces":{"south":{"uv":[4.0,6.25,4.625,6.625],"tintindex":0,"rotation":0,"texture":"#0"},"north":{"uv":[3.25,6.25,3.875,6.625],"tintindex":0,"rotation":0,"texture":"#0"}},"rotation":{"origin":[8.0,6.6120815,3.0088568],"angle":22.5,"axis":"x"}},{"from":[11.118657,2.887702,3.582882],"to":[11.118657,7.887702,13.582882],"faces":{"east":{"uv":[2.125,0.75,3.375,1.375],"tintindex":0,"rotation":0,"texture":"#0"},"west":{"uv":[2.125,1.5,3.375,2.125],"tintindex":0,"rotation":0,"texture":"#0"}},"rotation":{"origin":[8.018657,6.887702,8.582882],"angle":22.5,"axis":"z"}},{"from":[11.118657,0.28770208,3.582882],"to":[11.118657,5.287702,13.582882],"faces":{"east":{"uv":[0.0,3.0,1.25,3.625],"tintindex":0,"rotation":0,"texture":"#0"},"west":{"uv":[1.375,3.0,2.625,3.625],"tintindex":0,"rotation":0,"texture":"#0"}},"rotation":{"origin":[8.018657,4.287702,8.582882],"angle":22.5,"axis":"z"}}],"display":{"gui":{"rotation":[30,225,0]}}}