{"textures":{"0":"saigonmc_models:entity/cat5"},"elements":[{"from":[6.9671826,5.1085463,7.0149016],"to":[9.667183,8.808546,9.714902],"faces":{"east":{"uv":[7.125,4.25,7.5,4.75],"tintindex":0,"rotation":0,"texture":"#0"},"south":{"uv":[4.375,7.125,4.75,7.625],"tintindex":0,"rotation":0,"texture":"#0"},"north":{"uv":[7.125,3.625,7.5,4.125],"tintindex":0,"rotation":0,"texture":"#0"},"west":{"uv":[4.875,7.125,5.25,7.625],"tintindex":0,"rotation":0,"texture":"#0"},"up":{"uv":[7.75,1.625,7.375,1.25],"tintindex":0,"rotation":0,"texture":"#0"},"down":{"uv":[1.875,7.375,1.5,7.75],"tintindex":0,"rotation":0,"texture":"#0"}}}],"display":{"gui":{"rotation":[30,225,0]}}}