{"textures":{"0":"saigonmc_models:entity/cat5"},"elements":[{"from":[6.500265,5.910635,6.6785116],"to":[9.500265,7.9106345,9.678512],"faces":{"east":{"uv":[7.625,6.5,8.0,6.75],"tintindex":0,"rotation":0,"texture":"#0"},"south":{"uv":[7.625,6.875,8.0,7.125],"tintindex":0,"rotation":0,"texture":"#0"},"north":{"uv":[7.625,6.125,8.0,6.375],"tintindex":0,"rotation":0,"texture":"#0"},"west":{"uv":[0.0,7.75,0.375,8.0],"tintindex":0,"rotation":0,"texture":"#0"},"up":{"uv":[2.875,7.625,2.5,7.25],"tintindex":0,"rotation":0,"texture":"#0"},"down":{"uv":[3.375,7.25,3.0,7.625],"tintindex":0,"rotation":0,"texture":"#0"}}}],"display":{"gui":{"rotation":[30,225,0]}}}