{"textures":{"0":"saigonmc_models:entity/cat5"},"elements":[{"from":[6.3328176,5.1085463,7.0149016],"to":[9.032818,8.808546,9.714902],"faces":{"east":{"uv":[7.0,2.375,7.375,2.875],"tintindex":0,"rotation":0,"texture":"#0"},"south":{"uv":[0.0,7.125,0.375,7.625],"tintindex":0,"rotation":0,"texture":"#0"},"north":{"uv":[7.0,1.75,7.375,2.25],"tintindex":0,"rotation":0,"texture":"#0"},"west":{"uv":[7.125,3.0,7.5,3.5],"tintindex":0,"rotation":0,"texture":"#0"},"up":{"uv":[3.875,7.625,3.5,7.25],"tintindex":0,"rotation":0,"texture":"#0"},"down":{"uv":[5.75,7.25,5.375,7.625],"tintindex":0,"rotation":0,"texture":"#0"}}}],"display":{"gui":{"rotation":[30,225,0]}}}