{"textures":{"0":"saigonmc_models:entity/cat5"},"elements":[{"from":[6.499735,5.910635,6.6785116],"to":[9.499735,7.9106345,9.678512],"faces":{"east":{"uv":[2.5,7.75,2.875,8.0],"tintindex":0,"rotation":0,"texture":"#0"},"south":{"uv":[3.0,7.75,3.375,8.0],"tintindex":0,"rotation":0,"texture":"#0"},"north":{"uv":[1.0,7.75,1.375,8.0],"tintindex":0,"rotation":0,"texture":"#0"},"west":{"uv":[3.5,7.75,3.875,8.0],"tintindex":0,"rotation":0,"texture":"#0"},"up":{"uv":[6.25,7.625,5.875,7.25],"tintindex":0,"rotation":0,"texture":"#0"},"down":{"uv":[0.875,7.375,0.5,7.75],"tintindex":0,"rotation":0,"texture":"#0"}}}],"display":{"gui":{"rotation":[30,225,0]}}}