{"textures":{"0":"saigonmc_models:entity/cat5"},"elements":[{"from":[12.376411,3.75,5.6696887],"to":[12.376411,9.75,11.669689],"faces":{"east":{"uv":[1.75,3.75,2.5,4.5],"tintindex":0,"rotation":0,"texture":"#0"},"west":{"uv":[2.625,3.875,3.375,4.625],"tintindex":0,"rotation":0,"texture":"#0"}},"rotation":{"origin":[9.376411,6.75,8.669689],"angle":22.5,"axis":"y"}},{"from":[6.874,9.294305,3.4123516],"to":[6.874,10.294305,4.412351],"faces":{"east":{"uv":[3.0,8.125,3.125,8.25],"tintindex":0,"rotation":0,"texture":"#0"},"west":{"uv":[3.25,8.125,3.375,8.25],"tintindex":0,"rotation":0,"texture":"#0"}},"rotation":{"origin":[5.9495,9.594305,3.9623518],"angle":22.5,"axis":"x"}},{"from":[8.527229,5.565019,3.3500004],"to":[14.527229,8.565019,3.3500004],"faces":{"south":{"uv":[5.75,4.25,6.5,4.625],"tintindex":0,"rotation":0,"texture":"#0"},"north":{"uv":[4.0,5.75,4.75,6.125],"tintindex":0,"rotation":0,"texture":"#0"}}},{"from":[1.4727707,5.565019,3.3500004],"to":[7.4727707,8.565019,3.3500004],"faces":{"south":{"uv":[1.375,5.5,2.125,5.875],"tintindex":0,"rotation":0,"texture":"#0"},"north":{"uv":[0.5,5.5,1.25,5.875],"tintindex":0,"rotation":0,"texture":"#0"}}},{"from":[9.125,7.75,3.6750002],"to":[9.225,9.55,3.6750002],"faces":{"south":{"uv":[7.875,4.375,8.0,4.625],"tintindex":0,"rotation":0,"texture":"#0"},"north":{"uv":[6.75,1.75,6.875,2.0],"tintindex":0,"rotation":0,"texture":"#0"}}},{"from":[3.623588,3.75,5.6696887],"to":[3.623588,9.75,11.669689],"faces":{"east":{"uv":[0.0,3.75,0.75,4.5],"tintindex":0,"rotation":0,"texture":"#0"},"west":{"uv":[0.875,3.75,1.625,4.5],"tintindex":0,"rotation":0,"texture":"#0"}},"rotation":{"origin":[6.6235886,6.75,8.669689],"angle":-22.5,"axis":"y"}},{"from":[4.975,7.6499996,3.6750002],"to":[6.875,7.75,3.6750002],"faces":{"south":{"uv":[7.875,3.375,8.125,3.5],"tintindex":0,"rotation":0,"texture":"#0"},"north":{"uv":[6.25,3.125,6.5,3.25],"tintindex":0,"rotation":0,"texture":"#0"}}},{"from":[5.0,5.75,3.75],"to":[11.0,11.75,9.75],"faces":{"east":{"uv":[3.5,0.0,4.25,0.75],"tintindex":0,"rotation":0,"texture":"#0"},"south":{"uv":[3.5,0.875,4.25,1.625],"tintindex":0,"rotation":0,"texture":"#0"},"north":{"uv":[2.75,3.0,3.5,3.75],"tintindex":0,"rotation":0,"texture":"#0"},"west":{"uv":[3.5,1.75,4.25,2.5],"tintindex":0,"rotation":0,"texture":"#0"},"up":{"uv":[4.375,3.375,3.625,2.625],"tintindex":0,"rotation":0,"texture":"#0"},"down":{"uv":[4.375,3.5,3.625,4.25],"tintindex":0,"rotation":0,"texture":"#0"}}},{"from":[9.275,8.875,3.625],"to":[9.675,9.275,3.625],"faces":{"south":{"uv":[1.25,8.125,1.375,8.25],"tintindex":0,"rotation":0,"texture":"#0"},"north":{"uv":[1.0,8.125,1.125,8.25],"tintindex":0,"rotation":0,"texture":"#0"}}},{"from":[4.975,7.75,3.6750002],"to":[4.975,9.55,4.175],"faces":{"east":{"uv":[7.875,4.75,8.0,5.0],"tintindex":0,"rotation":0,"texture":"#0"},"west":{"uv":[7.875,5.125,8.0,5.375],"tintindex":0,"rotation":0,"texture":"#0"}}},{"from":[9.125,9.294305,3.4123516],"to":[11.05,10.294305,3.4123516],"faces":{"south":{"uv":[8.0,0.25,8.25,0.375],"tintindex":0,"rotation":0,"texture":"#0"},"north":{"uv":[8.0,0.0,8.25,0.125],"tintindex":0,"rotation":0,"texture":"#0"}},"rotation":{"origin":[10.0505,9.594305,3.9623518],"angle":22.5,"axis":"x"}},{"from":[7.5,8.299,2.6750002],"to":[8.5,8.299,3.2749996],"faces":{"up":{"uv":[8.25,6.25,8.125,6.125],"tintindex":0,"rotation":0,"texture":"#0"},"down":{"uv":[8.25,6.375,8.125,6.5],"tintindex":0,"rotation":0,"texture":"#0"}}},{"from":[9.126,9.193922,3.4122753],"to":[9.126,9.293922,4.4122753],"faces":{"east":{"uv":[8.125,4.625,8.25,4.75],"tintindex":0,"rotation":0,"texture":"#0"},"west":{"uv":[4.75,8.125,4.875,8.25],"tintindex":0,"rotation":0,"texture":"#0"}},"rotation":{"origin":[8.1265,9.593923,3.963275],"angle":22.5,"axis":"x"}},{"from":[8.553426,6.509539,3.7250004],"to":[9.553426,9.50954,3.7250004],"faces":{"east":{"uv":[4.375,3.5,3.625,4.25],"tintindex":0,"rotation":270,"texture":"#0"},"south":{"uv":[8.75,1.375,8.5,1.5],"tintindex":0,"rotation":270,"texture":"#0"},"north":{"uv":[8.5,1.375,8.875,1.5],"tintindex":0,"rotation":90,"texture":"#0"},"west":{"uv":[4.375,3.375,3.625,2.625],"tintindex":0,"rotation":270,"texture":"#0"},"up":{"uv":[3.5,0.0,4.25,0.75],"tintindex":0,"rotation":270,"texture":"#0"},"down":{"uv":[3.5,1.75,4.25,2.5],"tintindex":0,"rotation":270,"texture":"#0"}},"rotation":{"origin":[8.953425,8.00954,3.7250004],"angle":-22.5,"axis":"z"}},{"from":[8.398947,3.967381,3.5500002],"to":[14.398947,6.967381,3.5500002],"faces":{"south":{"uv":[5.75,5.25,6.5,5.625],"tintindex":0,"rotation":0,"texture":"#0"},"north":{"uv":[5.75,4.75,6.5,5.125],"tintindex":0,"rotation":0,"texture":"#0"}},"rotation":{"origin":[11.3489485,6.643741,3.4499998],"angle":-45.0,"axis":"z"}},{"from":[4.975,7.6499996,3.6750002],"to":[4.975,7.75,4.175],"faces":{"east":{"uv":[8.0,2.0,8.125,2.125],"tintindex":0,"rotation":0,"texture":"#0"},"west":{"uv":[8.0,2.25,8.125,2.375],"tintindex":0,"rotation":0,"texture":"#0"}}},{"from":[9.125,7.6499996,3.6750002],"to":[11.025,7.75,3.6750002],"faces":{"south":{"uv":[7.875,4.125,8.125,4.25],"tintindex":0,"rotation":0,"texture":"#0"},"north":{"uv":[7.875,3.875,8.125,4.0],"tintindex":0,"rotation":0,"texture":"#0"}}},{"from":[12.376411,5.75,7.6696887],"to":[12.376411,11.75,13.669689],"faces":{"east":{"uv":[4.375,0.0,5.125,0.75],"tintindex":0,"rotation":0,"texture":"#0"},"west":{"uv":[4.375,0.875,5.125,1.625],"tintindex":0,"rotation":0,"texture":"#0"}},"rotation":{"origin":[9.376411,8.75,10.669689],"angle":22.5,"axis":"y"}},{"from":[7.5,7.5,2.6750002],"to":[8.5,8.3,2.6750002],"faces":{"south":{"uv":[6.0,8.125,6.125,8.25],"tintindex":0,"rotation":0,"texture":"#0"},"north":{"uv":[5.75,8.125,5.875,8.25],"tintindex":0,"rotation":0,"texture":"#0"}}},{"from":[6.5,6.25,2.75],"to":[9.5,8.25,3.75],"faces":{"east":{"uv":[8.0,0.5,8.125,0.75],"tintindex":0,"rotation":0,"texture":"#0"},"south":{"uv":[6.625,5.375,7.0,5.625],"tintindex":0,"rotation":0,"texture":"#0"},"north":{"uv":[5.875,3.875,6.25,4.125],"tintindex":0,"rotation":0,"texture":"#0"},"west":{"uv":[8.0,1.625,8.125,1.875],"tintindex":0,"rotation":0,"texture":"#0"},"up":{"uv":[1.75,2.875,1.375,2.75],"tintindex":0,"rotation":0,"texture":"#0"},"down":{"uv":[8.25,3.125,7.875,3.25],"tintindex":0,"rotation":0,"texture":"#0"}}},{"from":[9.375,7.875,3.6499996],"to":[10.375,9.175,3.6499996],"faces":{"south":{"uv":[2.75,8.125,2.875,8.25],"tintindex":0,"rotation":0,"texture":"#0"},"north":{"uv":[2.5,8.125,2.625,8.25],"tintindex":0,"rotation":0,"texture":"#0"}}},{"from":[4.95,9.294305,3.4113512],"to":[4.95,10.294305,4.411351],"faces":{"east":{"uv":[3.5,8.125,3.625,8.25],"tintindex":0,"rotation":0,"texture":"#0"},"west":{"uv":[3.75,8.125,3.875,8.25],"tintindex":0,"rotation":0,"texture":"#0"}},"rotation":{"origin":[5.9495,9.594305,3.9623518],"angle":22.5,"axis":"x"}},{"from":[4.95,9.194305,3.4113512],"to":[4.95,9.294305,4.411351],"faces":{"east":{"uv":[4.0,8.125,4.125,8.25],"tintindex":0,"rotation":0,"texture":"#0"},"west":{"uv":[4.25,8.125,4.375,8.25],"tintindex":0,"rotation":0,"texture":"#0"}},"rotation":{"origin":[5.9495,9.594305,3.9623518],"angle":22.5,"axis":"x"}},{"from":[11.05,9.194305,3.4113512],"to":[11.05,9.294305,4.411351],"faces":{"east":{"uv":[8.125,4.875,8.25,5.0],"tintindex":0,"rotation":0,"texture":"#0"},"west":{"uv":[5.0,8.125,5.125,8.25],"tintindex":0,"rotation":0,"texture":"#0"}},"rotation":{"origin":[10.0505,9.594305,3.9623518],"angle":22.5,"axis":"x"}},{"from":[3.623588,5.75,7.6696887],"to":[3.623588,11.75,13.669689],"faces":{"east":{"uv":[4.375,1.75,5.125,2.5],"tintindex":0,"rotation":0,"texture":"#0"},"west":{"uv":[3.5,4.375,4.25,5.125],"tintindex":0,"rotation":0,"texture":"#0"}},"rotation":{"origin":[6.6235886,8.75,10.669689],"angle":-22.5,"axis":"y"}},{"from":[11.025,7.6499996,3.6750002],"to":[11.025,7.75,4.175],"faces":{"east":{"uv":[8.0,2.5,8.125,2.625],"tintindex":0,"rotation":0,"texture":"#0"},"west":{"uv":[7.875,8.0,8.0,8.125],"tintindex":0,"rotation":0,"texture":"#0"}}},{"from":[9.125,9.194305,3.4123516],"to":[11.05,9.294305,3.4123516],"faces":{"south":{"uv":[7.875,7.75,8.125,7.875],"tintindex":0,"rotation":0,"texture":"#0"},"north":{"uv":[7.875,7.5,8.125,7.625],"tintindex":0,"rotation":0,"texture":"#0"}},"rotation":{"origin":[10.0505,9.594305,3.9623518],"angle":22.5,"axis":"x"}},{"from":[5.525,8.875,3.625],"to":[5.925,9.275,3.625],"faces":{"south":{"uv":[6.0,2.125,6.125,2.25],"tintindex":0,"rotation":0,"texture":"#0"},"north":{"uv":[1.875,2.75,2.0,2.875],"tintindex":0,"rotation":0,"texture":"#0"}}},{"from":[4.95,9.294305,3.4123516],"to":[6.875,10.294305,3.4123516],"faces":{"south":{"uv":[7.125,7.875,7.375,8.0],"tintindex":0,"rotation":0,"texture":"#0"},"north":{"uv":[6.75,7.875,7.0,8.0],"tintindex":0,"rotation":0,"texture":"#0"}},"rotation":{"origin":[5.9495,9.594305,3.9623518],"angle":22.5,"axis":"x"}},{"from":[4.95,9.194305,3.4123516],"to":[6.875,9.294305,3.4123516],"faces":{"south":{"uv":[7.5,7.875,7.75,8.0],"tintindex":0,"rotation":0,"texture":"#0"},"north":{"uv":[7.875,7.25,8.125,7.375],"tintindex":0,"rotation":0,"texture":"#0"}},"rotation":{"origin":[5.9495,9.594305,3.9623518],"angle":22.5,"axis":"x"}},{"from":[5.625,7.875,3.6499996],"to":[6.625,9.175,3.6499996],"faces":{"south":{"uv":[0.25,8.125,0.375,8.25],"tintindex":0,"rotation":0,"texture":"#0"},"north":{"uv":[0.0,8.125,0.125,8.25],"tintindex":0,"rotation":0,"texture":"#0"}}},{"from":[11.05,9.294305,3.4113512],"to":[11.05,10.294305,4.411351],"faces":{"east":{"uv":[8.125,5.125,8.25,5.25],"tintindex":0,"rotation":0,"texture":"#0"},"west":{"uv":[5.25,8.125,5.375,8.25],"tintindex":0,"rotation":0,"texture":"#0"}},"rotation":{"origin":[10.0505,9.594305,3.9623518],"angle":22.5,"axis":"x"}},{"from":[9.125999,9.294305,3.4123516],"to":[9.125999,10.294305,4.412351],"faces":{"east":{"uv":[8.125,5.375,8.25,5.5],"tintindex":0,"rotation":0,"texture":"#0"},"west":{"uv":[5.5,8.125,5.625,8.25],"tintindex":0,"rotation":0,"texture":"#0"}},"rotation":{"origin":[10.0505,9.594305,3.9623518],"angle":22.5,"axis":"x"}},{"from":[4.975,7.75,3.6750002],"to":[6.775,9.55,3.6750002],"faces":{"south":{"uv":[6.125,0.5,6.375,0.75],"tintindex":0,"rotation":0,"texture":"#0"},"north":{"uv":[4.875,5.75,5.125,6.0],"tintindex":0,"rotation":0,"texture":"#0"}}},{"from":[9.225,7.75,3.6750002],"to":[11.025,9.55,3.6750002],"faces":{"south":{"uv":[7.875,2.75,8.125,3.0],"tintindex":0,"rotation":0,"texture":"#0"},"north":{"uv":[4.375,6.75,4.625,7.0],"tintindex":0,"rotation":0,"texture":"#0"}}},{"from":[6.775,7.75,3.6750002],"to":[6.875,9.55,3.6750002],"faces":{"south":{"uv":[6.5,1.25,6.625,1.5],"tintindex":0,"rotation":0,"texture":"#0"},"north":{"uv":[6.375,3.875,6.5,4.125],"tintindex":0,"rotation":0,"texture":"#0"}}},{"from":[6.446574,6.509539,3.7250004],"to":[7.446574,9.50954,3.7250004],"faces":{"east":{"uv":[3.625,3.375,4.375,2.625],"tintindex":0,"rotation":90,"texture":"#0"},"south":{"uv":[8.5,1.375,8.875,1.5],"tintindex":0,"rotation":270,"texture":"#0"},"north":{"uv":[8.875,1.375,8.5,1.5],"tintindex":0,"rotation":270,"texture":"#0"},"west":{"uv":[3.625,3.5,4.375,4.25],"tintindex":0,"rotation":90,"texture":"#0"},"up":{"uv":[4.25,0.0,3.5,0.75],"tintindex":0,"rotation":90,"texture":"#0"},"down":{"uv":[4.25,1.75,3.5,2.5],"tintindex":0,"rotation":90,"texture":"#0"}},"rotation":{"origin":[7.046574,8.00954,3.7250004],"angle":22.5,"axis":"z"}},{"from":[11.025,7.75,3.6750002],"to":[11.025,9.55,4.175],"faces":{"east":{"uv":[6.25,7.875,6.375,8.125],"tintindex":0,"rotation":0,"texture":"#0"},"west":{"uv":[6.5,7.875,6.625,8.125],"tintindex":0,"rotation":0,"texture":"#0"}}},{"from":[6.874,9.193922,3.4122753],"to":[6.874,9.293922,4.4122753],"faces":{"east":{"uv":[8.125,4.375,8.25,4.5],"tintindex":0,"rotation":0,"texture":"#0"},"west":{"uv":[4.5,8.125,4.625,8.25],"tintindex":0,"rotation":0,"texture":"#0"}},"rotation":{"origin":[7.8735,9.593923,3.963275],"angle":22.5,"axis":"x"}},{"from":[1.6010528,3.967381,3.5500002],"to":[7.601053,6.967381,3.5500002],"faces":{"south":{"uv":[3.125,5.75,3.875,6.125],"tintindex":0,"rotation":0,"texture":"#0"},"north":{"uv":[2.25,5.625,3.0,6.0],"tintindex":0,"rotation":0,"texture":"#0"}},"rotation":{"origin":[4.6510515,6.643741,3.4499998],"angle":45.0,"axis":"z"}}],"display":{"gui":{"rotation":[30,225,0]}}}