{"textures":{"0":"saigonmc_models:entity/cat5"},"elements":[{"from":[9.126,7.8939223,3.4122753],"to":[9.126,7.9939227,4.4122753],"faces":{"east":{"uv":[8.125,4.625,8.25,4.75],"tintindex":0,"rotation":0,"texture":"#0"},"west":{"uv":[4.75,8.125,4.875,8.25],"tintindex":0,"rotation":0,"texture":"#0"}}},{"from":[8.398947,3.9673815,3.5500002],"to":[14.398947,6.967381,3.5500002],"faces":{"south":{"uv":[5.75,5.25,6.5,5.625],"tintindex":0,"rotation":0,"texture":"#0"},"north":{"uv":[5.75,4.75,6.5,5.125],"tintindex":0,"rotation":0,"texture":"#0"}},"rotation":{"origin":[11.3489485,6.643741,3.4499998],"angle":-45.0,"axis":"z"}},{"from":[3.623588,3.75,5.6696887],"to":[3.623588,9.75,11.669689],"faces":{"east":{"uv":[0.0,3.75,0.75,4.5],"tintindex":0,"rotation":0,"texture":"#0"},"west":{"uv":[0.875,3.75,1.625,4.5],"tintindex":0,"rotation":0,"texture":"#0"}},"rotation":{"origin":[6.6235886,6.75,8.669689],"angle":-22.5,"axis":"y"}},{"from":[12.376411,5.75,7.6696887],"to":[12.376411,11.75,13.669689],"faces":{"east":{"uv":[4.375,0.0,5.125,0.75],"tintindex":0,"rotation":0,"texture":"#0"},"west":{"uv":[4.375,0.875,5.125,1.625],"tintindex":0,"rotation":0,"texture":"#0"}},"rotation":{"origin":[9.376411,8.75,10.669689],"angle":22.5,"axis":"y"}},{"from":[3.623588,5.75,7.6696887],"to":[3.623588,11.75,13.669689],"faces":{"east":{"uv":[4.375,1.75,5.125,2.5],"tintindex":0,"rotation":0,"texture":"#0"},"west":{"uv":[3.5,4.375,4.25,5.125],"tintindex":0,"rotation":0,"texture":"#0"}},"rotation":{"origin":[6.6235886,8.75,10.669689],"angle":-22.5,"axis":"y"}},{"from":[4.95,7.994305,3.4113512],"to":[4.95,8.994305,4.411351],"faces":{"east":{"uv":[3.5,8.125,3.625,8.25],"tintindex":0,"rotation":0,"texture":"#0"},"west":{"uv":[3.75,8.125,3.875,8.25],"tintindex":0,"rotation":0,"texture":"#0"}}},{"from":[9.125,7.7943053,3.4123516],"to":[11.05,7.894305,3.4123516],"faces":{"south":{"uv":[7.875,7.75,8.125,7.875],"tintindex":0,"rotation":0,"texture":"#0"},"north":{"uv":[7.875,7.5,8.125,7.625],"tintindex":0,"rotation":0,"texture":"#0"}}},{"from":[9.125999,7.894305,3.4123516],"to":[9.125999,8.894305,4.412351],"faces":{"east":{"uv":[8.125,5.375,8.25,5.5],"tintindex":0,"rotation":0,"texture":"#0"},"west":{"uv":[5.5,8.125,5.625,8.25],"tintindex":0,"rotation":0,"texture":"#0"}}},{"from":[1.4727707,5.5650187,3.3500004],"to":[7.4727707,8.56502,3.3500004],"faces":{"south":{"uv":[1.375,5.5,2.125,5.875],"tintindex":0,"rotation":0,"texture":"#0"},"north":{"uv":[0.5,5.5,1.25,5.875],"tintindex":0,"rotation":0,"texture":"#0"}}},{"from":[6.5,6.25,2.75],"to":[9.5,8.25,3.75],"faces":{"east":{"uv":[8.0,0.5,8.125,0.75],"tintindex":0,"rotation":0,"texture":"#0"},"south":{"uv":[6.625,5.375,7.0,5.625],"tintindex":0,"rotation":0,"texture":"#0"},"north":{"uv":[5.875,3.875,6.25,4.125],"tintindex":0,"rotation":0,"texture":"#0"},"west":{"uv":[8.0,1.625,8.125,1.875],"tintindex":0,"rotation":0,"texture":"#0"},"up":{"uv":[1.75,2.875,1.375,2.75],"tintindex":0,"rotation":0,"texture":"#0"},"down":{"uv":[8.25,3.125,7.875,3.25],"tintindex":0,"rotation":0,"texture":"#0"}}},{"from":[12.376411,3.75,5.6696887],"to":[12.376411,9.75,11.669689],"faces":{"east":{"uv":[1.75,3.75,2.5,4.5],"tintindex":0,"rotation":0,"texture":"#0"},"west":{"uv":[2.625,3.875,3.375,4.625],"tintindex":0,"rotation":0,"texture":"#0"}},"rotation":{"origin":[9.376411,6.75,8.669689],"angle":22.5,"axis":"y"}},{"from":[4.95,7.894305,3.4123516],"to":[6.875,8.894305,3.4123516],"faces":{"south":{"uv":[7.125,7.875,7.375,8.0],"tintindex":0,"rotation":0,"texture":"#0"},"north":{"uv":[6.75,7.875,7.0,8.0],"tintindex":0,"rotation":0,"texture":"#0"}}},{"from":[9.125,7.894305,3.4123516],"to":[11.05,8.894305,3.4123516],"faces":{"south":{"uv":[8.0,0.25,8.25,0.375],"tintindex":0,"rotation":0,"texture":"#0"},"north":{"uv":[8.0,0.0,8.25,0.125],"tintindex":0,"rotation":0,"texture":"#0"}}},{"from":[7.5,8.299,2.6750002],"to":[8.5,8.299,3.2749996],"faces":{"up":{"uv":[8.25,6.25,8.125,6.125],"tintindex":0,"rotation":0,"texture":"#0"},"down":{"uv":[8.25,6.375,8.125,6.5],"tintindex":0,"rotation":0,"texture":"#0"}}},{"from":[11.05,7.7943053,3.4113512],"to":[11.05,7.894305,4.411351],"faces":{"east":{"uv":[8.125,4.875,8.25,5.0],"tintindex":0,"rotation":0,"texture":"#0"},"west":{"uv":[5.0,8.125,5.125,8.25],"tintindex":0,"rotation":0,"texture":"#0"}}},{"from":[7.5,7.5,2.6750002],"to":[8.5,8.299999,2.6750002],"faces":{"south":{"uv":[6.0,8.125,6.125,8.25],"tintindex":0,"rotation":0,"texture":"#0"},"north":{"uv":[5.75,8.125,5.875,8.25],"tintindex":0,"rotation":0,"texture":"#0"}}},{"from":[11.05,7.894305,3.4113512],"to":[11.05,8.894305,4.411351],"faces":{"east":{"uv":[8.125,5.125,8.25,5.25],"tintindex":0,"rotation":0,"texture":"#0"},"west":{"uv":[5.25,8.125,5.375,8.25],"tintindex":0,"rotation":0,"texture":"#0"}}},{"from":[5.0,5.75,3.75],"to":[11.0,11.75,9.75],"faces":{"east":{"uv":[3.5,0.0,4.25,0.75],"tintindex":0,"rotation":0,"texture":"#0"},"south":{"uv":[3.5,0.875,4.25,1.625],"tintindex":0,"rotation":0,"texture":"#0"},"north":{"uv":[2.75,3.0,3.5,3.75],"tintindex":0,"rotation":0,"texture":"#0"},"west":{"uv":[3.5,1.75,4.25,2.5],"tintindex":0,"rotation":0,"texture":"#0"},"up":{"uv":[4.375,3.375,3.625,2.625],"tintindex":0,"rotation":0,"texture":"#0"},"down":{"uv":[4.375,3.5,3.625,4.25],"tintindex":0,"rotation":0,"texture":"#0"}}},{"from":[4.95,7.7943053,3.4113512],"to":[4.95,7.894305,4.411351],"faces":{"east":{"uv":[4.0,8.125,4.125,8.25],"tintindex":0,"rotation":0,"texture":"#0"},"west":{"uv":[4.25,8.125,4.375,8.25],"tintindex":0,"rotation":0,"texture":"#0"}}},{"from":[1.6010528,3.9673815,3.5500002],"to":[7.601053,6.967381,3.5500002],"faces":{"south":{"uv":[3.125,5.75,3.875,6.125],"tintindex":0,"rotation":0,"texture":"#0"},"north":{"uv":[2.25,5.625,3.0,6.0],"tintindex":0,"rotation":0,"texture":"#0"}},"rotation":{"origin":[4.6510515,6.643741,3.4499998],"angle":45.0,"axis":"z"}},{"from":[6.874,7.8939223,3.4122753],"to":[6.874,7.9939227,4.4122753],"faces":{"east":{"uv":[8.125,4.375,8.25,4.5],"tintindex":0,"rotation":0,"texture":"#0"},"west":{"uv":[4.5,8.125,4.625,8.25],"tintindex":0,"rotation":0,"texture":"#0"}}},{"from":[6.874,7.894305,3.4123516],"to":[6.874,8.894305,4.412351],"faces":{"east":{"uv":[3.0,8.125,3.125,8.25],"tintindex":0,"rotation":0,"texture":"#0"},"west":{"uv":[3.25,8.125,3.375,8.25],"tintindex":0,"rotation":0,"texture":"#0"}}},{"from":[8.527229,5.5650187,3.3500004],"to":[14.527229,8.56502,3.3500004],"faces":{"south":{"uv":[5.75,4.25,6.5,4.625],"tintindex":0,"rotation":0,"texture":"#0"},"north":{"uv":[4.0,5.75,4.75,6.125],"tintindex":0,"rotation":0,"texture":"#0"}}},{"from":[4.95,7.7943053,3.4123516],"to":[6.875,7.894305,3.4123516],"faces":{"south":{"uv":[7.5,7.875,7.75,8.0],"tintindex":0,"rotation":0,"texture":"#0"},"north":{"uv":[7.875,7.25,8.125,7.375],"tintindex":0,"rotation":0,"texture":"#0"}}}],"display":{"gui":{"rotation":[30,225,0]}}}