{"textures":{"0":"saigonmc_models:entity/cat5"},"elements":[{"from":[6.7,6.1635184,6.5249143],"to":[9.3,6.1635184,12.524914],"faces":{"east":{"uv":[3.5,5.25,4.25,5.625],"tintindex":0,"rotation":0,"texture":"#0"},"south":{"uv":[7.125,5.375,7.5,5.75],"tintindex":0,"rotation":0,"texture":"#0"},"north":{"uv":[7.125,4.875,7.5,5.25],"tintindex":0,"rotation":0,"texture":"#0"},"west":{"uv":[4.375,5.25,5.125,5.625],"tintindex":0,"rotation":0,"texture":"#0"},"up":{"uv":[9.875,0.75,9.5,0.0],"tintindex":0,"rotation":0,"texture":"#0"},"down":{"uv":[9.875,0.0,9.5,0.75],"tintindex":0,"rotation":0,"texture":"#0"}},"rotation":{"origin":[8.0,7.8635187,9.524914],"angle":22.5,"axis":"x"}},{"from":[6.5,8.963518,9.324914],"to":[9.5,8.963518,12.324914],"faces":{"east":{"uv":[3.5,5.25,4.25,5.625],"tintindex":0,"rotation":0,"texture":"#0"},"south":{"uv":[7.125,5.375,7.5,5.75],"tintindex":0,"rotation":0,"texture":"#0"},"north":{"uv":[7.125,4.875,7.5,5.25],"tintindex":0,"rotation":0,"texture":"#0"},"west":{"uv":[4.375,5.25,5.125,5.625],"tintindex":0,"rotation":0,"texture":"#0"},"up":{"uv":[10.125,1.125,9.75,0.75],"tintindex":0,"rotation":0,"texture":"#0"},"down":{"uv":[10.125,0.75,9.75,1.125],"tintindex":0,"rotation":0,"texture":"#0"}},"rotation":{"origin":[8.0,7.8635187,9.524914],"angle":-22.5,"axis":"x"}},{"from":[9.5,6.3635187,6.5249143],"to":[9.5,9.363519,12.524914],"faces":{"east":{"uv":[10.875,0.0,10.125,0.375],"tintindex":0,"rotation":0,"texture":"#0"},"south":{"uv":[7.5,5.375,7.125,5.75],"tintindex":0,"rotation":0,"texture":"#0"},"north":{"uv":[7.5,4.875,7.125,5.25],"tintindex":0,"rotation":0,"texture":"#0"},"west":{"uv":[10.125,0.0,10.875,0.375],"tintindex":0,"rotation":0,"texture":"#0"},"up":{"uv":[5.25,5.125,5.625,4.375],"tintindex":0,"rotation":0,"texture":"#0"},"down":{"uv":[5.25,5.25,5.625,6.0],"tintindex":0,"rotation":0,"texture":"#0"}},"rotation":{"origin":[9.5,7.8635187,9.524914],"angle":22.5,"axis":"y"}},{"from":[6.5,6.3635187,6.5249143],"to":[6.5,9.363519,12.524914],"faces":{"east":{"uv":[10.875,0.0,10.125,0.375],"tintindex":0,"rotation":0,"texture":"#0"},"south":{"uv":[7.125,5.375,7.5,5.75],"tintindex":0,"rotation":0,"texture":"#0"},"north":{"uv":[7.125,4.875,7.5,5.25],"tintindex":0,"rotation":0,"texture":"#0"},"west":{"uv":[10.125,0.0,10.875,0.375],"tintindex":0,"rotation":0,"texture":"#0"},"up":{"uv":[5.625,5.125,5.25,4.375],"tintindex":0,"rotation":0,"texture":"#0"},"down":{"uv":[5.625,5.25,5.25,6.0],"tintindex":0,"rotation":0,"texture":"#0"}},"rotation":{"origin":[6.5,7.8635187,9.524914],"angle":-22.5,"axis":"y"}},{"from":[6.65,6.513519,6.6749144],"to":[9.35,9.213519,12.374914],"faces":{"east":{"uv":[3.5,5.25,4.25,5.625],"tintindex":0,"rotation":0,"texture":"#0"},"south":{"uv":[7.125,5.375,7.5,5.75],"tintindex":0,"rotation":0,"texture":"#0"},"north":{"uv":[7.125,4.875,7.5,5.25],"tintindex":0,"rotation":0,"texture":"#0"},"west":{"uv":[4.375,5.25,5.125,5.625],"tintindex":0,"rotation":0,"texture":"#0"},"up":{"uv":[5.625,5.125,5.25,4.375],"tintindex":0,"rotation":0,"texture":"#0"},"down":{"uv":[5.625,5.25,5.25,6.0],"tintindex":0,"rotation":0,"texture":"#0"}}}],"display":{"gui":{"rotation":[30,225,0]}}}