{"textures":{"0":"saigonmc_models:entity/cat5"},"elements":[{"from":[5.329322,6.5,6.0853977],"to":[5.329322,9.5,11.085399],"faces":{"east":{"uv":[4.875,6.125,5.5,6.5],"tintindex":0,"rotation":0,"texture":"#0"},"west":{"uv":[6.25,2.125,6.875,2.5],"tintindex":0,"rotation":0,"texture":"#0"}},"rotation":{"origin":[6.1293216,8.0,9.985398],"angle":-22.5,"axis":"y"}},{"from":[6.5,6.5,7.0],"to":[9.5,9.5,12.000001],"faces":{"east":{"uv":[5.75,5.75,6.375,6.125],"tintindex":0,"rotation":0,"texture":"#0"},"south":{"uv":[1.0,7.25,1.375,7.625],"tintindex":0,"rotation":0,"texture":"#0"},"north":{"uv":[7.125,6.875,7.5,7.25],"tintindex":0,"rotation":0,"texture":"#0"},"west":{"uv":[5.875,3.375,6.5,3.75],"tintindex":0,"rotation":0,"texture":"#0"},"up":{"uv":[0.875,6.625,0.5,6.0],"tintindex":0,"rotation":0,"texture":"#0"},"down":{"uv":[6.375,0.875,6.0,1.5],"tintindex":0,"rotation":0,"texture":"#0"}}},{"from":[10.670678,6.5,6.0853977],"to":[10.670678,9.5,11.085399],"faces":{"east":{"uv":[2.5,6.25,3.125,6.625],"tintindex":0,"rotation":0,"texture":"#0"},"west":{"uv":[6.25,2.625,6.875,3.0],"tintindex":0,"rotation":0,"texture":"#0"}},"rotation":{"origin":[9.870678,8.0,9.985398],"angle":22.5,"axis":"y"}},{"from":[6.5,5.0464272,7.307604],"to":[9.5,5.0464272,12.307605],"faces":{"east":{"uv":[5.75,5.75,6.375,6.125],"tintindex":0,"rotation":0,"texture":"#0"},"south":{"uv":[1.0,7.25,1.375,7.625],"tintindex":0,"rotation":0,"texture":"#0"},"north":{"uv":[7.125,6.875,7.5,7.25],"tintindex":0,"rotation":0,"texture":"#0"},"west":{"uv":[5.875,3.375,6.5,3.75],"tintindex":0,"rotation":0,"texture":"#0"},"up":{"uv":[8.875,0.625,8.5,0.0],"tintindex":0,"rotation":0,"texture":"#0"},"down":{"uv":[8.875,0.0,8.5,0.625],"tintindex":0,"rotation":0,"texture":"#0"}},"rotation":{"origin":[8.0,6.5464272,10.807605],"angle":22.5,"axis":"x"}},{"from":[9.3,6.5,9.0],"to":[9.3,9.5,14.000001],"faces":{"east":{"uv":[6.125,0.0,6.75,0.375],"tintindex":0,"rotation":0,"texture":"#0"},"west":{"uv":[1.75,6.125,2.375,6.5],"tintindex":0,"rotation":0,"texture":"#0"}},"rotation":{"origin":[9.5,8.0,9.5],"angle":22.5,"axis":"y"}},{"from":[6.5,9.599999,10.0],"to":[9.5,9.599999,13.000001],"faces":{"east":{"uv":[5.75,5.75,6.375,6.125],"tintindex":0,"rotation":0,"texture":"#0"},"south":{"uv":[1.0,7.25,1.375,7.625],"tintindex":0,"rotation":0,"texture":"#0"},"north":{"uv":[7.125,6.875,7.5,7.25],"tintindex":0,"rotation":0,"texture":"#0"},"west":{"uv":[5.875,3.375,6.5,3.75],"tintindex":0,"rotation":0,"texture":"#0"},"up":{"uv":[9.5,1.25,9.125,0.875],"tintindex":0,"rotation":0,"texture":"#0"},"down":{"uv":[9.5,0.875,9.125,1.25],"tintindex":0,"rotation":0,"texture":"#0"}},"rotation":{"origin":[8.0,8.0,10.500001],"angle":-22.5,"axis":"x"}},{"from":[6.7,6.5,9.0],"to":[6.7,9.5,14.000001],"faces":{"east":{"uv":[1.0,6.0,1.625,6.375],"tintindex":0,"rotation":0,"texture":"#0"},"west":{"uv":[6.0,1.625,6.625,2.0],"tintindex":0,"rotation":0,"texture":"#0"}},"rotation":{"origin":[6.5,8.0,9.5],"angle":-22.5,"axis":"y"}},{"from":[6.5,6.496427,10.807605],"to":[9.5,6.496427,15.807605],"faces":{"east":{"uv":[5.75,5.75,6.375,6.125],"tintindex":0,"rotation":0,"texture":"#0"},"south":{"uv":[1.0,7.25,1.375,7.625],"tintindex":0,"rotation":0,"texture":"#0"},"north":{"uv":[7.125,6.875,7.5,7.25],"tintindex":0,"rotation":0,"texture":"#0"},"west":{"uv":[5.875,3.375,6.5,3.75],"tintindex":0,"rotation":0,"texture":"#0"},"up":{"uv":[9.375,0.625,9.0,0.0],"tintindex":0,"rotation":0,"texture":"#0"},"down":{"uv":[9.375,0.0,9.0,0.625],"tintindex":0,"rotation":0,"texture":"#0"}},"rotation":{"origin":[8.0,6.5464272,10.807605],"angle":22.5,"axis":"x"}}],"display":{"gui":{"rotation":[30,225,0]}}}