{"textures":{"0":"saigonmc_models:entity/cat5"},"elements":[{"from":[6.5,5.237769,7.345664],"to":[9.5,5.237769,11.345664],"faces":{"up":{"uv":[0.875,7.25,0.5,6.75],"tintindex":0,"rotation":0,"texture":"#0"},"down":{"uv":[7.0,6.75,6.625,7.25],"tintindex":0,"rotation":0,"texture":"#0"}},"rotation":{"origin":[8.0,6.7377687,10.345664],"angle":22.5,"axis":"x"}},{"from":[5.675,6.5,8.8],"to":[5.675,9.5,12.8],"faces":{"east":{"uv":[3.125,6.75,3.625,7.125],"tintindex":0,"rotation":0,"texture":"#0"},"west":{"uv":[3.75,6.75,4.25,7.125],"tintindex":0,"rotation":0,"texture":"#0"}},"rotation":{"origin":[8.0,8.0,10.5],"angle":-22.5,"axis":"y"}},{"from":[10.325,6.5,8.8],"to":[10.325,9.5,12.8],"faces":{"east":{"uv":[5.375,6.75,5.875,7.125],"tintindex":0,"rotation":0,"texture":"#0"},"west":{"uv":[6.0,6.75,6.5,7.125],"tintindex":0,"rotation":0,"texture":"#0"}},"rotation":{"origin":[8.0,8.0,10.5],"angle":22.5,"axis":"y"}},{"from":[6.5,6.5,10.8],"to":[6.5,9.5,14.8],"faces":{"east":{"uv":[6.5,5.75,7.0,6.125],"tintindex":0,"rotation":0,"texture":"#0"},"west":{"uv":[4.75,6.625,5.25,7.0],"tintindex":0,"rotation":0,"texture":"#0"}},"rotation":{"origin":[8.0,8.0,10.5],"angle":-22.5,"axis":"y"}},{"from":[9.5,6.5,10.8],"to":[9.5,9.5,14.8],"faces":{"east":{"uv":[6.75,1.25,7.25,1.625],"tintindex":0,"rotation":0,"texture":"#0"},"west":{"uv":[2.5,6.75,3.0,7.125],"tintindex":0,"rotation":0,"texture":"#0"}},"rotation":{"origin":[8.0,8.0,10.5],"angle":22.5,"axis":"y"}},{"from":[6.5,6.5,7.0000005],"to":[9.5,9.5,13.0],"faces":{"east":{"uv":[5.375,2.375,6.125,2.75],"tintindex":0,"rotation":0,"texture":"#0"},"south":{"uv":[7.125,6.375,7.5,6.75],"tintindex":0,"rotation":0,"texture":"#0"},"north":{"uv":[7.125,5.875,7.5,6.25],"tintindex":0,"rotation":0,"texture":"#0"},"west":{"uv":[5.375,2.875,6.125,3.25],"tintindex":0,"rotation":0,"texture":"#0"},"up":{"uv":[5.75,4.125,5.375,3.375],"tintindex":0,"rotation":0,"texture":"#0"},"down":{"uv":[0.375,5.5,0.0,6.25],"tintindex":0,"rotation":0,"texture":"#0"}}},{"from":[6.5,9.8,10.0],"to":[9.5,9.8,13.0],"faces":{"east":{"uv":[5.375,2.375,6.125,2.75],"tintindex":0,"rotation":0,"texture":"#0"},"south":{"uv":[7.125,6.375,7.5,6.75],"tintindex":0,"rotation":0,"texture":"#0"},"north":{"uv":[7.125,5.875,7.5,6.25],"tintindex":0,"rotation":0,"texture":"#0"},"west":{"uv":[5.375,2.875,6.125,3.25],"tintindex":0,"rotation":0,"texture":"#0"},"up":{"uv":[8.875,1.125,8.5,0.75],"tintindex":0,"rotation":0,"texture":"#0"},"down":{"uv":[8.875,0.75,8.5,1.125],"tintindex":0,"rotation":0,"texture":"#0"}},"rotation":{"origin":[8.0,8.0,10.5],"angle":-22.5,"axis":"x"}},{"from":[6.5,6.337769,9.045664],"to":[9.5,6.337769,13.045664],"faces":{"up":{"uv":[7.375,0.5,7.0,0.0],"tintindex":0,"rotation":0,"texture":"#0"},"down":{"uv":[7.375,0.625,7.0,1.125],"tintindex":0,"rotation":0,"texture":"#0"}},"rotation":{"origin":[8.0,6.7377687,10.345664],"angle":22.5,"axis":"x"}}],"display":{"gui":{"rotation":[30,225,0]}}}