{"textures":{"0":"saigonmc_models:entity/cat2"},"elements":[{"from":[6.9500003,4.102094,6.854558],"to":[9.650001,8.802094,9.554558],"faces":{"east":{"uv":[2.5,8.75,3.25,10.0],"tintindex":0,"rotation":0,"texture":"#0"},"south":{"uv":[4.5,8.75,5.25,10.0],"tintindex":0,"rotation":0,"texture":"#0"},"north":{"uv":[8.0,7.25,8.75,8.5],"tintindex":0,"rotation":0,"texture":"#0"},"west":{"uv":[5.5,8.75,6.25,10.0],"tintindex":0,"rotation":0,"texture":"#0"},"up":{"uv":[0.75,11.5,0.0,10.75],"tintindex":0,"rotation":0,"texture":"#0"},"down":{"uv":[1.75,10.75,1.0,11.5],"tintindex":0,"rotation":0,"texture":"#0"}}}],"display":{"gui":{"rotation":[30,225,0]}}}