{"textures":{"0":"saigonmc_models:entity/cat2"},"elements":[{"from":[6.5,6.2506,6.2],"to":[9.5,8.2506,9.2],"faces":{"east":{"uv":[8.25,11.5,7.5,12.0],"tintindex":0,"rotation":0,"texture":"#0"},"south":{"uv":[7.25,11.5,6.5,12.0],"tintindex":0,"rotation":0,"texture":"#0"},"north":{"uv":[12.25,3.0,11.5,3.5],"tintindex":0,"rotation":0,"texture":"#0"},"west":{"uv":[12.25,3.75,11.5,4.25],"tintindex":0,"rotation":0,"texture":"#0"},"up":{"uv":[8.25,11.25,9.0,10.5],"tintindex":0,"rotation":0,"texture":"#0"},"down":{"uv":[9.25,10.5,10.0,11.25],"tintindex":0,"rotation":0,"texture":"#0"}}}],"display":{"gui":{"rotation":[30,225,0]}}}