{"textures":{"0":"saigonmc_models:entity/cat2"},"elements":[{"from":[6.5,6.2506,6.2],"to":[9.5,8.2506,9.2],"faces":{"east":{"uv":[11.5,3.75,12.25,4.25],"tintindex":0,"rotation":0,"texture":"#0"},"south":{"uv":[6.5,11.5,7.25,12.0],"tintindex":0,"rotation":0,"texture":"#0"},"north":{"uv":[11.5,3.0,12.25,3.5],"tintindex":0,"rotation":0,"texture":"#0"},"west":{"uv":[7.5,11.5,8.25,12.0],"tintindex":0,"rotation":0,"texture":"#0"},"up":{"uv":[9.0,11.25,8.25,10.5],"tintindex":0,"rotation":0,"texture":"#0"},"down":{"uv":[10.0,10.5,9.25,11.25],"tintindex":0,"rotation":0,"texture":"#0"}}}],"display":{"gui":{"rotation":[30,225,0]}}}