{"textures":{"0":"saigonmc_models:entity/cat2"},"elements":[{"from":[6.5,6.3106346,6.6784463],"to":[9.5,8.310635,9.678447],"faces":{"east":{"uv":[11.25,9.25,12.0,9.75],"tintindex":0,"rotation":0,"texture":"#0"},"south":{"uv":[11.25,10.0,12.0,10.5],"tintindex":0,"rotation":0,"texture":"#0"},"north":{"uv":[11.25,8.5,12.0,9.0],"tintindex":0,"rotation":0,"texture":"#0"},"west":{"uv":[10.75,11.25,11.5,11.75],"tintindex":0,"rotation":0,"texture":"#0"},"up":{"uv":[11.0,9.5,10.25,8.75],"tintindex":0,"rotation":0,"texture":"#0"},"down":{"uv":[11.0,9.75,10.25,10.5],"tintindex":0,"rotation":0,"texture":"#0"}}}],"display":{"gui":{"rotation":[30,225,0]}}}