{"textures":{"0":"saigonmc_models:entity/cat2"},"elements":[{"from":[6.5,6.3106346,6.6784463],"to":[9.5,8.310635,9.678447],"faces":{"east":{"uv":[4.5,11.25,5.25,11.75],"tintindex":0,"rotation":0,"texture":"#0"},"south":{"uv":[11.25,5.0,12.0,5.5],"tintindex":0,"rotation":0,"texture":"#0"},"north":{"uv":[2.5,11.25,3.25,11.75],"tintindex":0,"rotation":0,"texture":"#0"},"west":{"uv":[5.5,11.25,6.25,11.75],"tintindex":0,"rotation":0,"texture":"#0"},"up":{"uv":[3.25,11.0,2.5,10.25],"tintindex":0,"rotation":0,"texture":"#0"},"down":{"uv":[5.25,10.25,4.5,11.0],"tintindex":0,"rotation":0,"texture":"#0"}}}],"display":{"gui":{"rotation":[30,225,0]}}}