{"textures":{"0":"saigonmc_models:entity/cat2"},"elements":[{"from":[4.95,9.294306,3.5113516],"to":[4.95,10.294306,4.511351],"faces":{"east":{"uv":[7.25,12.25,7.5,12.5],"tintindex":0,"rotation":0,"texture":"#0"},"west":{"uv":[7.75,12.25,8.0,12.5],"tintindex":0,"rotation":0,"texture":"#0"}},"rotation":{"origin":[5.9495,9.594306,3.9623518],"angle":22.5,"axis":"x"}},{"from":[9.375,7.875,3.6499996],"to":[10.375,9.175,3.6499996],"faces":{"south":{"uv":[9.75,12.25,10.0,12.5],"tintindex":0,"rotation":0,"texture":"#0"},"north":{"uv":[12.25,9.5,12.5,9.75],"tintindex":0,"rotation":0,"texture":"#0"}}},{"from":[1.4727707,6.0650196,3.3500004],"to":[7.4727707,8.56502,3.3500004],"faces":{"south":{"uv":[9.25,1.0,7.75,1.75],"tintindex":0,"rotation":0,"texture":"#0"},"north":{"uv":[7.75,1.0,9.25,1.75],"tintindex":0,"rotation":0,"texture":"#0"}}},{"from":[11.05,9.294306,3.5113516],"to":[11.05,10.294306,4.511351],"faces":{"east":{"uv":[12.25,10.0,12.5,10.25],"tintindex":0,"rotation":0,"texture":"#0"},"west":{"uv":[12.25,12.0,12.5,12.25],"tintindex":0,"rotation":0,"texture":"#0"}},"rotation":{"origin":[10.0505,9.594306,3.9623518],"angle":22.5,"axis":"x"}},{"from":[5.0,5.7500005,3.75],"to":[11.0,11.75,9.75],"faces":{"east":{"uv":[4.25,0.0,5.75,1.5],"tintindex":0,"rotation":0,"texture":"#0"},"south":{"uv":[4.25,1.75,5.75,3.25],"tintindex":0,"rotation":0,"texture":"#0"},"north":{"uv":[0.0,3.0,1.5,4.5],"tintindex":0,"rotation":0,"texture":"#0"},"west":{"uv":[4.25,3.5,5.75,5.0],"tintindex":0,"rotation":0,"texture":"#0"},"up":{"uv":[1.5,6.25,0.0,4.75],"tintindex":0,"rotation":0,"texture":"#0"},"down":{"uv":[5.75,5.25,4.25,6.75],"tintindex":0,"rotation":0,"texture":"#0"}}},{"from":[9.125999,9.294306,3.512351],"to":[9.125999,10.294306,4.5123515],"faces":{"east":{"uv":[12.25,8.5,12.5,8.75],"tintindex":0,"rotation":0,"texture":"#0"},"west":{"uv":[8.75,12.25,9.0,12.5],"tintindex":0,"rotation":0,"texture":"#0"}},"rotation":{"origin":[10.0505,9.594306,3.9623518],"angle":22.5,"axis":"x"}},{"from":[5.525,8.875,3.625],"to":[5.925,9.275001,3.625],"faces":{"south":{"uv":[12.25,5.0,12.5,5.25],"tintindex":0,"rotation":0,"texture":"#0"},"north":{"uv":[6.5,8.75,6.75,9.0],"tintindex":0,"rotation":0,"texture":"#0"}}},{"from":[9.275,8.875,3.625],"to":[9.675,9.275001,3.625],"faces":{"south":{"uv":[9.25,12.25,9.5,12.5],"tintindex":0,"rotation":0,"texture":"#0"},"north":{"uv":[12.25,9.0,12.5,9.25],"tintindex":0,"rotation":0,"texture":"#0"}}},{"from":[8.170246,4.780703,3.5500002],"to":[14.170246,7.380703,3.5500002],"faces":{"south":{"uv":[7.5,5.25,9.0,6.0],"tintindex":0,"rotation":0,"texture":"#0"},"north":{"uv":[9.0,5.25,7.5,6.0],"tintindex":0,"rotation":0,"texture":"#0"}},"rotation":{"origin":[11.101113,6.6782565,3.4499998],"angle":-22.5,"axis":"z"}},{"from":[4.975,7.7500005,3.6750002],"to":[4.975,9.55,4.175],"faces":{"east":{"uv":[1.0,8.0,1.25,8.5],"tintindex":0,"rotation":0,"texture":"#0"},"west":{"uv":[9.75,8.75,10.0,9.25],"tintindex":0,"rotation":0,"texture":"#0"}}},{"from":[5.625,7.875,3.6499996],"to":[6.625,9.175,3.6499996],"faces":{"south":{"uv":[6.75,12.25,7.0,12.5],"tintindex":0,"rotation":0,"texture":"#0"},"north":{"uv":[6.25,12.25,6.5,12.5],"tintindex":0,"rotation":0,"texture":"#0"}}},{"from":[6.874,9.294306,3.512351],"to":[6.874,10.294306,4.5123515],"faces":{"east":{"uv":[12.25,8.0,12.5,8.25],"tintindex":0,"rotation":0,"texture":"#0"},"west":{"uv":[8.25,12.25,8.5,12.5],"tintindex":0,"rotation":0,"texture":"#0"}},"rotation":{"origin":[5.9495,9.594306,3.9623518],"angle":22.5,"axis":"x"}},{"from":[7.5,8.299001,2.6750002],"to":[8.5,8.299001,3.2749996],"faces":{"up":{"uv":[0.75,12.75,0.5,12.5],"tintindex":0,"rotation":0,"texture":"#0"},"down":{"uv":[12.75,0.5,12.5,0.75],"tintindex":0,"rotation":0,"texture":"#0"}}},{"from":[1.8297544,4.780703,3.5500002],"to":[7.8297544,7.380703,3.5500002],"faces":{"south":{"uv":[9.0,5.25,7.5,6.0],"tintindex":0,"rotation":0,"texture":"#0"},"north":{"uv":[7.5,5.25,9.0,6.0],"tintindex":0,"rotation":0,"texture":"#0"}},"rotation":{"origin":[4.8988867,6.6782565,3.4499998],"angle":22.5,"axis":"z"}},{"from":[4.975,7.7500005,3.6750002],"to":[6.775,9.55,3.6750002],"faces":{"south":{"uv":[0.75,11.75,1.25,12.25],"tintindex":0,"rotation":0,"texture":"#0"},"north":{"uv":[0.0,11.75,0.5,12.25],"tintindex":0,"rotation":0,"texture":"#0"}}},{"from":[9.125,9.294306,3.512351],"to":[11.05,10.294306,3.512351],"faces":{"south":{"uv":[12.0,6.25,12.5,6.5],"tintindex":0,"rotation":0,"texture":"#0"},"north":{"uv":[12.0,5.75,12.5,6.0],"tintindex":0,"rotation":0,"texture":"#0"}},"rotation":{"origin":[10.0505,9.594306,3.9623518],"angle":22.5,"axis":"x"}},{"from":[9.225,7.7500005,3.6750002],"to":[11.025,9.55,3.6750002],"faces":{"south":{"uv":[2.5,12.0,3.0,12.5],"tintindex":0,"rotation":0,"texture":"#0"},"north":{"uv":[11.75,11.25,12.25,11.75],"tintindex":0,"rotation":0,"texture":"#0"}}},{"from":[11.025,7.7500005,3.6750002],"to":[11.025,9.55,4.175],"faces":{"east":{"uv":[1.5,11.75,1.75,12.25],"tintindex":0,"rotation":0,"texture":"#0"},"west":{"uv":[10.75,12.0,11.0,12.5],"tintindex":0,"rotation":0,"texture":"#0"}}},{"from":[7.5,7.5000005,2.6750002],"to":[8.5,8.3,2.6750002],"faces":{"south":{"uv":[12.5,0.0,12.75,0.25],"tintindex":0,"rotation":0,"texture":"#0"},"north":{"uv":[0.0,12.5,0.25,12.75],"tintindex":0,"rotation":0,"texture":"#0"}}},{"from":[8.527229,6.0650196,3.3500004],"to":[14.527229,8.56502,3.3500004],"faces":{"south":{"uv":[7.75,1.0,9.25,1.75],"tintindex":0,"rotation":0,"texture":"#0"},"north":{"uv":[9.25,1.0,7.75,1.75],"tintindex":0,"rotation":0,"texture":"#0"}}},{"from":[4.95,9.294306,3.512351],"to":[6.875,10.294306,3.512351],"faces":{"south":{"uv":[5.5,12.0,6.0,12.25],"tintindex":0,"rotation":0,"texture":"#0"},"north":{"uv":[7.5,11.0,8.0,11.25],"tintindex":0,"rotation":0,"texture":"#0"}},"rotation":{"origin":[5.9495,9.594306,3.9623518],"angle":22.5,"axis":"x"}},{"from":[6.5,6.2500005,2.75],"to":[9.5,8.25,3.75],"faces":{"east":{"uv":[11.25,12.0,11.5,12.5],"tintindex":0,"rotation":0,"texture":"#0"},"south":{"uv":[11.0,6.0,11.75,6.5],"tintindex":0,"rotation":0,"texture":"#0"},"north":{"uv":[1.75,4.75,2.5,5.25],"tintindex":0,"rotation":0,"texture":"#0"},"west":{"uv":[11.75,12.0,12.0,12.5],"tintindex":0,"rotation":0,"texture":"#0"},"up":{"uv":[12.25,4.75,11.5,4.5],"tintindex":0,"rotation":0,"texture":"#0"},"down":{"uv":[5.25,12.0,4.5,12.25],"tintindex":0,"rotation":0,"texture":"#0"}}}],"display":{"gui":{"rotation":[30,225,0]}}}