{"textures":{"0":"saigonmc_models:entity/cat2"},"elements":[{"from":[6.85,6.85,7.35],"to":[9.15,9.15,13.65],"faces":{"east":{"uv":[8.0,8.75,9.5,9.25],"tintindex":0,"rotation":0,"texture":"#0"},"south":{"uv":[4.5,8.0,5.0,8.5],"tintindex":0,"rotation":0,"texture":"#0"},"north":{"uv":[5.25,7.0,5.75,7.5],"tintindex":0,"rotation":0,"texture":"#0"},"west":{"uv":[9.0,7.25,10.5,7.75],"tintindex":0,"rotation":0,"texture":"#0"},"up":{"uv":[1.5,10.5,1.0,9.0],"tintindex":0,"rotation":0,"texture":"#0"},"down":{"uv":[2.25,9.0,1.75,10.5],"tintindex":0,"rotation":0,"texture":"#0"}}}],"display":{"gui":{"rotation":[30,225,0]}}}