{"textures":{"0":"saigonmc_models:entity/cat2"},"elements":[{"from":[7.65,7.3500004,8.15],"to":[9.35,9.050001,12.850001],"faces":{"east":{"uv":[9.0,8.0,10.25,8.5],"tintindex":0,"rotation":0,"texture":"#0"},"south":{"uv":[9.25,11.5,9.75,12.0],"tintindex":0,"rotation":0,"texture":"#0"},"north":{"uv":[8.5,11.5,9.0,12.0],"tintindex":0,"rotation":0,"texture":"#0"},"west":{"uv":[9.5,6.25,10.75,6.75],"tintindex":0,"rotation":0,"texture":"#0"},"up":{"uv":[4.0,6.75,3.5,5.5],"tintindex":0,"rotation":0,"texture":"#0"},"down":{"uv":[8.0,9.5,7.5,10.75],"tintindex":0,"rotation":0,"texture":"#0"}}}],"display":{"gui":{"rotation":[30,225,0]}}}